 Id,X,Y,Slice
1,34.5,6.214,1
2,138.857,46,1
3,73.286,51.143,1
4,63,34.429,1
5,97.714,103.857,1
6,144,91,1
7,1.286,97.429,1
8,56.571,200.286,1
9,46.286,220.857,1
10,16.714,227.286,1
11,5.143,232.429,1
12,14.143,265.857,1
13,20.571,283.857,1
14,11.571,298,1
15,73.286,281.286,1
16,119.571,259.429,1
17,119.571,242.714,1
18,111.857,210.571,1
19,66.857,299.286,1
20,95.143,295.429,1
21,74.571,319.857,1
22,59.143,337.857,1
23,25.714,350.714,1
24,36,379,1
25,64.286,363.571,1
26,92.571,372.571,1
27,114.429,354.571,1
28,142.714,361,1
29,128.571,402.143,1
30,124.714,388,1
31,168.429,318.571,1
32,39.857,444.571,1
33,91.286,448.429,1
34,114.429,433,1
35,108,448.429,1
36,88.714,489.571,1
37,115.714,492.143,1
38,146.571,470.286,1
39,160.714,438.143,1
40,172.286,400.857,1
41,205.714,425.286,1
42,212.143,460,1
43,222.429,465.143,1
44,60.429,543.571,1
45,78.429,593.714,1
46,88.714,577,1
47,101.571,592.429,1
48,90,596.286,1
49,78.429,615.571,1
50,84.857,625.857,1
51,72,706.857,1
52,154.286,714.571,1
53,165.857,652.857,1
54,195.429,589.857,1
55,290.571,557.714,1
56,263.571,466.429,1
57,221.143,643.857,1
58,243,681.143,1
59,243,701.714,1
60,280.286,650.286,1
61,289.286,622,1
62,316.286,627.143,1
63,313.714,704.286,1
64,327.857,543.571,1
65,276.429,375.143,1
66,259.714,303.143,1
67,171,101.286,1
68,200.571,157.857,1
69,219.857,229.857,1
70,248.143,79.429,1
71,252,109,1
72,262.286,165.571,1
73,254.571,244,1
74,286.714,215.714,1
75,294.429,196.429,1
76,308.571,222.143,1
77,331.714,201.571,1
78,334.286,173.286,1
79,307.286,10,1
80,356.143,75.571,1
81,370.286,58.857,1
82,393.429,47.286,1
83,291.857,85.857,1
84,405,110.286,1
85,419.143,114.143,1
86,434.571,121.857,1
87,442.286,89.714,1
88,457.714,88.429,1
89,312.429,271,1
90,327.857,280,1
91,365.143,226,1
92,371.571,259.429,1
93,430.714,204.143,1
94,430.714,265.857,1
95,448.714,250.429,1
96,421.714,304.429,1
97,348.429,362.286,1
98,293.143,424,1
99,396,367.429,1
100,414,372.571,1
101,406.286,388,1
102,351,460,1
103,333,476.714,1
104,362.571,517.857,1
105,411.429,474.143,1
106,423,475.429,1
107,444.857,463.857,1
108,459,461.286,1
109,482.143,449.714,1
110,461.571,417.571,1
111,477,379,1
112,457.714,318.571,1
113,478.286,317.286,1
114,482.143,285.143,1
115,471.857,334,1
116,514.286,408.571,1
117,527.143,394.429,1
118,541.286,389.286,1
119,550.286,326.286,1
120,556.714,318.571,1
121,529.714,303.143,1
122,538.714,294.143,1
123,389.571,534.571,1
124,362.571,600.143,1
125,384.429,618.143,1
126,390.857,650.286,1
127,397.286,694,1
128,408.857,690.143,1
129,425.571,676,1
130,363.857,704.286,1
131,450,508.857,1
132,466.714,505,1
133,482.143,656.714,1
134,523.286,661.857,1
135,534.857,649,1
136,550.286,651.571,1
137,537.429,605.286,1
138,546.429,588.571,1
139,534.857,561.571,1
140,524.571,552.571,1
141,519.429,535.857,1
142,538.714,502.429,1
143,585,430.429,1
144,551.571,703,1
145,581.143,655.429,1
146,578.571,624.571,1
147,603,628.429,1
148,628.714,622,1
149,646.714,629.714,1
150,622.286,645.143,1
151,596.571,678.571,1
152,645.429,691.429,1
153,662.143,691.429,1
154,669.857,713.286,1
155,708.429,703,1
156,696.857,623.286,1
157,657,569.286,1
158,639,578.286,1
159,651.857,577,1
160,721.286,538.429,1
161,640.286,492.143,1
162,626.143,431.714,1
163,513,218.286,1
164,529.714,174.571,1
165,510.429,200.286,1
166,465.429,175.857,1
167,549,193.857,1
168,501.429,70.429,1
169,520.714,44.714,1
170,470.571,7.429,1
171,432,1,1
172,531,8.714,1
173,550.286,11.286,1
174,596.571,6.143,1
175,588.857,33.143,1
176,599.143,116.714,1
177,617.143,121.857,1
178,654.429,58.857,1
179,651.857,33.143,1
180,686.571,31.857,1
181,713.571,40.857,1
182,712.286,93.571,1
183,744.429,100,1
184,758.571,133.429,1
185,640.286,146.286,1
186,671.143,138.571,1
187,687.857,161.714,1
188,686.571,170.714,1
189,639,178.429,1
190,699.429,193.857,1
191,618.429,238.857,1
192,612,308.286,1
193,650.571,340.429,1
194,672.429,330.143,1
195,695.571,296.714,1
196,734.143,255.571,1
197,768.857,181,1
198,804.857,254.286,1
199,771.429,286.429,1
200,768.857,298,1
201,671.143,373.857,1
202,744.429,397,1
203,729,440.714,1
204,700.714,463.857,1
205,771.429,427.857,1
206,822.857,421.429,1
207,852.429,390.571,1
208,835.714,461.286,1
209,824.143,521.714,1
210,304.714,349.429,1
211,639,359.714,1
212,527.143,112.857,1
213,596.571,67.857,1
214,795.857,136,1
215,810,110.286,1
216,861.429,103.857,1
217,883.286,24.143,1
218,858.857,130.857,1
219,924.429,147.571,1
220,892.286,169.429,1
221,923.143,202.857,1
222,892.286,229.857,1
223,891,251.714,1
224,864,282.571,1
225,847.286,318.571,1
226,907.714,289,1
227,919.286,308.286,1
228,927,271,1
229,937.286,251.714,1
230,928.286,237.571,1
231,936,168.143,1
232,973.286,209.286,1
233,995.143,204.143,1
234,975.857,85.857,1
235,975.857,67.857,1
236,987.429,48.571,1
237,984.857,6.143,1
238,1056.857,46,1
239,1114.714,4.857,1
240,1188,119.286,1
241,1171.286,87.143,1
242,1216.286,85.857,1
243,1263.857,37,1
244,1185.429,61.429,1
245,1119.857,47.286,1
246,1099.286,70.429,1
247,1116,115.429,1
248,1081.286,130.857,1
249,1000.286,133.429,1
250,1089,177.143,1
251,1107,187.429,1
252,1221.429,173.286,1
253,1251,133.429,1
254,1269,222.143,1
255,1060.714,233.714,1
256,1050.429,215.714,1
257,1044,223.429,1
258,1035,244,1
259,1018.286,262,1
260,946.286,375.143,1
261,977.143,394.429,1
262,1015.714,399.571,1
263,1087.714,330.143,1
264,1132.714,282.571,1
265,1194.429,244,1
266,1172.572,210.571,1
267,1288.286,292.857,1
268,1280.572,346.857,1
269,1230.429,290.286,1
270,1267.714,381.571,1
271,1278,375.143,1
272,1212.429,375.143,1
273,1221.429,412.429,1
274,1161,385.429,1
275,1150.714,427.857,1
276,1182.857,435.571,1
277,1116,433,1
278,1172.572,470.286,1
279,1238.143,508.857,1
280,1248.429,471.571,1
281,1053,474.143,1
282,1159.714,524.286,1
283,1009.286,494.714,1
284,1014.429,523,1
285,968.143,485.714,1
286,978.429,484.429,1
287,905.143,544.857,1
288,966.857,591.143,1
289,960.429,610.429,1
290,919.286,650.286,1
291,945,676,1
292,897.429,641.286,1
293,887.143,627.143,1
294,838.286,611.714,1
295,792,582.143,1
296,770.143,595,1
297,842.143,679.857,1
298,933.429,687.571,1
299,1033.714,601.429,1
300,1064.572,604,1
301,1071,575.714,1
302,1100.572,618.143,1
303,1103.143,606.571,1
304,1182.857,586,1
305,1140.429,547.429,1
306,1080,687.571,1
307,1119.857,706.857,1
308,1141.714,654.143,1
309,1173.857,650.286,1
310,1181.572,690.143,1
311,1243.286,658,1
312,1227.857,714.571,1
313,32.143,2.286,2
314,140.143,46,2
315,145.286,89.714,2
316,182.571,105.143,2
317,252,100,2
318,252,80.714,2
319,79.714,58.857,2
320,64.286,43.429,2
321,59.143,202.857,2
322,42.429,222.143,2
323,14.143,228.571,2
324,3.857,238.857,2
325,24.429,282.571,2
326,11.571,301.857,2
327,77.143,277.429,2
328,118.286,247.857,2
329,75.857,323.714,2
330,68.143,299.286,2
331,65.571,337.857,2
332,21.857,353.286,2
333,37.286,382.857,2
334,52.714,358.429,2
335,92.571,366.143,2
336,111.857,355.857,2
337,142.714,363.571,2
338,164.571,314.714,2
339,132.429,402.143,2
340,127.286,385.429,2
341,111.857,436.857,2
342,115.714,453.571,2
343,87.429,445.857,2
344,38.571,448.429,2
345,88.714,487,2
346,0,489.571,2
347,115.714,490.857,2
348,141.429,469,2
349,155.571,439.429,2
350,171,402.143,2
351,65.571,542.286,2
352,79.714,593.714,2
353,87.429,579.571,2
354,96.429,591.143,2
355,75.857,615.571,2
356,87.429,627.143,2
357,68.143,705.571,2
358,168.429,647.714,2
359,151.714,723.571,2
360,190.286,588.571,2
361,228.857,641.286,2
362,244.286,681.143,2
363,279,654.143,2
364,280.286,628.429,2
365,288,622,2
366,317.571,705.571,2
367,313.714,627.143,2
368,361.286,596.286,2
369,383.143,622,2
370,383.143,651.571,2
371,393.429,686.286,2
372,416.571,688.857,2
373,374.143,701.714,2
374,285.429,562.857,2
375,258.429,463.857,2
376,221.143,474.143,2
377,204.429,469,2
378,267.429,373.857,2
379,253.286,307,2
380,253.286,245.286,2
381,203.143,154,2
382,217.286,233.714,2
383,293.143,209.286,2
384,298.286,199,2
385,308.571,209.286,2
386,304.714,222.143,2
387,334.286,206.714,2
388,336.857,166.857,2
389,309.857,272.286,2
390,322.714,289,2
391,367.714,249.143,2
392,367.714,229.857,2
393,329.143,538.429,2
394,389.571,543.571,2
395,366.429,511.429,2
396,334.286,478,2
397,352.286,456.143,2
398,356.143,435.571,2
399,347.143,366.143,2
400,306,349.429,2
401,356.143,80.714,2
402,365.143,58.857,2
403,387,52.429,2
404,307.286,12.571,2
405,403.714,109,2
406,421.714,109,2
407,430.714,119.286,2
408,426.857,206.714,2
409,470.571,177.143,2
410,446.143,244,2
411,435.857,260.714,2
412,397.286,368.714,2
413,394.714,389.286,2
414,457.714,412.429,2
415,424.286,303.143,2
416,452.571,313.429,2
417,482.143,287.714,2
418,479.571,313.429,2
419,473.143,330.143,2
420,479.571,376.429,2
421,486,445.857,2
422,465.429,461.286,2
423,437.143,467.714,2
424,429.429,472.857,2
425,405,478,2
426,448.714,503.714,2
427,470.571,506.286,2
428,523.286,534.571,2
429,531,552.571,2
430,540,561.571,2
431,480.857,655.429,2
432,528.429,663.143,2
433,541.286,643.857,2
434,541.286,602.714,2
435,573.429,623.286,2
436,583.714,651.571,2
437,550.286,699.143,2
438,597.857,681.143,2
439,613.286,631,2
440,628.714,622,2
441,630,645.143,2
442,630,660.571,2
443,648,686.286,2
444,662.143,692.714,2
445,673.714,717.143,2
446,717.429,703,2
447,689.143,623.286,2
448,659.571,560.286,2
449,645.429,571.857,2
450,628.714,574.429,2
451,633.857,494.714,2
452,624.857,435.571,2
453,578.571,430.429,2
454,546.429,389.286,2
455,529.714,398.286,2
456,522,398.286,2
457,520.714,406,2
458,537.429,304.429,2
459,534.857,296.714,2
460,561.857,316,2
461,552.857,323.714,2
462,507.857,217,2
463,506.571,199,2
464,543.857,195.143,2
465,532.286,174.571,2
466,456.429,82,2
467,443.571,16.429,2
468,492.429,70.429,2
469,525.857,37,2
470,528.429,10,2
471,595.286,6.143,2
472,592.714,29.286,2
473,555.429,10,2
474,527.143,118,2
475,588.857,61.429,2
476,599.143,116.714,2
477,615.857,123.143,2
478,650.571,58.857,2
479,657,38.286,2
480,713.571,40.857,2
481,689.143,31.857,2
482,709.714,93.571,2
483,740.571,102.571,2
484,785.571,132.143,2
485,753.429,132.143,2
486,671.143,136,2
487,642.857,146.286,2
488,636.429,173.286,2
489,689.143,163,2
490,690.429,173.286,2
491,696.857,188.714,2
492,619.714,242.714,2
493,610.714,312.143,2
494,654.429,346.857,2
495,640.286,359.714,2
496,677.571,372.571,2
497,666,334,2
498,695.571,296.714,2
499,735.429,254.286,2
500,775.286,282.571,2
501,765,301.857,2
502,808.714,254.286,2
503,775.286,178.429,2
504,744.429,395.714,2
505,734.143,430.429,2
506,698.143,460,2
507,712.286,538.429,2
508,767.571,593.714,2
509,793.286,586,2
510,830.571,519.143,2
511,839.571,458.714,2
512,817.714,417.571,2
513,772.714,424,2
514,853.714,390.571,2
515,844.714,313.429,2
516,864,280,2
517,864,101.286,2
518,860.143,128.286,2
519,891,164.286,2
520,924.429,148.857,2
521,883.286,28,2
522,925.714,200.286,2
523,930.857,240.143,2
524,925.714,278.714,2
525,915.429,282.571,2
526,916.714,307,2
527,891,254.286,2
528,951.429,372.571,2
529,977.143,393.143,2
530,942.429,467.714,2
531,965.571,487,2
532,977.143,484.429,2
533,1001.571,497.286,2
534,1019.571,529.429,2
535,897.429,546.143,2
536,969.429,586,2
537,1008,566.714,2
538,972,598.857,2
539,970.714,606.571,2
540,843.429,618.143,2
541,882,627.143,2
542,896.143,641.286,2
543,837,674.714,2
544,921.857,650.286,2
545,947.571,669.571,2
546,987.429,664.429,2
547,1038.857,600.143,2
548,1060.714,600.143,2
549,1067.143,580.857,2
550,1099.286,609.143,2
551,1056.857,470.286,2
552,1022.143,262,2
553,968.143,209.286,2
554,987.429,202.857,2
555,1038.857,246.571,2
556,1041.429,224.714,2
557,1047.857,222.143,2
558,1065.857,231.143,2
559,1000.286,136,2
560,974.571,66.571,2
561,974.571,84.571,2
562,986.143,49.857,2
563,987.429,15.143,2
564,1053,52.429,2
565,1103.143,69.143,2
566,1114.714,38.286,2
567,1172.571,89.714,2
568,1208.571,85.857,2
569,1188,116.714,2
570,1114.714,112.857,2
571,1078.714,127,2
572,1089,175.857,2
573,1109.571,193.857,2
574,1170,217,2
575,1189.286,238.857,2
576,1230.429,161.714,2
577,1247.143,128.286,2
578,1266.429,35.714,2
579,1281.857,200.286,2
580,1265.143,219.571,2
581,1226.571,285.143,2
582,294.429,426.571,2
583,259.714,175.857,2
584,95.143,110.286,2
585,113.143,217,2
586,201.857,418.857,2
587,1109.571,307,2
588,1135.286,286.429,2
589,1082.571,328.857,2
590,1158.429,384.143,2
591,1212.429,367.429,2
592,1265.143,380.286,2
593,1275.429,377.714,2
594,1278,352,2
595,1224,411.143,2
596,1191.857,434.286,2
597,1161,425.286,2
598,1119.857,430.429,2
599,1172.571,474.143,2
600,1233,510.143,2
601,1292.143,535.857,2
602,1293.429,564.143,2
603,1287,719.714,2
604,1242,663.143,2
605,1227.857,712,2
606,1176.429,679.857,2
607,1166.143,649,2
608,1179,588.571,2
609,1153.286,520.429,2
610,1145.571,539.714,2
611,1140.429,651.571,2
612,1083.857,688.857,2
613,1118.571,709.429,2
614,1244.571,469,2
615,1270.286,442,2
616,1019.571,399.571,2
617,900,231.143,2
618,808.714,112.857,2
619,545.929,585.786,2
620,540.786,503.5,2
621,422.5,678.357,2
622,1287.786,713.071,3
623,1241.5,668.071,3
624,1249.214,646.214,3
625,1231.214,517.643,3
626,1173.357,679.643,3
627,1177.214,581.929,3
628,1182.357,643.643,3
629,1227.357,713.071,3
630,1244.071,471.357,3
631,1268.5,434.071,3
632,1124.5,714.357,3
633,1151.5,692.5,3
634,1143.786,644.929,3
635,1082.071,686.071,3
636,1085.929,608.929,3
637,1101.357,608.929,3
638,1061.5,606.357,3
639,1038.357,607.643,3
640,1058.929,589.643,3
641,1013.929,533.071,3
642,1003.643,566.5,3
643,971.5,590.929,3
644,971.5,606.357,3
645,988.214,670.643,3
646,953.5,668.071,3
647,929.071,692.5,3
648,896.929,646.214,3
649,882.786,626.929,3
650,840.357,621.786,3
651,832.643,670.643,3
652,781.214,584.5,3
653,774.786,597.357,3
654,828.786,520.214,3
655,903.357,548.5,3
656,945.786,468.786,3
657,1008.786,497.071,3
658,967.643,495.786,3
659,974.071,484.214,3
660,1062.786,466.214,3
661,976.643,396.786,3
662,948.357,372.357,3
663,1118.071,426.357,3
664,1165.643,419.929,3
665,1157.929,381.357,3
666,1192.643,436.643,3
667,1226.071,405.786,3
668,1258.214,377.5,3
669,1272.357,374.929,3
670,1278.786,351.786,3
671,1177.214,472.643,3
672,1155.357,521.5,3
673,1147.643,543.357,3
674,1130.929,509.929,3
675,1219.643,291.357,3
676,1111.643,318.357,3
677,1082.071,329.929,3
678,1132.214,282.357,3
679,1188.786,243.786,3
680,1166.929,224.5,3
681,1267.214,214.214,3
682,1282.643,292.643,3
683,1280.071,197.5,3
684,1247.929,129.357,3
685,1174.643,88.214,3
686,1208.071,81.786,3
687,1193.929,115.214,3
688,1217.071,169.214,3
689,1204.214,126.786,3
690,1256.929,43.214,3
691,1118.071,4.643,3
692,1116.786,34.214,3
693,1114.214,104.929,3
694,1093.643,178.214,3
695,1082.071,135.786,3
696,1111.643,198.786,3
697,1069.214,233.5,3
698,1048.643,219.357,3
699,1046.071,224.5,3
700,1039.643,246.357,3
701,1021.643,259.214,3
702,983.071,202.643,3
703,970.214,210.357,3
704,925.214,205.214,3
705,926.5,238.643,3
706,935.5,283.643,3
707,922.643,278.5,3
708,998.5,135.786,3
709,974.071,81.786,3
710,971.5,71.5,3
711,990.786,52.214,3
712,1053.786,52.214,3
713,985.643,9.786,3
714,898.214,23.929,3
715,935.5,169.214,3
716,917.5,146.071,3
717,887.929,169.214,3
718,895.643,237.357,3
719,884.071,254.071,3
720,866.071,282.357,3
721,845.5,310.643,3
722,913.643,318.357,3
723,853.214,396.786,3
724,839.071,450.786,3
725,815.929,417.357,3
726,742.643,394.214,3
727,763.214,300.357,3
728,776.071,287.5,3
729,805.643,256.643,3
730,854.5,128.071,3
731,863.5,107.5,3
732,777.357,62.5,3
733,806.929,120.357,3
734,781.214,129.357,3
735,773.5,179.5,3
736,732.357,242.5,3
737,705.357,232.214,3
738,697.643,194.929,3
739,684.786,176.929,3
740,688.643,164.071,3
741,742.643,101.071,3
742,705.357,104.929,3
743,716.929,39.357,3
744,653.929,39.357,3
745,653.929,65.071,3
746,592.214,8.5,3
747,592.214,31.643,3
748,587.071,68.929,3
749,661.643,139.643,3
750,642.357,147.357,3
751,619.214,120.357,3
752,596.071,124.214,3
753,643.643,173.071,3
754,617.929,239.929,3
755,608.929,317.071,3
756,664.214,324.786,3
757,687.357,293.929,3
758,650.071,335.071,3
759,674.5,373.643,3
760,646.214,356.929,3
761,770.929,430.214,3
762,741.357,427.643,3
763,693.786,462.357,3
764,1015.214,398.071,3
765,713.071,539.5,3
766,688.643,625.643,3
767,749.071,698.929,3
768,707.929,704.071,3
769,666.786,715.643,3
770,665.5,695.071,3
771,644.929,683.5,3
772,633.357,652.643,3
773,630.786,646.214,3
774,628.214,616.643,3
775,630.786,574.214,3
776,644.929,565.214,3
777,659.071,562.643,3
778,638.5,490.643,3
779,608.929,637.214,3
780,580.643,648.786,3
781,594.786,678.357,3
782,579.357,623.071,3
783,561.357,652.643,3
784,539.5,653.929,3
785,542.071,702.786,3
786,482.929,664.214,3
787,521.5,657.786,3
788,521.5,642.357,3
789,538.214,557.5,3
790,524.071,547.214,3
791,512.5,535.643,3
792,538.214,583.214,3
793,620.5,437.929,3
794,566.5,436.643,3
795,538.214,504.786,3
796,476.5,516.357,3
797,458.5,506.071,3
798,461.071,461.071,3
799,481.643,448.214,3
800,430.214,467.5,3
801,516.357,418.643,3
802,524.071,398.071,3
803,531.786,398.071,3
804,548.5,398.071,3
805,562.643,317.071,3
806,534.357,306.786,3
807,480.357,284.929,3
808,543.357,194.929,3
809,525.357,176.929,3
810,515.071,216.786,3
811,472.643,179.5,3
812,448.214,138.357,3
813,506.071,201.357,3
814,427.643,113.929,3
815,408.357,111.357,3
816,450.786,86.929,3
817,526.643,120.357,3
818,493.214,74.071,3
819,524.071,41.929,3
820,524.071,8.5,3
821,548.5,12.357,3
822,449.5,18.786,3
823,439.214,9.786,3
824,390.357,50.929,3
825,363.357,67.643,3
826,356.929,84.357,3
827,427.643,203.929,3
828,437.929,243.786,3
829,435.357,261.786,3
830,452.071,309.357,3
831,476.5,319.643,3
832,416.071,302.929,3
833,476.5,383.929,3
834,477.786,371.071,3
835,458.5,412.214,3
836,412.214,382.643,3
837,392.929,364.643,3
838,392.929,383.929,3
839,346.643,365.929,3
840,350.5,452.071,3
841,444.357,499.643,3
842,386.5,540.786,3
843,356.929,508.643,3
844,326.071,547.214,3
845,332.5,480.357,3
846,359.5,596.071,3
847,386.5,619.214,3
848,390.357,655.214,3
849,391.643,680.929,3
850,419.929,677.071,3
851,414.786,695.071,3
852,364.643,705.357,3
853,309.357,701.5,3
854,237.357,713.071,3
855,233.5,686.071,3
856,225.786,637.214,3
857,279.786,650.071,3
858,286.214,633.357,3
859,292.643,621.786,3
860,311.929,626.929,3
861,288.786,558.786,3
862,254.071,468.786,3
863,268.214,374.929,3
864,288.786,427.643,3
865,313.214,347.929,3
866,333.786,288.786,3
867,306.786,266.929,3
868,237.357,302.929,3
869,250.214,256.643,3
870,219.357,234.786,3
871,211.643,203.929,3
872,194.929,155.071,3
873,238.643,98.5,3
874,248.929,74.071,3
875,287.5,194.929,3
876,288.786,206.5,3
877,302.929,205.214,3
878,301.643,230.929,3
879,324.786,170.5,3
880,364.643,247.643,3
881,378.786,255.357,3
882,383.929,188.5,3
883,182.071,104.929,3
884,139.643,50.929,3
885,77.929,65.071,3
886,61.214,48.357,3
887,18.786,3.357,3
888,47.071,200.071,3
889,47.071,221.929,3
890,83.071,284.929,3
891,115.214,248.929,3
892,74.071,317.071,3
893,56.071,341.5,3
894,12.357,299.071,3
895,18.786,286.214,3
896,8.5,233.5,3
897,14.929,256.643,3
898,0.786,104.929,3
899,84.357,108.786,3
900,161.5,310.643,3
901,135.786,360.786,3
902,103.643,356.929,3
903,85.643,365.929,3
904,35.5,381.357,3
905,21.357,354.357,3
906,125.5,403.214,3
907,124.214,387.786,3
908,166.643,398.071,3
909,202.643,419.929,3
910,201.357,472.643,3
911,161.5,439.214,3
912,144.786,464.929,3
913,119.071,489.357,3
914,120.357,450.786,3
915,40.643,449.5,3
916,86.929,444.357,3
917,108.786,434.071,3
918,70.214,486.786,3
919,58.643,536.929,3
920,80.5,597.357,3
921,0.786,488.071,3
922,89.5,576.786,3
923,98.5,593.5,3
924,86.929,589.643,3
925,88.214,628.214,3
926,80.5,616.643,3
927,70.214,702.786,3
928,180.786,659.071,3
929,161.5,651.357,3
930,162.786,720.786,3
931,191.071,585.786,3
932,183.357,570.357,3
933,25.214,3.357,4
934,63.786,44.5,4
935,92.071,63.786,4
936,0.786,101.071,4
937,88.214,103.643,4
938,144.786,72.786,4
939,133.214,41.929,4
940,189.786,0.786,4
941,178.214,95.929,4
942,241.214,72.786,4
943,236.071,97.214,4
944,200.071,152.5,4
945,207.786,166.643,4
946,66.357,193.643,4
947,40.643,221.929,4
948,8.5,223.214,4
949,112.643,211.643,4
950,116.5,250.214,4
951,5.929,234.786,4
952,129.357,260.5,4
953,86.929,278.5,4
954,75.357,284.929,4
955,67.643,302.929,4
956,71.5,318.357,4
957,70.214,341.5,4
958,34.214,281.071,4
959,11.071,302.929,4
960,66.357,333.786,4
961,23.929,347.929,4
962,59.929,356.929,4
963,39.357,377.5,4
964,89.5,363.357,4
965,106.214,359.5,4
966,139.643,351.786,4
967,120.357,389.071,4
968,131.929,403.214,4
969,36.786,444.357,4
970,0.786,488.071,4
971,86.929,441.786,4
972,107.5,437.929,4
973,119.071,446.929,4
974,158.929,439.214,4
975,173.071,401.929,4
976,143.5,471.357,4
977,200.071,466.214,4
978,111.357,490.643,4
979,56.071,538.214,4
980,74.071,592.214,4
981,86.929,579.357,4
982,94.643,594.786,4
983,85.643,594.786,4
984,76.643,619.214,4
985,83.071,629.5,4
986,71.5,698.929,4
987,166.643,651.357,4
988,176.929,659.071,4
989,194.929,585.786,4
990,233.5,635.929,4
991,233.5,691.214,4
992,241.214,713.071,4
993,279.786,651.357,4
994,290.071,635.929,4
995,290.071,621.786,4
996,311.929,625.643,4
997,313.214,700.214,4
998,365.929,704.071,4
999,396.786,689.929,4
1000,421.214,678.357,4
1001,416.071,697.643,4
1002,390.357,652.643,4
1003,383.929,617.929,4
1004,354.357,598.643,4
1005,327.357,543.357,4
1006,282.357,562.643,4
1007,282.357,530.5,4
1008,183.357,567.786,4
1009,259.214,472.643,4
1010,203.929,419.929,4
1011,167.929,314.5,4
1012,214.214,221.929,4
1013,264.357,175.643,4
1014,295.214,198.786,4
1015,305.5,211.643,4
1016,305.5,225.786,4
1017,246.357,248.929,4
1018,250.214,305.5,4
1019,264.357,377.5,4
1020,318.357,269.5,4
1021,331.214,281.071,4
1022,347.929,372.357,4
1023,306.786,347.929,4
1024,354.357,445.643,4
1025,336.357,473.929,4
1026,320.929,476.5,4
1027,367.214,515.071,4
1028,407.071,477.786,4
1029,439.214,466.214,4
1030,459.786,454.643,4
1031,457.214,404.5,4
1032,394.214,365.929,4
1033,394.214,380.071,4
1034,405.786,377.5,4
1035,443.071,498.357,4
1036,449.5,506.071,4
1037,476.5,516.357,4
1038,512.5,536.929,4
1039,538.214,512.5,4
1040,544.643,557.5,4
1041,536.929,588.357,4
1042,536.929,612.786,4
1043,524.071,643.643,4
1044,521.5,657.786,4
1045,495.786,664.214,4
1046,521.5,666.786,4
1047,544.643,643.643,4
1048,562.643,655.214,4
1049,580.643,623.071,4
1050,579.357,648.786,4
1051,602.5,635.929,4
1052,620.5,623.071,4
1053,637.214,616.643,4
1054,637.214,630.786,4
1055,629.5,650.071,4
1056,629.5,650.071,4
1057,670.643,635.929,4
1058,698.929,617.929,4
1059,644.929,679.643,4
1060,593.5,669.357,4
1061,545.929,695.071,4
1062,666.786,715.643,4
1063,664.214,693.786,4
1064,706.643,704.071,4
1065,751.643,722.071,4
1066,644.929,565.214,4
1067,629.5,570.357,4
1068,657.786,556.214,4
1069,715.643,544.643,4
1070,643.643,491.929,4
1071,624.357,439.214,4
1072,572.929,436.643,4
1073,522.786,419.929,4
1074,479.071,446.929,4
1075,481.643,377.5,4
1076,538.214,400.643,4
1077,526.643,408.357,4
1078,545.929,392.929,4
1079,476.5,313.214,4
1080,455.929,308.071,4
1081,434.071,259.214,4
1082,380.071,254.071,4
1083,413.5,251.5,4
1084,446.929,252.786,4
1085,430.214,212.929,4
1086,331.214,167.929,4
1087,362.071,88.214,4
1088,365.929,61.214,4
1089,391.643,47.071,4
1090,398.071,11.071,4
1091,299.071,12.357,4
1092,440.5,9.786,4
1093,445.643,22.643,4
1094,477.786,14.929,4
1095,522.786,8.5,4
1096,551.071,12.357,4
1097,596.071,0.786,4
1098,589.643,25.214,4
1099,524.071,49.643,4
1100,490.643,74.071,4
1101,453.357,85.643,4
1102,440.5,94.643,4
1103,418.643,95.929,4
1104,430.214,106.214,4
1105,416.071,115.214,4
1106,410.929,108.786,4
1107,448.214,138.357,4
1108,479.071,182.071,4
1109,499.643,198.786,4
1110,527.929,179.5,4
1111,540.786,188.5,4
1112,520.214,215.5,4
1113,488.071,282.357,4
1114,539.5,301.643,4
1115,551.071,328.643,4
1116,557.5,318.357,4
1117,610.214,314.5,4
1118,652.643,338.929,4
1119,657.786,326.071,4
1120,688.643,292.643,4
1121,611.5,238.643,4
1122,644.929,350.5,4
1123,673.214,371.071,4
1124,692.5,463.643,4
1125,736.214,434.071,4
1126,747.786,391.643,4
1127,763.214,428.929,4
1128,782.5,580.643,4
1129,774.786,594.786,4
1130,827.5,520.214,4
1131,842.929,446.929,4
1132,813.357,414.786,4
1133,855.786,392.929,4
1134,836.5,623.071,4
1135,828.786,675.786,4
1136,881.5,619.214,4
1137,896.929,648.786,4
1138,902.071,548.5,4
1139,972.786,602.5,4
1140,972.786,589.643,4
1141,956.071,678.357,4
1142,927.786,695.071,4
1143,913.643,642.357,4
1144,981.786,670.643,4
1145,976.643,486.786,4
1146,949.643,473.929,4
1147,974.071,394.214,4
1148,950.929,368.5,4
1149,1020.357,533.071,4
1150,1002.357,567.786,4
1151,1038.357,605.071,4
1152,1060.214,597.357,4
1153,1067.929,592.214,4
1154,1098.786,612.786,4
1155,1079.5,687.357,4
1156,1120.643,713.071,4
1157,1154.071,692.5,4
1158,1177.214,675.786,4
1159,1139.929,646.214,4
1160,1164.357,643.643,4
1161,1190.071,643.643,4
1162,1229.929,711.786,4
1163,1246.643,671.929,4
1164,1254.357,650.071,4
1165,1286.5,716.929,4
1166,1174.643,581.929,4
1167,1146.357,543.357,4
1168,1160.5,520.214,4
1169,1129.643,504.786,4
1170,1065.357,464.929,4
1171,1232.5,517.643,4
1172,1183.643,480.357,4
1173,1196.5,427.643,4
1174,1168.214,425.071,4
1175,1123.214,423.786,4
1176,1264.643,373.643,4
1177,1215.786,410.929,4
1178,1024.214,260.5,4
1179,1031.929,247.643,4
1180,1044.786,221.929,4
1181,1048.643,214.214,4
1182,980.5,200.071,4
1183,963.786,206.5,4
1184,921.357,200.071,4
1185,922.643,147.357,4
1186,891.786,170.5,4
1187,938.071,166.643,4
1188,918.786,237.357,4
1189,925.214,233.5,4
1190,943.214,281.071,4
1191,913.643,273.357,4
1192,899.5,245.071,4
1193,886.643,251.5,4
1194,873.786,284.929,4
1195,839.071,310.643,4
1196,776.071,281.071,4
1197,761.929,300.357,4
1198,808.214,252.786,4
1199,733.643,237.357,4
1200,696.357,233.5,4
1201,691.214,197.5,4
1202,680.929,182.071,4
1203,647.5,171.786,4
1204,644.929,152.5,4
1205,650.071,140.929,4
1206,625.643,115.214,4
1207,598.643,125.5,4
1208,583.214,66.357,4
1209,653.929,61.214,4
1210,648.786,35.5,4
1211,680.929,48.357,4
1212,716.929,38.071,4
1213,711.786,106.214,4
1214,738.786,94.643,4
1215,693.786,156.357,4
1216,751.643,137.071,4
1217,788.929,130.643,4
1218,799.214,122.929,4
1219,769.643,169.214,4
1220,859.643,124.214,4
1221,864.786,101.071,4
1222,884.071,23.929,4
1223,981.786,7.214,4
1224,994.643,50.929,4
1225,975.357,68.929,4
1226,971.5,83.071,4
1227,992.071,138.357,4
1228,1047.357,41.929,4
1229,1075.643,133.214,4
1230,1103.929,104.929,4
1231,1103.929,61.214,4
1232,1116.786,30.357,4
1233,1119.357,0.786,4
1234,1172.071,85.643,4
1235,1191.357,70.214,4
1236,1208.071,79.214,4
1237,1259.5,36.786,4
1238,1188.786,108.786,4
1239,1205.5,130.643,4
1240,1247.929,133.214,4
1241,1209.357,164.071,4
1242,1268.5,211.643,4
1243,1285.214,196.214,4
1244,1286.5,299.071,4
1245,1224.786,288.786,4
1246,1190.071,238.643,4
1247,1111.643,197.5,4
1248,1083.357,178.214,4
1249,1132.214,284.929,4
1250,1110.357,320.929,4
1251,1074.357,324.786,4
1252,1160.5,383.929,4
1253,1258.214,435.357,4
1254,1240.214,472.643,4
1255,1208.071,368.5,4
1256,1285.214,554.929,4
1257,913.643,318.357,4
1258,525.357,117.786,4
1259,23.929,12.357,5
1260,2.071,99.786,5
1261,62.5,39.357,5
1262,81.786,65.071,5
1263,89.5,99.786,5
1264,131.929,47.071,5
1265,137.071,75.357,5
1266,180.786,0.786,5
1267,175.643,95.929,5
1268,237.357,71.5,5
1269,234.786,104.929,5
1270,296.5,12.357,5
1271,327.357,5.929,5
1272,282.357,36.786,5
1273,369.786,67.643,5
1274,368.5,79.214,5
1275,399.357,44.5,5
1276,403.214,16.214,5
1277,440.5,5.929,5
1278,446.929,27.786,5
1279,479.071,16.214,5
1280,525.357,7.214,5
1281,556.214,11.071,5
1282,593.5,3.357,5
1283,588.357,25.214,5
1284,522.786,49.643,5
1285,493.214,72.786,5
1286,453.357,81.786,5
1287,435.357,95.929,5
1288,414.786,97.214,5
1289,401.929,104.929,5
1290,428.929,116.5,5
1291,449.5,140.929,5
1292,529.214,111.357,5
1293,588.357,79.214,5
1294,656.5,63.786,5
1295,651.357,32.929,5
1296,678.357,39.357,5
1297,714.357,38.071,5
1298,745.214,93.357,5
1299,714.357,101.071,5
1300,625.643,121.643,5
1301,601.214,126.786,5
1302,652.643,137.071,5
1303,639.786,146.071,5
1304,639.786,169.214,5
1305,695.071,161.5,5
1306,689.929,178.214,5
1307,698.929,197.5,5
1308,750.357,130.643,5
1309,781.214,126.786,5
1310,767.071,175.643,5
1311,860.929,120.357,5
1312,860.929,111.357,5
1313,898.214,22.643,5
1314,988.214,4.643,5
1315,968.929,75.357,5
1316,971.5,85.643,5
1317,992.071,53.5,5
1318,1055.071,40.643,5
1319,1102.643,65.071,5
1320,1115.5,25.214,5
1321,1165.643,83.071,5
1322,1215.786,85.643,5
1323,1259.5,31.643,5
1324,1191.357,102.357,5
1325,1202.929,134.5,5
1326,1202.929,76.643,5
1327,1247.929,135.786,5
1328,1202.929,155.071,5
1329,1213.214,165.357,5
1330,1263.357,214.214,5
1331,1282.643,193.643,5
1332,1101.357,107.5,5
1333,1075.643,138.357,5
1334,1089.786,173.071,5
1335,1118.071,189.786,5
1336,1159.214,220.643,5
1337,1190.071,234.786,5
1338,1220.929,291.357,5
1339,1286.5,296.5,5
1340,992.071,140.929,5
1341,920.071,143.5,5
1342,920.071,160.214,5
1343,912.357,90.786,5
1344,970.214,198.786,5
1345,962.5,214.214,5
1346,925.214,201.357,5
1347,893.071,174.357,5
1348,806.929,122.929,5
1349,1047.357,218.071,5
1350,1042.214,219.357,5
1351,1058.929,236.071,5
1352,1038.357,247.643,5
1353,1028.071,255.357,5
1354,1125.786,284.929,5
1355,1102.643,313.214,5
1356,1074.357,322.214,5
1357,1271.071,372.357,5
1358,1280.071,354.357,5
1359,1213.214,368.5,5
1360,1156.643,383.929,5
1361,1192.643,423.786,5
1362,1220.929,407.071,5
1363,1165.643,417.357,5
1364,1123.214,425.071,5
1365,1260.786,434.071,5
1366,1241.5,471.357,5
1367,1182.357,464.929,5
1368,1130.929,507.357,5
1369,1156.643,517.643,5
1370,1232.5,518.929,5
1371,1289.071,553.643,5
1372,1174.643,585.786,5
1373,1151.5,548.5,5
1374,1246.643,670.643,5
1375,1251.786,644.929,5
1376,1282.643,711.786,5
1377,1222.214,709.214,5
1378,1178.5,670.643,5
1379,1157.929,647.5,5
1380,1138.643,646.214,5
1381,1124.5,714.357,5
1382,1076.929,684.786,5
1383,1101.357,605.071,5
1384,1069.214,581.929,5
1385,1061.5,593.5,5
1386,1031.929,597.357,5
1387,1062.786,470.071,5
1388,998.5,572.929,5
1389,972.786,596.071,5
1390,963.786,601.214,5
1391,1012.643,534.357,5
1392,1006.214,498.357,5
1393,974.071,481.643,5
1394,974.071,489.357,5
1395,976.643,391.643,5
1396,1016.5,399.357,5
1397,908.5,317.071,5
1398,943.214,278.5,5
1399,922.643,245.071,5
1400,923.929,233.5,5
1401,904.643,236.071,5
1402,885.357,252.786,5
1403,902.071,268.214,5
1404,869.929,290.071,5
1405,851.929,314.5,5
1406,851.929,390.357,5
1407,958.643,360.786,5
1408,948.357,477.786,5
1409,844.214,440.5,5
1410,824.929,515.071,5
1411,908.5,549.786,5
1412,876.357,615.357,5
1413,832.643,629.5,5
1414,835.214,678.357,5
1415,895.643,651.357,5
1416,911.071,642.357,5
1417,949.643,683.5,5
1418,984.357,671.929,5
1419,1061.5,527.929,5
1420,777.357,286.214,5
1421,805.643,247.643,5
1422,733.643,234.786,5
1423,693.786,287.5,5
1424,655.214,322.214,5
1425,651.357,335.071,5
1426,671.929,372.357,5
1427,752.929,387.786,5
1428,769.643,430.214,5
1429,813.357,405.786,5
1430,761.929,296.5,5
1431,689.929,234.786,5
1432,701.5,233.5,5
1433,741.357,436.643,5
1434,692.5,468.786,5
1435,714.357,543.357,5
1436,781.214,601.214,5
1437,781.214,579.357,5
1438,665.5,552.357,5
1439,653.929,563.929,5
1440,634.643,563.929,5
1441,668.071,638.5,5
1442,689.929,624.357,5
1443,747.786,727.214,5
1444,709.214,706.643,5
1445,743.929,698.929,5
1446,1129.643,443.071,5
1447,639.786,355.643,5
1448,607.643,314.5,5
1449,614.071,239.929,5
1450,543.357,188.5,5
1451,524.071,171.786,5
1452,477.786,179.5,5
1453,428.929,210.357,5
1454,503.5,201.357,5
1455,516.357,214.214,5
1456,491.929,290.071,5
1457,561.357,314.5,5
1458,545.929,323.5,5
1459,531.786,308.071,5
1460,533.071,288.786,5
1461,544.643,378.786,5
1462,526.643,401.929,5
1463,518.929,414.786,5
1464,619.214,434.071,5
1465,574.214,437.929,5
1466,638.5,490.643,5
1467,538.214,506.071,5
1468,596.071,522.786,5
1469,624.357,623.071,5
1470,635.929,624.357,5
1471,656.5,626.929,5
1472,625.643,646.214,5
1473,641.071,684.786,5
1474,668.071,697.643,5
1475,675.786,722.071,5
1476,592.214,673.214,5
1477,583.214,638.5,5
1478,575.5,623.071,5
1479,602.5,625.643,5
1480,601.214,641.071,5
1481,562.643,650.071,5
1482,543.357,646.214,5
1483,517.643,641.071,5
1484,491.929,657.786,5
1485,524.071,657.786,5
1486,540.786,701.5,5
1487,533.071,611.5,5
1488,535.643,589.643,5
1489,542.071,563.929,5
1490,525.357,540.786,5
1491,513.786,540.786,5
1492,455.929,508.643,5
1493,452.071,502.214,5
1494,441.786,490.643,5
1495,416.071,480.357,5
1496,435.357,466.214,5
1497,459.786,457.214,5
1498,475.214,441.786,5
1499,462.357,403.214,5
1500,481.643,374.929,5
1501,500.929,394.214,5
1502,473.929,305.5,5
1503,473.929,324.786,5
1504,449.5,302.929,5
1505,434.071,250.214,5
1506,425.071,270.786,5
1507,382.643,251.5,5
1508,396.786,364.643,5
1509,412.214,374.929,5
1510,347.929,369.786,5
1511,308.071,349.214,5
1512,255.357,381.357,5
1513,318.357,260.5,5
1514,305.5,225.786,5
1515,309.357,214.214,5
1516,296.5,200.071,5
1517,336.357,162.786,5
1518,342.786,203.929,5
1519,371.071,232.214,5
1520,364.643,242.5,5
1521,331.214,290.071,5
1522,250.214,251.5,5
1523,265.643,176.929,5
1524,200.071,155.071,5
1525,200.071,166.643,5
1526,207.786,209.071,5
1527,211.643,225.786,5
1528,423.786,301.643,5
1529,246.357,305.5,5
1530,351.786,443.071,5
1531,332.5,471.357,5
1532,323.5,477.786,5
1533,282.357,427.643,5
1534,355.643,515.071,5
1535,396.786,536.929,5
1536,329.929,539.5,5
1537,288.786,558.786,5
1538,264.357,468.786,5
1539,358.214,601.214,5
1540,391.643,616.643,5
1541,390.357,662.929,5
1542,398.071,684.786,5
1543,414.786,674.5,5
1544,419.929,700.214,5
1545,310.643,696.357,5
1546,372.357,709.214,5
1547,311.929,624.357,5
1548,282.357,625.643,5
1549,282.357,647.5,5
1550,237.357,630.786,5
1551,245.071,695.071,5
1552,164.071,650.071,5
1553,189.786,580.643,5
1554,188.5,561.357,5
1555,86.929,578.071,5
1556,77.929,594.786,5
1557,101.071,592.214,5
1558,77.929,616.643,5
1559,86.929,632.071,5
1560,71.5,701.5,5
1561,157.643,725.929,5
1562,54.786,535.643,5
1563,67.643,498.357,5
1564,0.786,485.5,5
1565,40.643,437.929,5
1566,83.071,454.643,5
1567,113.929,485.5,5
1568,146.071,470.071,5
1569,194.929,476.5,5
1570,210.357,425.071,5
1571,153.786,439.214,5
1572,119.071,443.071,5
1573,129.357,401.929,5
1574,170.5,404.5,5
1575,144.786,355.643,5
1576,160.214,310.643,5
1577,99.786,364.643,5
1578,107.5,359.5,5
1579,72.786,336.357,5
1580,66.357,310.643,5
1581,84.357,284.929,5
1582,90.786,277.214,5
1583,121.643,254.071,5
1584,126.786,261.786,5
1585,41.929,228.357,5
1586,23.929,273.357,5
1587,12.357,299.071,5
1588,8.5,347.929,5
1589,2.071,233.5,5
1590,12.357,220.643,5
1591,68.929,191.071,5
1592,103.643,214.214,5
1593,22.643,14.929,6
1594,70.214,34.214,6
1595,75.357,63.786,6
1596,97.214,93.357,6
1597,131.929,47.071,6
1598,188.5,3.357,6
1599,170.5,97.214,6
1600,239.929,70.214,6
1601,248.929,112.643,6
1602,197.5,151.214,6
1603,68.929,193.643,6
1604,41.929,233.5,6
1605,9.786,218.071,6
1606,110.071,209.071,6
1607,113.929,243.786,6
1608,121.643,265.643,6
1609,80.5,283.643,6
1610,97.214,288.786,6
1611,77.929,306.786,6
1612,61.214,305.5,6
1613,21.357,272.071,6
1614,9.786,301.643,6
1615,5.929,349.214,6
1616,62.5,328.643,6
1617,68.929,356.929,6
1618,22.643,372.357,6
1619,97.214,360.786,6
1620,121.643,353.071,6
1621,125.5,381.357,6
1622,124.214,399.357,6
1623,115.214,443.071,6
1624,80.5,453.357,6
1625,62.5,486.786,6
1626,49.643,538.214,6
1627,110.071,490.643,6
1628,146.071,467.5,6
1629,192.357,466.214,6
1630,214.214,475.214,6
1631,214.214,425.071,6
1632,261.786,472.643,6
1633,74.071,592.214,6
1634,61.214,589.643,6
1635,83.071,580.643,6
1636,97.214,597.357,6
1637,79.214,615.357,6
1638,86.929,637.214,6
1639,72.786,695.071,6
1640,167.929,655.214,6
1641,197.5,596.071,6
1642,184.643,570.357,6
1643,282.357,560.071,6
1644,329.929,540.786,6
1645,282.357,629.5,6
1646,291.357,626.929,6
1647,227.071,625.643,6
1648,281.071,642.357,6
1649,318.357,630.786,6
1650,356.929,602.5,6
1651,383.929,608.929,6
1652,387.786,656.5,6
1653,403.214,678.357,6
1654,428.929,673.214,6
1655,426.357,683.5,6
1656,365.929,709.214,6
1657,313.214,695.071,6
1658,247.643,693.786,6
1659,395.5,551.071,6
1660,363.357,516.357,6
1661,338.929,476.5,6
1662,318.357,471.357,6
1663,342.786,444.357,6
1664,261.786,376.214,6
1665,245.071,302.929,6
1666,212.929,234.786,6
1667,260.5,246.357,6
1668,297.786,201.357,6
1669,308.071,209.071,6
1670,301.643,221.929,6
1671,322.214,255.357,6
1672,335.071,288.786,6
1673,340.214,368.5,6
1674,329.929,351.786,6
1675,399.357,362.071,6
1676,401.929,369.786,6
1677,405.786,371.071,6
1678,470.071,398.071,6
1679,482.929,374.929,6
1680,493.214,391.643,6
1681,479.071,440.5,6
1682,457.214,461.071,6
1683,431.5,463.643,6
1684,417.357,489.357,6
1685,436.643,491.929,6
1686,449.5,502.214,6
1687,453.357,507.357,6
1688,517.643,544.643,6
1689,527.929,547.214,6
1690,545.929,561.357,6
1691,534.357,583.214,6
1692,534.357,608.929,6
1693,518.929,634.643,6
1694,518.929,647.5,6
1695,489.357,660.357,6
1696,571.643,651.357,6
1697,588.357,632.071,6
1698,575.5,620.5,6
1699,596.071,617.929,6
1700,621.786,646.214,6
1701,628.214,625.643,6
1702,646.214,619.214,6
1703,656.5,632.071,6
1704,687.357,616.643,6
1705,669.357,553.643,6
1706,651.357,563.929,6
1707,626.929,561.357,6
1708,548.5,696.357,6
1709,587.071,678.357,6
1710,643.643,675.786,6
1711,661.643,693.786,6
1712,674.5,720.786,6
1713,715.643,706.643,6
1714,752.929,696.357,6
1715,716.929,553.643,6
1716,624.357,490.643,6
1717,571.643,450.786,6
1718,536.929,502.214,6
1719,518.929,398.071,6
1720,548.5,389.071,6
1721,549.786,401.929,6
1722,554.929,323.5,6
1723,557.5,317.071,6
1724,533.071,310.643,6
1725,540.786,300.357,6
1726,484.214,297.786,6
1727,472.643,309.357,6
1728,457.214,327.357,6
1729,454.643,300.357,6
1730,416.071,275.929,6
1731,419.929,304.214,6
1732,428.929,264.357,6
1733,437.929,256.643,6
1734,430.214,216.786,6
1735,331.214,167.929,6
1736,362.071,223.214,6
1737,365.929,247.643,6
1738,378.786,245.071,6
1739,342.786,197.5,6
1740,381.357,184.643,6
1741,270.786,31.643,6
1742,300.357,14.929,6
1743,320.929,4.643,6
1744,362.071,79.214,6
1745,369.786,58.643,6
1746,395.5,40.643,6
1747,404.5,9.786,6
1748,443.071,11.071,6
1749,423.786,99.786,6
1750,409.643,106.214,6
1751,449.5,90.786,6
1752,486.786,72.786,6
1753,525.357,50.929,6
1754,530.5,7.214,6
1755,552.357,11.071,6
1756,596.071,8.5,6
1757,592.214,26.5,6
1758,584.5,72.786,6
1759,526.643,115.214,6
1760,480.357,179.5,6
1761,443.071,146.071,6
1762,525.357,171.786,6
1763,538.214,184.643,6
1764,506.071,198.786,6
1765,516.357,209.071,6
1766,601.214,134.5,6
1767,629.5,117.786,6
1768,653.929,134.5,6
1769,648.786,146.071,6
1770,638.5,166.643,6
1771,614.071,237.357,6
1772,611.5,311.929,6
1773,650.071,324.786,6
1774,651.357,332.5,6
1775,643.643,355.643,6
1776,671.929,369.786,6
1777,691.214,467.5,6
1778,616.643,435.357,6
1779,741.357,439.214,6
1780,759.357,439.214,6
1781,751.643,389.071,6
1782,687.357,291.357,6
1783,702.786,206.5,6
1784,691.214,187.214,6
1785,701.5,156.357,6
1786,715.643,153.786,6
1787,777.357,169.214,6
1788,740.071,232.214,6
1789,692.5,236.071,6
1790,763.214,305.5,6
1791,777.357,284.929,6
1792,810.786,246.357,6
1793,783.786,122.929,6
1794,747.786,133.214,6
1795,743.929,92.071,6
1796,725.929,97.214,6
1797,659.071,68.929,6
1798,662.929,45.786,6
1799,697.643,27.786,6
1800,720.786,35.5,6
1801,814.643,70.214,6
1802,850.643,124.214,6
1803,860.929,110.071,6
1804,895.643,36.786,6
1805,810.786,409.643,6
1806,842.929,443.071,6
1807,827.5,518.929,6
1808,776.071,589.643,6
1809,776.071,597.357,6
1810,836.5,626.929,6
1811,830.071,671.929,6
1812,871.214,619.214,6
1813,890.5,646.214,6
1814,920.071,638.5,6
1815,927.786,688.643,6
1816,949.643,688.643,6
1817,962.5,601.214,6
1818,977.929,592.214,6
1819,912.357,547.214,6
1820,936.786,477.786,6
1821,976.643,482.929,6
1822,979.214,498.357,6
1823,1006.214,494.5,6
1824,1006.214,533.071,6
1825,999.786,569.071,6
1826,1046.071,597.357,6
1827,1069.214,587.071,6
1828,1069.214,594.786,6
1829,1102.643,610.214,6
1830,1080.786,687.357,6
1831,1142.5,710.5,6
1832,1147.643,652.643,6
1833,1160.5,652.643,6
1834,1184.929,643.643,6
1835,1181.071,674.5,6
1836,1247.929,670.643,6
1837,1227.357,711.786,6
1838,1286.5,714.357,6
1839,1175.929,583.214,6
1840,1283.929,557.5,6
1841,1150.214,511.214,6
1842,1114.214,509.929,6
1843,1240.214,522.786,6
1844,1258.214,659.071,6
1845,1237.643,473.929,6
1846,1256.929,435.357,6
1847,1271.071,365.929,6
1848,1280.071,297.786,6
1849,1223.5,291.357,6
1850,1217.071,365.929,6
1851,1190.071,418.643,6
1852,1173.357,466.214,6
1853,1173.357,425.071,6
1854,1121.929,423.786,6
1855,1070.5,473.929,6
1856,974.071,391.643,6
1857,956.071,364.643,6
1858,1060.214,520.214,6
1859,1147.643,386.5,6
1860,1223.5,422.5,6
1861,1076.929,322.214,6
1862,1020.357,260.5,6
1863,1034.5,241.214,6
1864,943.214,278.5,6
1865,905.929,270.786,6
1866,904.643,310.643,6
1867,863.5,292.643,6
1868,851.929,318.357,6
1869,882.786,256.643,6
1870,896.929,237.357,6
1871,912.357,246.357,6
1872,925.214,241.214,6
1873,926.5,203.929,6
1874,877.643,169.214,6
1875,920.071,142.214,6
1876,929.071,146.071,6
1877,959.929,209.071,6
1878,974.071,196.214,6
1879,994.643,142.214,6
1880,968.929,86.929,6
1881,975.357,72.786,6
1882,992.071,57.357,6
1883,983.071,7.214,6
1884,1051.214,41.929,6
1885,1120.643,26.5,6
1886,1100.071,56.071,6
1887,1173.357,72.786,6
1888,1205.5,71.5,6
1889,1196.5,103.643,6
1890,1177.214,106.214,6
1891,1107.786,120.357,6
1892,1075.643,138.357,6
1893,1049.929,215.5,6
1894,1042.214,224.5,6
1895,1092.357,176.929,6
1896,1118.071,191.071,6
1897,1157.929,216.786,6
1898,1177.214,232.214,6
1899,1209.357,169.214,6
1900,1202.929,131.929,6
1901,1251.786,129.357,6
1902,1286.5,188.5,6
1903,1264.643,214.214,6
1904,1137.357,288.786,6
1905,1101.357,309.357,6
1906,1107.786,284.929,6
1907,857.071,398.071,6
1908,203.929,214.214,6
1909,156.357,432.786,6
1910,174.357,401.929,6
1911,282.357,425.071,6
1912,40.643,437.929,6
1913,108.786,427.643,6
1914,295.214,93.357,6
1915,274.643,170.5,6
1916,419.929,581.929,6
1917,980.5,670.643,6
1918,1285.214,714.357,7
1919,1251.786,664.214,7
1920,1246.643,643.643,7
1921,1224.786,693.786,7
1922,1227.357,710.5,7
1923,1130.929,719.5,7
1924,1078.214,688.643,7
1925,1184.929,671.929,7
1926,1187.5,644.929,7
1927,1148.929,651.357,7
1928,1102.643,601.214,7
1929,1062.786,601.214,7
1930,1061.5,593.5,7
1931,1047.357,598.643,7
1932,1172.071,580.643,7
1933,1159.214,508.643,7
1934,1172.071,461.071,7
1935,1235.071,475.214,7
1936,1241.5,517.643,7
1937,1291.643,561.357,7
1938,1254.357,427.643,7
1939,1169.5,421.214,7
1940,1199.071,412.214,7
1941,1210.643,418.643,7
1942,1129.643,425.071,7
1943,1058.929,485.5,7
1944,1061.5,524.071,7
1945,1154.071,386.5,7
1946,1211.929,363.357,7
1947,1274.929,372.357,7
1948,1277.5,301.643,7
1949,1128.357,504.786,7
1950,1219.643,287.5,7
1951,1136.071,284.929,7
1952,1100.071,311.929,7
1953,1080.786,320.929,7
1954,1174.643,227.071,7
1955,1260.786,214.214,7
1956,1287.786,194.929,7
1957,1214.5,160.214,7
1958,1246.643,133.214,7
1959,1206.786,133.214,7
1960,1183.643,103.643,7
1961,1200.357,75.357,7
1962,1166.929,75.357,7
1963,1250.5,34.214,7
1964,1125.786,32.929,7
1965,1097.5,56.071,7
1966,1043.5,32.929,7
1967,986.929,13.643,7
1968,995.929,57.357,7
1969,967.643,70.214,7
1970,971.5,80.5,7
1971,1083.357,129.357,7
1972,1102.643,120.357,7
1973,999.786,144.786,7
1974,1088.5,180.786,7
1975,1119.357,189.786,7
1976,1044.786,219.357,7
1977,1053.786,245.071,7
1978,1031.929,247.643,7
1979,1024.214,256.643,7
1980,966.357,210.357,7
1981,925.214,194.929,7
1982,936.786,170.5,7
1983,918.786,137.071,7
1984,880.214,170.5,7
1985,904.643,230.929,7
1986,926.5,236.071,7
1987,884.071,252.786,7
1988,911.071,265.643,7
1989,945.786,288.786,7
1990,907.214,311.929,7
1991,875.071,296.5,7
1992,862.214,314.5,7
1993,947.071,360.786,7
1994,976.643,389.071,7
1995,968.929,484.214,7
1996,981.786,500.929,7
1997,997.214,486.786,7
1998,1008.786,535.643,7
1999,999.786,578.071,7
2000,983.071,585.786,7
2001,968.929,603.786,7
2002,986.929,670.643,7
2003,958.643,688.643,7
2004,923.929,692.5,7
2005,911.071,637.214,7
2006,890.5,646.214,7
2007,868.643,625.643,7
2008,833.929,628.214,7
2009,830.071,671.929,7
2010,922.643,540.786,7
2011,932.929,472.643,7
2012,860.929,392.929,7
2013,835.214,446.929,7
2014,830.071,517.643,7
2015,813.357,414.786,7
2016,777.357,434.071,7
2017,747.786,434.071,7
2018,754.214,391.643,7
2019,710.5,543.357,7
2020,767.071,584.5,7
2021,781.214,596.071,7
2022,1015.214,403.214,7
2023,813.357,248.929,7
2024,774.786,286.214,7
2025,763.214,301.643,7
2026,737.5,238.643,7
2027,697.643,286.214,7
2028,653.929,331.214,7
2029,644.929,336.357,7
2030,669.357,368.5,7
2031,644.929,351.786,7
2032,697.643,232.214,7
2033,776.071,174.357,7
2034,785.071,115.214,7
2035,808.214,108.786,7
2036,860.929,129.357,7
2037,868.643,103.643,7
2038,889.214,41.929,7
2039,747.786,93.357,7
2040,727.214,97.214,7
2041,745.214,134.5,7
2042,688.643,158.929,7
2043,684.786,180.786,7
2044,696.357,196.214,7
2045,720.786,161.5,7
2046,719.5,38.071,7
2047,692.5,11.071,7
2048,660.357,38.071,7
2049,657.786,74.071,7
2050,653.929,131.929,7
2051,625.643,124.214,7
2052,641.071,148.643,7
2053,642.357,171.786,7
2054,615.357,239.929,7
2055,615.357,318.357,7
2056,718.214,701.5,7
2057,674.5,723.357,7
2058,675.786,697.643,7
2059,643.643,675.786,7
2060,638.5,647.5,7
2061,643.643,629.5,7
2062,689.929,614.071,7
2063,639.786,623.071,7
2064,629.5,633.357,7
2065,619.214,641.071,7
2066,605.071,620.5,7
2067,598.643,634.643,7
2068,581.929,617.929,7
2069,583.214,638.5,7
2070,574.214,650.071,7
2071,587.071,677.071,7
2072,547.214,648.786,7
2073,517.643,634.643,7
2074,529.214,657.786,7
2075,551.071,697.643,7
2076,521.5,605.071,7
2077,486.786,648.786,7
2078,539.5,587.071,7
2079,548.5,557.5,7
2080,535.643,540.786,7
2081,509.929,539.5,7
2082,625.643,561.357,7
2083,660.357,563.929,7
2084,673.214,557.5,7
2085,626.929,488.071,7
2086,691.214,471.357,7
2087,630.786,435.357,7
2088,575.5,448.214,7
2089,539.5,399.357,7
2090,531.786,407.071,7
2091,534.357,422.5,7
2092,540.786,508.643,7
2093,488.071,520.214,7
2094,466.214,502.214,7
2095,455.929,512.5,7
2096,449.5,498.357,7
2097,422.5,491.929,7
2098,434.071,470.071,7
2099,455.929,461.071,7
2100,481.643,446.929,7
2101,475.214,403.214,7
2102,479.071,383.929,7
2103,463.643,331.214,7
2104,463.643,317.071,7
2105,459.786,306.786,7
2106,490.643,297.786,7
2107,533.071,317.071,7
2108,547.214,296.5,7
2109,554.929,317.071,7
2110,551.071,333.786,7
2111,529.214,212.929,7
2112,494.5,198.786,7
2113,476.5,185.929,7
2114,525.357,174.357,7
2115,534.357,184.643,7
2116,593.5,121.643,7
2117,530.5,115.214,7
2118,530.5,47.071,7
2119,596.071,27.786,7
2120,596.071,4.643,7
2121,585.786,80.5,7
2122,518.929,5.929,7
2123,481.643,72.786,7
2124,450.786,86.929,7
2125,435.357,94.643,7
2126,417.357,104.929,7
2127,407.071,104.929,7
2128,398.071,40.643,7
2129,365.929,65.071,7
2130,391.643,14.929,7
2131,427.643,14.929,7
2132,439.214,4.643,7
2133,319.643,12.357,7
2134,301.643,11.071,7
2135,246.357,71.5,7
2136,243.786,119.071,7
2137,282.357,165.357,7
2138,328.643,169.214,7
2139,292.643,197.5,7
2140,296.5,225.786,7
2141,313.214,207.786,7
2142,337.643,200.071,7
2143,428.929,209.071,7
2144,431.5,248.929,7
2145,412.214,228.357,7
2146,430.214,261.786,7
2147,412.214,306.786,7
2148,369.786,242.5,7
2149,369.786,221.929,7
2150,396.786,367.214,7
2151,398.071,376.214,7
2152,413.5,371.071,7
2153,340.214,372.357,7
2154,551.071,395.5,7
2155,302.929,345.357,7
2156,331.214,293.929,7
2157,319.643,259.214,7
2158,346.643,435.357,7
2159,337.643,450.786,7
2160,336.357,472.643,7
2161,326.071,477.786,7
2162,360.786,511.214,7
2163,327.357,536.929,7
2164,407.071,552.357,7
2165,440.5,589.643,7
2166,417.357,580.643,7
2167,359.5,601.214,7
2168,390.357,615.357,7
2169,386.5,662.929,7
2170,399.357,684.786,7
2171,418.643,671.929,7
2172,423.786,684.786,7
2173,373.643,704.071,7
2174,322.214,695.071,7
2175,250.214,693.786,7
2176,246.357,718.214,7
2177,283.643,647.5,7
2178,287.5,623.071,7
2179,313.214,624.357,7
2180,290.071,560.071,7
2181,237.357,628.214,7
2182,207.786,584.5,7
2183,187.214,565.214,7
2184,155.071,656.5,7
2185,169.214,664.214,7
2186,66.357,695.071,7
2187,85.643,650.071,7
2188,81.786,608.929,7
2189,80.5,589.643,7
2190,86.929,579.357,7
2191,99.786,592.214,7
2192,58.643,540.786,7
2193,61.214,486.786,7
2194,111.357,489.357,7
2195,139.643,468.786,7
2196,200.071,457.214,7
2197,212.929,476.5,7
2198,257.929,479.071,7
2199,259.214,386.5,7
2200,283.643,422.5,7
2201,236.071,300.357,7
2202,216.786,233.5,7
2203,261.786,255.357,7
2204,207.786,207.786,7
2205,203.929,152.5,7
2206,134.5,48.357,7
2207,180.786,5.929,7
2208,169.214,94.643,7
2209,128.071,74.071,7
2210,90.786,88.214,7
2211,67.643,67.643,7
2212,57.357,43.214,7
2213,22.643,14.929,7
2214,3.357,92.071,7
2215,58.643,188.5,7
2216,115.214,214.214,7
2217,113.929,255.357,7
2218,121.643,268.214,7
2219,169.214,309.357,7
2220,124.214,353.071,7
2221,125.5,382.643,7
2222,125.5,405.786,7
2223,112.643,443.071,7
2224,153.786,434.071,7
2225,175.643,398.071,7
2226,221.929,423.786,7
2227,94.643,364.643,7
2228,99.786,358.214,7
2229,62.5,350.5,7
2230,62.5,329.929,7
2231,70.214,314.5,7
2232,80.5,290.071,7
2233,52.214,295.214,7
2234,14.929,275.929,7
2235,2.071,257.929,7
2236,4.643,241.214,7
2237,49.643,225.786,7
2238,7.214,308.071,7
2239,5.929,341.5,7
2240,27.786,367.214,7
2241,39.357,439.214,7
2242,85.643,459.786,7
2243,158.929,725.929,7
2244,1249.214,664.214,8
2245,1280.071,713.071,8
2246,1190.071,669.357,8
2247,1182.357,639.786,8
2248,1154.071,644.929,8
2249,1129.643,723.357,8
2250,1169.5,687.357,8
2251,1227.357,713.071,8
2252,1073.071,688.643,8
2253,1067.929,603.786,8
2254,1051.214,587.071,8
2255,1039.643,594.786,8
2256,1098.786,599.929,8
2257,1161.786,581.929,8
2258,1161.786,551.071,8
2259,1157.929,513.786,8
2260,1127.071,427.643,8
2261,1170.786,421.214,8
2262,1191.357,422.5,8
2263,1213.214,422.5,8
2264,1181.071,452.071,8
2265,1253.071,434.071,8
2266,1233.786,477.786,8
2267,1235.071,518.929,8
2268,1282.643,556.214,8
2269,1273.643,368.5,8
2270,1214.5,365.929,8
2271,1264.643,297.786,8
2272,1219.643,284.929,8
2273,1291.643,327.357,8
2274,1291.643,362.071,8
2275,1134.786,448.214,8
2276,1067.929,482.929,8
2277,1056.357,521.5,8
2278,1003.643,491.929,8
2279,977.929,485.5,8
2280,990.786,494.5,8
2281,1011.357,548.5,8
2282,997.214,574.214,8
2283,980.5,583.214,8
2284,971.5,602.5,8
2285,958.643,693.786,8
2286,983.071,675.786,8
2287,916.214,689.929,8
2288,908.5,637.214,8
2289,895.643,641.071,8
2290,871.214,624.357,8
2291,832.643,634.643,8
2292,826.214,674.5,8
2293,778.643,601.214,8
2294,770.929,587.071,8
2295,926.5,544.643,8
2296,822.357,513.786,8
2297,939.357,471.357,8
2298,832.643,440.5,8
2299,977.929,391.643,8
2300,947.071,362.071,8
2301,1076.929,322.214,8
2302,1096.214,315.786,8
2303,1129.643,286.214,8
2304,1184.929,230.929,8
2305,1265.929,214.214,8
2306,1218.357,157.643,8
2307,1251.786,135.786,8
2308,1187.5,102.357,8
2309,1181.071,77.929,8
2310,1197.786,76.643,8
2311,1206.786,57.357,8
2312,1251.786,32.929,8
2313,1127.071,26.5,8
2314,1098.786,52.214,8
2315,1046.071,32.929,8
2316,990.786,4.643,8
2317,997.214,48.357,8
2318,971.5,71.5,8
2319,971.5,83.071,8
2320,998.5,148.643,8
2321,1075.643,130.643,8
2322,1101.357,125.5,8
2323,1087.214,180.786,8
2324,1116.786,194.929,8
2325,1049.929,218.071,8
2326,1058.929,251.5,8
2327,1033.214,247.643,8
2328,1030.643,261.786,8
2329,965.071,206.5,8
2330,925.214,233.5,8
2331,911.071,243.786,8
2332,913.643,256.643,8
2333,884.071,248.929,8
2334,873.786,287.5,8
2335,857.071,315.786,8
2336,912.357,310.643,8
2337,941.929,287.5,8
2338,926.5,197.5,8
2339,916.214,137.071,8
2340,873.786,166.643,8
2341,859.643,134.5,8
2342,864.786,113.929,8
2343,893.071,44.5,8
2344,785.071,119.071,8
2345,800.5,104.929,8
2346,909.786,90.786,8
2347,773.5,169.214,8
2348,741.357,135.786,8
2349,732.357,95.929,8
2350,738.786,93.357,8
2351,715.643,38.071,8
2352,814.643,245.071,8
2353,772.214,286.214,8
2354,767.071,302.929,8
2355,862.214,391.643,8
2356,805.643,408.357,8
2357,743.929,390.357,8
2358,778.643,430.214,8
2359,749.071,439.214,8
2360,688.643,475.214,8
2361,1013.929,394.214,8
2362,943.214,171.786,8
2363,745.214,239.929,8
2364,705.357,290.071,8
2365,697.643,228.357,8
2366,697.643,191.071,8
2367,679.643,184.643,8
2368,634.643,173.071,8
2369,641.071,143.5,8
2370,633.357,125.5,8
2371,655.214,126.786,8
2372,698.929,162.786,8
2373,581.929,124.214,8
2374,576.786,71.5,8
2375,657.786,70.214,8
2376,664.214,44.5,8
2377,594.786,18.786,8
2378,592.214,4.643,8
2379,549.786,11.071,8
2380,524.071,9.786,8
2381,533.071,49.643,8
2382,486.786,12.357,8
2383,441.786,4.643,8
2384,434.071,17.5,8
2385,396.786,21.357,8
2386,403.214,36.786,8
2387,371.071,66.357,8
2388,372.357,74.071,8
2389,425.071,93.357,8
2390,416.071,110.071,8
2391,435.357,101.071,8
2392,454.643,90.786,8
2393,479.071,71.5,8
2394,530.5,112.643,8
2395,531.786,179.5,8
2396,520.214,209.071,8
2397,506.071,205.214,8
2398,476.5,189.786,8
2399,445.643,149.929,8
2400,616.643,243.786,8
2401,612.786,320.929,8
2402,657.786,329.929,8
2403,652.643,336.357,8
2404,675.786,372.357,8
2405,639.786,351.786,8
2406,629.5,431.5,8
2407,632.071,482.929,8
2408,623.071,553.643,8
2409,656.5,561.357,8
2410,675.786,558.786,8
2411,710.5,543.357,8
2412,687.357,616.643,8
2413,680.929,642.357,8
2414,702.786,635.929,8
2415,720.786,701.5,8
2416,675.786,693.786,8
2417,666.786,718.214,8
2418,641.071,677.071,8
2419,628.214,648.786,8
2420,624.357,620.5,8
2421,642.357,620.5,8
2422,660.357,628.214,8
2423,646.214,641.071,8
2424,590.929,633.357,8
2425,584.5,624.357,8
2426,602.5,621.786,8
2427,570.357,644.929,8
2428,581.929,661.643,8
2429,539.5,695.071,8
2430,531.786,657.786,8
2431,535.643,646.214,8
2432,520.214,638.5,8
2433,479.071,651.357,8
2434,526.643,603.786,8
2435,536.929,584.5,8
2436,544.643,554.929,8
2437,533.071,539.5,8
2438,503.5,538.214,8
2439,486.786,517.643,8
2440,461.071,500.929,8
2441,450.786,504.786,8
2442,446.929,498.357,8
2443,431.5,472.643,8
2444,459.786,459.786,8
2445,479.071,440.5,8
2446,531.786,423.786,8
2447,530.5,400.643,8
2448,560.071,389.071,8
2449,536.929,504.786,8
2450,565.214,444.357,8
2451,552.357,319.643,8
2452,531.786,310.643,8
2453,539.5,288.786,8
2454,479.071,395.5,8
2455,484.214,377.5,8
2456,491.929,295.214,8
2457,466.214,305.5,8
2458,470.071,327.357,8
2459,425.071,270.786,8
2460,430.214,242.5,8
2461,431.5,215.5,8
2462,412.214,220.643,8
2463,380.071,184.643,8
2464,367.214,224.5,8
2465,371.071,252.786,8
2466,418.643,299.071,8
2467,419.929,670.643,8
2468,421.214,684.786,8
2469,400.643,680.929,8
2470,385.214,657.786,8
2471,403.214,619.214,8
2472,394.214,562.643,8
2473,359.5,599.929,8
2474,314.5,625.643,8
2475,277.214,620.5,8
2476,284.929,652.643,8
2477,318.357,689.929,8
2478,247.643,696.357,8
2479,247.643,719.5,8
2480,170.5,666.786,8
2481,238.643,626.929,8
2482,161.5,719.5,8
2483,68.929,692.5,8
2484,90.786,642.357,8
2485,77.929,623.071,8
2486,66.357,590.929,8
2487,88.214,589.643,8
2488,86.929,580.643,8
2489,103.643,599.929,8
2490,52.214,544.643,8
2491,187.214,562.643,8
2492,202.643,588.357,8
2493,171.786,584.5,8
2494,283.643,561.357,8
2495,283.643,538.214,8
2496,326.071,551.071,8
2497,358.214,507.357,8
2498,341.5,475.214,8
2499,320.929,475.214,8
2500,335.071,450.786,8
2501,342.786,431.5,8
2502,392.929,364.643,8
2503,405.786,364.643,8
2504,335.071,372.357,8
2505,299.071,353.071,8
2506,255.357,383.929,8
2507,256.643,476.5,8
2508,283.643,427.643,8
2509,203.929,450.786,8
2510,209.071,482.929,8
2511,212.929,416.071,8
2512,162.786,404.5,8
2513,152.5,428.929,8
2514,121.643,439.214,8
2515,107.5,444.357,8
2516,83.071,455.929,8
2517,41.929,441.786,8
2518,3.357,494.5,8
2519,111.357,486.786,8
2520,138.357,470.071,8
2521,128.071,405.786,8
2522,128.071,385.214,8
2523,130.643,354.357,8
2524,89.5,363.357,8
2525,68.929,355.643,8
2526,32.929,369.786,8
2527,9.786,368.5,8
2528,65.071,322.214,8
2529,89.5,305.5,8
2530,413.5,489.357,8
2531,331.214,299.071,8
2532,318.357,259.214,8
2533,300.357,228.357,8
2534,290.071,202.643,8
2535,335.071,197.5,8
2536,331.214,170.5,8
2537,287.5,165.357,8
2538,241.214,122.929,8
2539,241.214,72.786,8
2540,279.786,35.5,8
2541,304.214,11.071,8
2542,331.214,7.214,8
2543,184.643,5.929,8
2544,131.929,48.357,8
2545,62.5,45.786,8
2546,22.643,14.929,8
2547,66.357,63.786,8
2548,86.929,84.357,8
2549,160.214,99.786,8
2550,205.214,148.643,8
2551,191.071,158.929,8
2552,207.786,207.786,8
2553,206.5,232.214,8
2554,252.786,254.071,8
2555,237.357,302.929,8
2556,169.214,310.643,8
2557,125.5,275.929,8
2558,113.929,257.929,8
2559,107.5,283.643,8
2560,89.5,288.786,8
2561,110.071,218.071,8
2562,63.786,194.929,8
2563,45.786,221.929,8
2564,44.5,230.929,8
2565,8.5,214.214,8
2566,9.786,230.929,8
2567,0.786,269.5,8
2568,7.214,310.643,8
2569,20.071,281.071,8
2570,50.929,302.929,8
2571,1161.786,392.929,8
2572,1291.643,716.929,9
2573,1255.643,662.929,9
2574,1226.071,715.643,9
2575,1183.643,674.5,9
2576,1163.071,687.357,9
2577,1156.643,661.643,9
2578,1151.5,648.786,9
2579,1134.786,722.071,9
2580,1071.786,687.357,9
2581,1178.5,646.214,9
2582,1174.643,580.643,9
2583,1166.929,554.929,9
2584,1092.357,597.357,9
2585,1100.071,610.214,9
2586,1055.071,597.357,9
2587,1055.071,589.643,9
2588,1057.643,596.071,9
2589,1055.071,610.214,9
2590,993.357,581.929,9
2591,975.357,580.643,9
2592,975.357,598.643,9
2593,974.071,623.071,9
2594,907.214,629.5,9
2595,893.071,639.786,9
2596,862.214,629.5,9
2597,826.214,633.357,9
2598,819.786,671.929,9
2599,922.643,695.071,9
2600,959.929,683.5,9
2601,786.357,601.214,9
2602,772.214,581.929,9
2603,822.357,509.929,9
2604,830.071,436.643,9
2605,803.071,407.071,9
2606,783.786,427.643,9
2607,750.357,441.786,9
2608,746.5,392.929,9
2609,863.5,396.786,9
2610,941.929,359.5,9
2611,976.643,390.357,9
2612,926.5,480.357,9
2613,918.786,548.5,9
2614,972.786,479.071,9
2615,984.357,490.643,9
2616,1003.643,490.643,9
2617,1070.5,480.357,9
2618,1017.786,543.357,9
2619,1062.786,522.786,9
2620,1127.071,503.5,9
2621,1160.5,507.357,9
2622,1178.5,458.5,9
2623,1172.071,416.071,9
2624,1200.357,416.071,9
2625,1127.071,425.071,9
2626,1157.929,385.214,9
2627,1215.786,363.357,9
2628,1276.214,371.071,9
2629,1235.071,475.214,9
2630,1223.5,526.643,9
2631,1278.786,554.929,9
2632,1291.643,324.786,9
2633,1294.214,360.786,9
2634,1278.786,301.643,9
2635,1218.357,284.929,9
2636,1138.643,284.929,9
2637,1102.643,287.5,9
2638,1100.071,314.5,9
2639,1078.214,317.071,9
2640,1030.643,264.357,9
2641,1037.071,250.214,9
2642,1069.214,247.643,9
2643,1047.357,221.929,9
2644,1121.929,192.357,9
2645,1087.214,183.357,9
2646,1150.214,223.214,9
2647,1190.071,228.357,9
2648,1259.5,210.357,9
2649,1294.214,207.786,9
2650,1250.5,133.214,9
2651,1217.071,157.643,9
2652,1215.786,128.071,9
2653,1192.643,103.643,9
2654,1199.071,81.786,9
2655,1181.071,76.643,9
2656,1246.643,36.786,9
2657,1010.071,401.929,9
2658,939.357,292.643,9
2659,912.357,306.786,9
2660,872.5,296.5,9
2661,855.786,313.214,9
2662,884.071,255.357,9
2663,905.929,239.929,9
2664,913.643,250.214,9
2665,911.071,260.5,9
2666,927.786,238.643,9
2667,923.929,196.214,9
2668,959.929,211.643,9
2669,967.643,198.786,9
2670,938.071,160.214,9
2671,999.786,147.357,9
2672,1080.786,131.929,9
2673,1102.643,120.357,9
2674,1105.214,61.214,9
2675,1139.929,29.071,9
2676,1197.786,61.214,9
2677,1040.929,40.643,9
2678,1062.786,11.071,9
2679,989.5,7.214,9
2680,1001.071,54.786,9
2681,967.643,70.214,9
2682,972.786,84.357,9
2683,908.5,142.214,9
2684,875.071,170.5,9
2685,855.786,134.5,9
2686,864.786,120.357,9
2687,911.071,88.214,9
2688,904.643,47.071,9
2689,806.929,65.071,9
2690,776.071,67.643,9
2691,722.071,36.786,9
2692,697.643,9.786,9
2693,691.214,41.929,9
2694,729.786,101.071,9
2695,740.071,94.643,9
2696,787.643,117.786,9
2697,796.643,108.786,9
2698,749.071,139.643,9
2699,779.929,171.786,9
2700,695.071,165.357,9
2701,678.357,188.5,9
2702,696.357,193.643,9
2703,698.929,233.5,9
2704,750.357,239.929,9
2705,421.214,302.929,9
2706,773.5,287.5,9
2707,764.5,301.643,9
2708,711.786,287.5,9
2709,615.357,239.929,9
2710,642.357,166.643,9
2711,644.929,144.786,9
2712,643.643,129.357,9
2713,652.643,129.357,9
2714,657.786,75.357,9
2715,665.5,32.929,9
2716,593.5,22.643,9
2717,588.357,4.643,9
2718,576.786,72.786,9
2719,581.929,126.786,9
2720,554.929,11.071,9
2721,525.357,5.929,9
2722,534.357,57.357,9
2723,521.5,120.357,9
2724,476.5,77.929,9
2725,489.357,5.929,9
2726,443.071,7.214,9
2727,407.071,41.929,9
2728,377.5,65.071,9
2729,416.071,113.929,9
2730,419.929,83.071,9
2731,452.071,92.071,9
2732,452.071,144.786,9
2733,476.5,192.357,9
2734,504.786,197.5,9
2735,533.071,209.071,9
2736,531.786,174.357,9
2737,543.357,179.5,9
2738,614.071,323.5,9
2739,644.929,327.357,9
2740,650.071,340.214,9
2741,680.929,373.643,9
2742,626.929,430.214,9
2743,638.5,356.929,9
2744,689.929,476.5,9
2745,632.071,485.5,9
2746,701.5,542.071,9
2747,675.786,552.357,9
2748,656.5,556.214,9
2749,620.5,557.5,9
2750,683.5,614.071,9
2751,680.929,639.786,9
2752,652.643,638.5,9
2753,643.643,626.929,9
2754,626.929,621.786,9
2755,587.071,632.071,9
2756,601.214,623.071,9
2757,579.357,623.071,9
2758,565.214,637.214,9
2759,527.929,644.929,9
2760,513.786,637.214,9
2761,486.786,646.214,9
2762,531.786,657.786,9
2763,752.929,702.786,9
2764,719.5,707.929,9
2765,678.357,692.5,9
2766,665.5,723.357,9
2767,637.214,671.929,9
2768,628.214,646.214,9
2769,588.357,659.071,9
2770,540.786,691.214,9
2771,425.071,671.929,9
2772,418.643,683.5,9
2773,404.5,677.071,9
2774,376.214,666.786,9
2775,398.071,617.929,9
2776,527.929,599.929,9
2777,536.929,587.071,9
2778,556.214,562.643,9
2779,536.929,543.357,9
2780,540.786,503.5,9
2781,566.5,477.786,9
2782,561.357,448.214,9
2783,548.5,387.786,9
2784,529.214,403.214,9
2785,531.786,426.357,9
2786,534.357,322.214,9
2787,545.929,326.071,9
2788,558.786,315.786,9
2789,551.071,287.5,9
2790,491.929,296.5,9
2791,470.071,300.357,9
2792,466.214,324.786,9
2793,480.357,372.357,9
2794,481.643,389.071,9
2795,470.071,440.5,9
2796,454.643,458.5,9
2797,435.357,466.214,9
2798,440.5,477.786,9
2799,449.5,494.5,9
2800,452.071,506.071,9
2801,464.929,504.786,9
2802,494.5,527.929,9
2803,511.214,539.5,9
2804,399.357,551.071,9
2805,355.643,605.071,9
2806,315.786,629.5,9
2807,284.929,646.214,9
2808,288.786,624.357,9
2809,278.5,610.214,9
2810,237.357,621.786,9
2811,245.071,696.357,9
2812,251.5,715.643,9
2813,311.929,691.214,9
2814,328.643,540.786,9
2815,282.357,557.5,9
2816,283.643,535.643,9
2817,338.929,471.357,9
2818,335.071,444.357,9
2819,323.5,477.786,9
2820,355.643,435.357,9
2821,378.786,391.643,9
2822,396.786,362.071,9
2823,405.786,369.786,9
2824,434.071,410.929,9
2825,341.5,374.929,9
2826,327.357,355.643,9
2827,301.643,350.5,9
2828,425.071,265.643,9
2829,434.071,241.214,9
2830,428.929,216.786,9
2831,403.214,223.214,9
2832,371.071,243.786,9
2833,364.643,220.643,9
2834,345.357,198.786,9
2835,333.786,164.071,9
2836,380.071,180.786,9
2837,328.643,293.929,9
2838,317.071,247.643,9
2839,292.643,221.929,9
2840,293.929,201.357,9
2841,282.357,170.5,9
2842,241.214,121.643,9
2843,237.357,76.643,9
2844,182.071,4.643,9
2845,279.786,39.357,9
2846,299.071,5.929,9
2847,337.643,11.071,9
2848,256.643,247.643,9
2849,201.357,236.071,9
2850,206.5,206.5,9
2851,191.071,164.071,9
2852,209.071,152.5,9
2853,161.5,95.929,9
2854,139.643,68.929,9
2855,135.786,47.071,9
2856,62.5,44.5,9
2857,26.5,13.643,9
2858,70.214,62.5,9
2859,86.929,94.643,9
2860,2.071,115.214,9
2861,67.643,178.214,9
2862,113.929,210.357,9
2863,113.929,256.643,9
2864,125.5,273.357,9
2865,166.643,299.071,9
2866,234.786,301.643,9
2867,259.214,394.214,9
2868,278.5,427.643,9
2869,254.071,484.214,9
2870,198.786,448.214,9
2871,215.5,417.357,9
2872,218.071,476.5,9
2873,180.786,554.929,9
2874,171.786,580.643,9
2875,197.5,587.071,9
2876,167.929,662.929,9
2877,157.643,723.357,9
2878,70.214,693.786,9
2879,95.929,635.929,9
2880,80.5,611.5,9
2881,68.929,588.357,9
2882,75.357,593.5,9
2883,89.5,593.5,9
2884,89.5,572.929,9
2885,102.357,594.786,9
2886,54.786,538.214,9
2887,146.071,472.643,9
2888,111.357,493.214,9
2889,59.929,481.643,9
2890,4.643,497.071,9
2891,36.786,434.071,9
2892,75.357,457.214,9
2893,108.786,425.071,9
2894,116.5,441.786,9
2895,126.786,434.071,9
2896,157.643,430.214,9
2897,175.643,399.357,9
2898,128.071,405.786,9
2899,125.5,390.357,9
2900,128.071,345.357,9
2901,93.357,359.5,9
2902,38.071,377.5,9
2903,14.929,369.786,9
2904,65.071,354.357,9
2905,70.214,320.929,9
2906,44.5,223.214,9
2907,13.643,209.071,9
2908,4.643,237.357,9
2909,27.786,270.786,9
2910,9.786,309.357,9
2911,50.929,300.357,9
2912,90.786,309.357,9
2913,94.643,287.5,9
2914,111.357,277.214,9
2915,813.357,248.929,9
2916,1287.786,715.643,10
2917,1258.214,653.929,10
2918,1222.214,706.643,10
2919,1190.071,682.214,10
2920,1168.214,684.786,10
2921,1134.786,716.929,10
2922,1073.071,677.071,10
2923,1097.5,601.214,10
2924,1160.5,665.5,10
2925,1150.214,643.643,10
2926,1184.929,644.929,10
2927,1170.786,581.929,10
2928,1165.643,548.5,10
2929,1277.5,554.929,10
2930,1219.643,522.786,10
2931,1244.071,643.643,10
2932,1233.786,590.929,10
2933,1227.357,543.357,10
2934,1232.5,482.929,10
2935,1256.929,443.071,10
2936,1183.643,463.643,10
2937,1154.071,512.5,10
2938,1124.5,504.786,10
2939,1132.214,450.786,10
2940,1125.786,417.357,10
2941,1177.214,412.214,10
2942,1208.071,417.357,10
2943,1152.786,391.643,10
2944,1214.5,363.357,10
2945,1273.643,371.071,10
2946,1294.214,367.214,10
2947,1294.214,324.786,10
2948,1276.214,305.5,10
2949,1213.214,281.071,10
2950,1262.071,205.214,10
2951,1291.643,193.643,10
2952,1290.357,211.643,10
2953,1250.5,134.5,10
2954,1215.786,129.357,10
2955,1211.929,160.214,10
2956,1197.786,110.071,10
2957,1193.929,95.929,10
2958,1196.5,68.929,10
2959,1173.357,65.071,10
2960,1253.071,30.357,10
2961,1130.929,21.357,10
2962,1057.643,16.214,10
2963,1037.071,40.643,10
2964,1002.357,52.214,10
2965,989.5,9.786,10
2966,966.357,72.786,10
2967,972.786,83.071,10
2968,1076.929,131.929,10
2969,1097.5,115.214,10
2970,1088.5,176.929,10
2971,1128.357,193.643,10
2972,1157.929,227.071,10
2973,1183.643,219.357,10
2974,1130.929,286.214,10
2975,1100.071,304.214,10
2976,1079.5,320.929,10
2977,1074.357,247.643,10
2978,1046.071,223.214,10
2979,1035.786,246.357,10
2980,1031.929,261.786,10
2981,1061.5,601.214,10
2982,1047.357,594.786,10
2983,1040.929,597.357,10
2984,1022.929,544.643,10
2985,992.071,579.357,10
2986,977.929,583.214,10
2987,972.786,598.643,10
2988,963.786,603.786,10
2989,977.929,675.786,10
2990,954.786,677.071,10
2991,914.929,696.357,10
2992,898.214,638.5,10
2993,907.214,637.214,10
2994,867.357,624.357,10
2995,822.357,633.357,10
2996,822.357,666.786,10
2997,914.929,548.5,10
2998,934.214,486.786,10
2999,972.786,484.214,10
3000,983.071,488.071,10
3001,997.214,494.5,10
3002,1071.786,477.786,10
3003,1061.5,522.786,10
3004,1013.929,395.5,10
3005,977.929,395.5,10
3006,944.5,358.214,10
3007,938.071,295.214,10
3008,917.5,305.5,10
3009,724.643,706.643,10
3010,788.929,589.643,10
3011,826.214,509.929,10
3012,832.643,435.357,10
3013,866.071,398.071,10
3014,878.929,297.786,10
3015,849.357,305.5,10
3016,907.214,260.5,10
3017,913.643,251.5,10
3018,913.643,242.5,10
3019,887.929,251.5,10
3020,931.643,237.357,10
3021,931.643,198.786,10
3022,962.5,211.643,10
3023,975.357,191.071,10
3024,995.929,140.929,10
3025,934.214,158.929,10
3026,912.357,137.071,10
3027,873.786,160.214,10
3028,853.214,139.643,10
3029,866.071,121.643,10
3030,905.929,40.643,10
3031,914.929,88.214,10
3032,781.214,66.357,10
3033,777.357,119.071,10
3034,794.071,112.643,10
3035,782.5,166.643,10
3036,810.786,251.5,10
3037,776.071,287.5,10
3038,769.643,302.929,10
3039,747.786,221.929,10
3040,700.214,236.071,10
3041,700.214,188.5,10
3042,679.643,184.643,10
3043,696.357,167.929,10
3044,746.5,142.214,10
3045,720.786,103.643,10
3046,736.214,95.929,10
3047,731.071,32.929,10
3048,656.5,36.786,10
3049,692.5,8.5,10
3050,684.786,41.929,10
3051,648.786,75.357,10
3052,661.643,120.357,10
3053,634.643,119.071,10
3054,635.929,142.214,10
3055,643.643,161.5,10
3056,711.786,282.357,10
3057,607.643,237.357,10
3058,614.071,326.071,10
3059,643.643,323.5,10
3060,651.357,335.071,10
3061,675.786,369.786,10
3062,746.5,400.643,10
3063,756.786,443.071,10
3064,791.5,425.071,10
3065,691.214,477.786,10
3066,633.357,482.929,10
3067,660.357,553.643,10
3068,671.929,560.071,10
3069,705.357,547.214,10
3070,689.929,608.929,10
3071,686.071,638.5,10
3072,680.929,696.357,10
3073,621.786,432.786,10
3074,670.643,454.643,10
3075,643.643,355.643,10
3076,570.357,446.929,10
3077,593.5,524.071,10
3078,625.643,558.786,10
3079,625.643,619.214,10
3080,643.643,625.643,10
3081,657.786,635.929,10
3082,630.786,648.786,10
3083,639.786,677.071,10
3084,598.643,661.643,10
3085,583.214,621.786,10
3086,560.071,637.214,10
3087,531.786,646.214,10
3088,536.929,661.643,10
3089,538.214,689.929,10
3090,493.214,657.786,10
3091,507.357,641.071,10
3092,526.643,599.929,10
3093,543.357,581.929,10
3094,553.643,565.214,10
3095,535.643,535.643,10
3096,500.929,540.786,10
3097,539.5,506.071,10
3098,769.643,574.214,10
3099,452.071,511.214,10
3100,453.357,495.786,10
3101,462.357,495.786,10
3102,461.071,461.071,10
3103,445.643,472.643,10
3104,440.5,466.214,10
3105,472.643,443.071,10
3106,533.071,404.5,10
3107,554.929,382.643,10
3108,542.071,430.214,10
3109,479.071,374.929,10
3110,488.071,394.214,10
3111,542.071,323.5,10
3112,553.643,328.643,10
3113,561.357,320.929,10
3114,554.929,290.071,10
3115,486.786,302.929,10
3116,462.357,304.214,10
3117,464.929,322.214,10
3118,418.643,305.5,10
3119,395.5,359.5,10
3120,398.071,369.786,10
3121,426.357,266.929,10
3122,426.357,251.5,10
3123,431.5,206.5,10
3124,470.071,193.643,10
3125,450.786,152.5,10
3126,526.643,180.786,10
3127,544.643,184.643,10
3128,529.214,215.5,10
3129,500.929,202.643,10
3130,572.929,131.929,10
3131,520.214,117.786,10
3132,594.786,21.357,10
3133,594.786,2.071,10
3134,548.5,12.357,10
3135,525.357,12.357,10
3136,449.5,4.643,10
3137,408.357,35.5,10
3138,369.786,58.643,10
3139,371.071,71.5,10
3140,407.071,104.929,10
3141,458.5,103.643,10
3142,476.5,74.071,10
3143,530.5,56.071,10
3144,572.929,67.643,10
3145,427.643,83.071,10
3146,421.214,669.357,10
3147,421.214,677.071,10
3148,408.357,677.071,10
3149,377.5,666.786,10
3150,408.357,614.071,10
3151,365.929,700.214,10
3152,301.643,693.786,10
3153,233.5,698.929,10
3154,238.643,718.214,10
3155,155.071,718.214,10
3156,125.5,697.643,10
3157,66.357,691.214,10
3158,171.786,668.071,10
3159,99.786,638.5,10
3160,70.214,616.643,10
3161,59.929,593.5,10
3162,77.929,590.929,10
3163,86.929,585.786,10
3164,98.5,596.071,10
3165,202.643,589.643,10
3166,184.643,565.214,10
3167,174.357,581.929,10
3168,241.214,619.214,10
3169,278.5,614.071,10
3170,278.5,616.643,10
3171,288.786,652.643,10
3172,318.357,629.5,10
3173,350.5,608.929,10
3174,283.643,535.643,10
3175,283.643,560.071,10
3176,328.643,544.643,10
3177,342.786,472.643,10
3178,328.643,476.5,10
3179,332.5,446.929,10
3180,337.643,434.071,10
3181,344.071,377.5,10
3182,327.357,354.357,10
3183,300.357,356.929,10
3184,344.071,295.214,10
3185,323.5,241.214,10
3186,296.5,223.214,10
3187,293.929,187.214,10
3188,277.214,178.214,10
3189,341.5,167.929,10
3190,336.357,194.929,10
3191,354.357,218.071,10
3192,371.071,242.5,10
3193,409.643,219.357,10
3194,284.929,89.5,10
3195,331.214,5.929,10
3196,300.357,12.357,10
3197,272.071,35.5,10
3198,242.5,58.643,10
3199,242.5,120.357,10
3200,214.214,152.5,10
3201,207.786,232.214,10
3202,254.071,256.643,10
3203,230.929,309.357,10
3204,254.071,389.071,10
3205,256.643,488.071,10
3206,279.786,426.357,10
3207,218.071,419.929,10
3208,193.643,448.214,10
3209,221.929,480.357,10
3210,153.786,470.071,10
3211,120.357,493.214,10
3212,52.214,542.071,10
3213,47.071,490.643,10
3214,5.929,495.786,10
3215,45.786,439.214,10
3216,81.786,461.071,10
3217,108.786,448.214,10
3218,122.929,435.357,10
3219,101.071,431.5,10
3220,130.643,407.071,10
3221,160.214,428.929,10
3222,173.071,400.643,10
3223,125.5,385.214,10
3224,133.214,340.214,10
3225,162.786,300.357,10
3226,134.5,268.214,10
3227,117.786,257.929,10
3228,90.786,284.929,10
3229,80.5,302.929,10
3230,68.929,318.357,10
3231,71.5,345.357,10
3232,93.357,365.929,10
3233,14.929,381.357,10
3234,59.929,304.214,10
3235,26.5,265.643,10
3236,7.214,308.071,10
3237,53.5,225.786,10
3238,12.357,232.214,10
3239,11.071,93.357,10
3240,83.071,99.786,10
3241,67.643,61.214,10
3242,71.5,38.071,10
3243,26.5,20.071,10
3244,131.929,44.5,10
3245,162.786,93.357,10
3246,176.929,7.214,10
3247,45.786,234.786,10
3248,804.357,409.643,10
3249,1283.929,715.643,11
3250,1262.071,661.643,11
3251,1228.643,715.643,11
3252,1220.929,687.357,11
3253,1197.786,678.357,11
3254,1136.071,725.929,11
3255,1168.214,689.929,11
3256,1160.5,666.786,11
3257,1159.214,635.929,11
3258,1179.786,644.929,11
3259,1174.643,581.929,11
3260,1282.643,554.929,11
3261,1219.643,531.786,11
3262,1148.929,502.214,11
3263,1123.214,498.357,11
3264,1092.357,598.643,11
3265,1076.929,677.071,11
3266,1040.929,597.357,11
3267,1048.643,594.786,11
3268,1029.357,544.643,11
3269,1061.5,525.357,11
3270,1075.643,477.786,11
3271,1123.214,416.071,11
3272,1127.071,446.929,11
3273,1174.643,412.214,11
3274,1201.643,413.5,11
3275,1183.643,459.786,11
3276,1164.357,389.071,11
3277,1268.5,362.071,11
3278,1254.357,446.929,11
3279,1231.214,484.214,11
3280,1211.929,359.5,11
3281,1264.643,299.071,11
3282,1291.643,326.071,11
3283,1204.214,279.786,11
3284,1256.929,203.929,11
3285,1253.071,130.643,11
3286,1214.5,129.357,11
3287,1215.786,151.214,11
3288,1218.357,167.929,11
3289,1157.929,228.357,11
3290,1178.5,219.357,11
3291,1130.929,291.357,11
3292,1097.5,300.357,11
3293,1073.071,320.929,11
3294,1247.929,36.786,11
3295,1175.929,59.929,11
3296,1197.786,75.357,11
3297,1211.929,68.929,11
3298,1191.357,90.786,11
3299,1195.214,106.214,11
3300,1121.929,17.5,11
3301,1029.357,39.357,11
3302,1002.357,53.5,11
3303,966.357,77.929,11
3304,977.929,80.5,11
3305,989.5,12.357,11
3306,1062.786,13.643,11
3307,895.643,36.786,11
3308,904.643,90.786,11
3309,912.357,137.071,11
3310,872.5,121.643,11
3311,851.929,135.786,11
3312,866.071,161.5,11
3313,929.071,200.071,11
3314,931.643,170.5,11
3315,938.071,164.071,11
3316,995.929,148.643,11
3317,1073.071,131.929,11
3318,1098.786,117.786,11
3319,1092.357,178.214,11
3320,1128.357,193.643,11
3321,1047.357,218.071,11
3322,1070.5,250.214,11
3323,1038.357,241.214,11
3324,1025.5,261.786,11
3325,1007.5,211.643,11
3326,962.5,191.071,11
3327,963.786,211.643,11
3328,925.214,238.643,11
3329,909.786,246.357,11
3330,899.5,247.643,11
3331,877.643,252.786,11
3332,899.5,263.071,11
3333,941.929,302.929,11
3334,916.214,308.071,11
3335,876.357,299.071,11
3336,853.214,304.214,11
3337,939.357,354.357,11
3338,979.214,394.214,11
3339,1015.214,396.786,11
3340,983.071,584.5,11
3341,974.071,594.786,11
3342,962.5,606.357,11
3343,972.786,629.5,11
3344,979.214,682.214,11
3345,959.929,675.786,11
3346,914.929,700.214,11
3347,896.929,639.786,11
3348,907.214,637.214,11
3349,867.357,623.071,11
3350,828.786,634.643,11
3351,823.643,668.071,11
3352,783.786,592.214,11
3353,761.929,574.214,11
3354,831.357,504.786,11
3355,914.929,554.929,11
3356,939.357,486.786,11
3357,968.929,482.929,11
3358,985.643,479.071,11
3359,999.786,488.071,11
3360,837.786,436.643,11
3361,866.071,405.786,11
3362,1021.643,428.929,11
3363,788.929,432.786,11
3364,799.214,416.071,11
3365,746.5,446.929,11
3366,742.643,396.786,11
3367,774.786,310.643,11
3368,776.071,286.214,11
3369,818.5,236.071,11
3370,749.071,227.071,11
3371,773.5,238.643,11
3372,779.929,162.786,11
3373,711.786,103.643,11
3374,727.214,88.214,11
3375,728.5,34.214,11
3376,792.786,111.357,11
3377,772.214,112.643,11
3378,749.071,142.214,11
3379,776.071,67.643,11
3380,689.929,173.071,11
3381,684.786,183.357,11
3382,692.5,187.214,11
3383,693.786,233.5,11
3384,710.5,236.071,11
3385,701.5,283.643,11
3386,655.214,338.929,11
3387,647.5,327.357,11
3388,610.214,320.929,11
3389,637.214,355.643,11
3390,683.5,372.357,11
3391,621.786,437.929,11
3392,625.643,476.5,11
3393,691.214,479.071,11
3394,679.643,554.929,11
3395,655.214,553.643,11
3396,705.357,549.786,11
3397,623.071,560.071,11
3398,554.929,565.214,11
3399,535.643,581.929,11
3400,495.786,650.071,11
3401,525.357,650.071,11
3402,538.214,687.357,11
3403,563.929,637.214,11
3404,583.214,626.929,11
3405,605.071,610.214,11
3406,621.786,625.643,11
3407,642.357,626.929,11
3408,648.786,639.786,11
3409,693.786,617.929,11
3410,683.5,642.357,11
3411,607.643,660.357,11
3412,623.071,650.071,11
3413,635.929,660.357,11
3414,632.071,673.214,11
3415,682.214,693.786,11
3416,724.643,711.786,11
3417,752.929,698.929,11
3418,616.643,236.071,11
3419,646.214,169.214,11
3420,639.786,139.643,11
3421,632.071,106.214,11
3422,660.357,113.929,11
3423,652.643,88.214,11
3424,669.357,44.5,11
3425,572.929,65.071,11
3426,597.357,25.214,11
3427,597.357,2.071,11
3428,809.5,63.786,11
3429,700.214,9.786,11
3430,511.214,540.786,11
3431,534.357,538.214,11
3432,540.786,504.786,11
3433,566.5,450.786,11
3434,530.5,409.643,11
3435,548.5,390.357,11
3436,557.5,386.5,11
3437,536.929,326.071,11
3438,545.929,327.357,11
3439,558.786,318.357,11
3440,558.786,300.357,11
3441,529.214,215.5,11
3442,526.643,176.929,11
3443,503.5,201.357,11
3444,551.071,179.5,11
3445,585.786,142.214,11
3446,527.929,115.214,11
3447,472.643,191.071,11
3448,445.643,156.357,11
3449,412.214,110.071,11
3450,432.786,110.071,11
3451,428.929,86.929,11
3452,461.071,98.5,11
3453,476.5,80.5,11
3454,518.929,57.357,11
3455,527.929,9.786,11
3456,552.357,9.786,11
3457,448.214,4.643,11
3458,430.214,12.357,11
3459,396.786,22.643,11
3460,400.643,45.786,11
3461,377.5,68.929,11
3462,367.214,72.786,11
3463,435.357,212.929,11
3464,426.357,251.5,11
3465,427.643,265.643,11
3466,464.929,296.5,11
3467,466.214,313.214,11
3468,467.5,331.214,11
3469,490.643,302.929,11
3470,482.929,369.786,11
3471,473.929,400.643,11
3472,475.214,446.929,11
3473,457.214,458.5,11
3474,450.786,476.5,11
3475,421.214,462.357,11
3476,439.214,504.786,11
3477,455.929,499.643,11
3478,450.786,512.5,11
3479,419.929,493.214,11
3480,476.5,530.5,11
3481,432.786,597.357,11
3482,407.071,562.643,11
3483,403.214,614.071,11
3484,425.071,670.643,11
3485,431.5,679.643,11
3486,410.929,675.786,11
3487,383.929,661.643,11
3488,367.214,707.929,11
3489,305.5,697.643,11
3490,234.786,706.643,11
3491,248.929,715.643,11
3492,148.643,715.643,11
3493,166.643,674.5,11
3494,101.071,635.929,11
3495,76.643,617.929,11
3496,72.786,689.929,11
3497,74.071,592.214,11
3498,80.5,589.643,11
3499,88.214,578.071,11
3500,94.643,593.5,11
3501,62.5,597.357,11
3502,180.786,563.929,11
3503,194.929,588.357,11
3504,238.643,620.5,11
3505,277.214,601.214,11
3506,278.5,610.214,11
3507,286.214,650.071,11
3508,320.929,629.5,11
3509,355.643,612.786,11
3510,288.786,560.071,11
3511,287.5,538.214,11
3512,328.643,538.214,11
3513,337.643,475.214,11
3514,331.214,440.5,11
3515,356.929,432.786,11
3516,395.5,363.357,11
3517,410.929,371.071,11
3518,381.357,392.929,11
3519,439.214,412.214,11
3520,251.5,480.357,11
3521,220.643,484.214,11
3522,192.357,452.071,11
3523,144.786,466.214,11
3524,116.5,484.214,11
3525,75.357,461.071,11
3526,45.786,443.071,11
3527,48.357,488.071,11
3528,59.929,530.5,11
3529,0.786,494.5,11
3530,355.643,508.643,11
3531,378.786,488.071,11
3532,392.929,484.214,11
3533,426.357,309.357,11
3534,376.214,237.357,11
3535,365.929,214.214,11
3536,341.5,175.643,11
3537,385.214,180.786,11
3538,292.643,218.071,11
3539,292.643,201.357,11
3540,277.214,173.071,11
3541,333.786,241.214,11
3542,336.357,288.786,11
3543,304.214,350.5,11
3544,251.5,380.071,11
3545,277.214,432.786,11
3546,219.357,416.071,11
3547,166.643,398.071,11
3548,338.929,374.929,11
3549,333.786,356.929,11
3550,302.929,383.929,11
3551,151.214,427.643,11
3552,119.071,422.5,11
3553,116.5,443.071,11
3554,126.786,399.357,11
3555,124.214,387.786,11
3556,97.214,364.643,11
3557,130.643,345.357,11
3558,173.071,302.929,11
3559,129.357,273.357,11
3560,113.929,259.214,11
3561,99.786,272.071,11
3562,93.357,291.357,11
3563,86.929,300.357,11
3564,74.071,310.643,11
3565,63.786,299.071,11
3566,43.214,306.786,11
3567,2.071,304.214,11
3568,3.357,364.643,11
3569,3.357,376.214,11
3570,66.357,342.786,11
3571,71.5,344.071,11
3572,228.357,302.929,11
3573,247.643,257.929,11
3574,216.786,228.357,11
3575,218.071,142.214,11
3576,207.786,192.357,11
3577,184.643,158.929,11
3578,111.357,218.071,11
3579,68.929,178.214,11
3580,12.357,210.357,11
3581,3.357,230.929,11
3582,3.357,259.214,11
3583,17.5,264.357,11
3584,41.929,233.5,11
3585,44.5,219.357,11
3586,8.5,122.929,11
3587,26.5,13.643,11
3588,63.786,43.214,11
3589,65.071,66.357,11
3590,79.214,97.214,11
3591,133.214,44.5,11
3592,131.929,61.214,11
3593,178.214,5.929,11
3594,161.5,89.5,11
3595,232.214,128.071,11
3596,239.929,63.786,11
3597,290.071,89.5,11
3598,288.786,16.214,11
3599,337.643,16.214,11
3600,952.214,418.643,11
3601,1291.643,715.643,12
3602,1132.214,727.214,12
3603,1228.643,711.786,12
3604,1222.214,691.214,12
3605,1174.643,687.357,12
3606,1192.643,671.929,12
3607,1182.357,646.214,12
3608,1152.786,643.643,12
3609,1163.071,664.214,12
3610,1254.357,664.214,12
3611,1246.643,642.357,12
3612,1174.643,587.071,12
3613,1280.071,556.214,12
3614,1237.643,527.929,12
3615,1223.5,490.643,12
3616,1250.5,444.357,12
3617,1236.357,594.786,12
3618,1101.357,603.786,12
3619,1097.5,598.643,12
3620,1071.786,605.071,12
3621,1087.214,616.643,12
3622,1051.214,589.643,12
3623,1039.643,597.357,12
3624,984.357,589.643,12
3625,966.357,601.214,12
3626,963.786,612.786,12
3627,976.643,624.357,12
3628,959.929,675.786,12
3629,976.643,680.929,12
3630,1080.786,678.357,12
3631,1020.357,552.357,12
3632,1066.643,525.357,12
3633,1075.643,482.929,12
3634,1119.357,502.214,12
3635,1143.786,508.643,12
3636,1191.357,459.786,12
3637,1201.643,416.071,12
3638,1201.643,405.786,12
3639,1174.643,417.357,12
3640,1123.214,421.214,12
3641,1129.643,446.929,12
3642,1154.071,391.643,12
3643,1211.929,358.214,12
3644,1277.5,372.357,12
3645,1294.214,322.214,12
3646,1267.214,290.071,12
3647,1210.643,281.071,12
3648,1076.929,135.786,12
3649,1097.5,116.5,12
3650,1199.071,98.5,12
3651,1204.214,88.214,12
3652,1184.929,67.643,12
3653,1184.929,57.357,12
3654,1213.214,71.5,12
3655,1251.786,31.643,12
3656,1247.929,134.5,12
3657,1224.786,128.071,12
3658,1202.929,151.214,12
3659,1218.357,164.071,12
3660,1258.214,206.5,12
3661,1164.357,228.357,12
3662,1150.214,228.357,12
3663,1127.071,189.786,12
3664,1093.643,175.643,12
3665,1127.071,12.357,12
3666,1028.071,39.357,12
3667,1015.214,58.643,12
3668,963.786,77.929,12
3669,968.929,90.786,12
3670,990.786,12.357,12
3671,1136.071,292.643,12
3672,1098.786,292.643,12
3673,1076.929,322.214,12
3674,1071.786,250.214,12
3675,1034.5,245.071,12
3676,1033.214,256.643,12
3677,1037.071,227.071,12
3678,1043.5,219.357,12
3679,1008.786,210.357,12
3680,986.929,151.214,12
3681,1004.929,148.643,12
3682,959.929,193.643,12
3683,971.5,206.5,12
3684,923.929,201.357,12
3685,926.5,174.357,12
3686,927.786,237.357,12
3687,912.357,243.786,12
3688,899.5,243.786,12
3689,882.786,255.357,12
3690,896.929,261.786,12
3691,878.929,297.786,12
3692,854.5,305.5,12
3693,921.357,304.214,12
3694,945.786,304.214,12
3695,943.214,353.071,12
3696,979.214,395.5,12
3697,992.071,475.214,12
3698,1001.071,495.786,12
3699,966.357,482.929,12
3700,938.071,491.929,12
3701,917.5,503.5,12
3702,921.357,560.071,12
3703,1016.5,400.643,12
3704,965.071,525.357,12
3705,833.929,517.643,12
3706,862.214,616.643,12
3707,891.786,650.071,12
3708,903.357,638.5,12
3709,913.643,688.643,12
3710,818.5,668.071,12
3711,827.5,629.5,12
3712,792.786,592.214,12
3713,760.643,580.643,12
3714,701.5,552.357,12
3715,675.786,548.5,12
3716,656.5,552.357,12
3717,623.071,560.071,12
3718,689.929,620.5,12
3719,689.929,641.071,12
3720,723.357,674.5,12
3721,723.357,706.643,12
3722,752.929,700.214,12
3723,688.643,695.071,12
3724,648.786,660.357,12
3725,637.214,651.357,12
3726,637.214,670.643,12
3727,652.643,644.929,12
3728,644.929,633.357,12
3729,616.643,623.071,12
3730,605.071,615.357,12
3731,596.071,634.643,12
3732,607.643,651.357,12
3733,580.643,628.214,12
3734,580.643,634.643,12
3735,566.5,633.357,12
3736,529.214,642.357,12
3737,530.5,657.786,12
3738,543.357,696.357,12
3739,500.929,656.5,12
3740,497.071,646.214,12
3741,522.786,598.643,12
3742,536.929,583.214,12
3743,561.357,566.5,12
3744,538.214,538.214,12
3745,507.357,542.071,12
3746,540.786,502.214,12
3747,485.5,527.929,12
3748,632.071,479.071,12
3749,569.071,457.214,12
3750,539.5,426.357,12
3751,531.786,410.929,12
3752,467.5,443.071,12
3753,458.5,461.071,12
3754,450.786,468.786,12
3755,439.214,463.643,12
3756,421.214,500.929,12
3757,454.643,503.5,12
3758,455.929,513.786,12
3759,404.5,561.357,12
3760,552.357,395.5,12
3761,544.643,328.643,12
3762,549.786,324.786,12
3763,557.5,299.071,12
3764,608.929,326.071,12
3765,642.357,326.071,12
3766,661.643,345.357,12
3767,641.071,356.929,12
3768,678.357,373.643,12
3769,616.643,436.643,12
3770,684.786,481.643,12
3771,660.357,450.786,12
3772,756.786,453.357,12
3773,749.071,401.929,12
3774,782.5,432.786,12
3775,797.929,407.071,12
3776,837.786,434.071,12
3777,869.929,405.786,12
3778,776.071,304.214,12
3779,776.071,283.643,12
3780,691.214,286.214,12
3781,823.643,242.5,12
3782,750.357,221.929,12
3783,867.357,167.929,12
3784,848.071,135.786,12
3785,875.071,122.929,12
3786,895.643,26.5,12
3787,909.786,140.929,12
3788,949.643,161.5,12
3789,770.929,165.357,12
3790,783.786,110.071,12
3791,722.071,90.786,12
3792,718.214,107.5,12
3793,695.071,173.071,12
3794,682.214,184.643,12
3795,706.643,193.643,12
3796,702.786,229.643,12
3797,615.357,230.929,12
3798,643.643,171.786,12
3799,641.071,139.643,12
3800,642.357,108.786,12
3801,659.071,115.214,12
3802,646.214,86.929,12
3803,677.071,38.071,12
3804,695.071,38.071,12
3805,724.643,30.357,12
3806,594.786,18.786,12
3807,596.071,4.643,12
3808,552.357,11.071,12
3809,517.643,11.071,12
3810,504.786,16.214,12
3811,571.643,68.929,12
3812,579.357,140.929,12
3813,551.071,174.357,12
3814,522.786,174.357,12
3815,529.214,211.643,12
3816,524.071,113.929,12
3817,515.071,52.214,12
3818,449.5,7.214,12
3819,419.929,9.786,12
3820,399.357,30.357,12
3821,404.5,45.786,12
3822,385.214,71.5,12
3823,407.071,112.643,12
3824,414.786,74.071,12
3825,431.5,107.5,12
3826,455.929,102.357,12
3827,475.214,68.929,12
3828,444.357,157.643,12
3829,484.214,182.071,12
3830,502.214,201.357,12
3831,431.5,206.5,12
3832,417.357,248.929,12
3833,404.5,232.214,12
3834,422.5,265.643,12
3835,459.786,287.5,12
3836,461.071,308.071,12
3837,464.929,326.071,12
3838,489.357,302.929,12
3839,480.357,373.643,12
3840,464.929,405.786,12
3841,404.5,381.357,12
3842,395.5,365.929,12
3843,423.786,299.071,12
3844,440.5,400.643,12
3845,338.929,437.929,12
3846,331.214,381.357,12
3847,333.786,475.214,12
3848,359.5,506.071,12
3849,327.357,542.071,12
3850,286.214,539.5,12
3851,281.071,560.071,12
3852,346.643,610.214,12
3853,405.786,608.929,12
3854,387.786,666.786,12
3855,319.643,630.786,12
3856,410.929,670.643,12
3857,419.929,671.929,12
3858,427.643,687.357,12
3859,380.071,701.5,12
3860,359.5,725.929,12
3861,309.357,696.357,12
3862,238.643,706.643,12
3863,254.071,720.786,12
3864,219.357,723.357,12
3865,166.643,719.5,12
3866,70.214,695.071,12
3867,158.929,680.929,12
3868,185.929,657.786,12
3869,241.214,621.786,12
3870,272.071,601.214,12
3871,281.071,606.357,12
3872,282.357,651.357,12
3873,205.214,584.5,12
3874,182.071,563.929,12
3875,101.071,590.929,12
3876,89.5,580.643,12
3877,80.5,587.071,12
3878,75.357,612.786,12
3879,97.214,632.071,12
3880,68.929,602.5,12
3881,57.357,531.786,12
3882,41.929,498.357,12
3883,72.786,462.357,12
3884,48.357,439.214,12
3885,242.5,485.5,12
3886,219.357,485.5,12
3887,180.786,463.643,12
3888,140.929,468.786,12
3889,113.929,489.357,12
3890,113.929,452.071,12
3891,108.786,432.786,12
3892,146.071,440.5,12
3893,169.214,403.214,12
3894,129.357,405.786,12
3895,121.643,391.643,12
3896,120.357,341.5,12
3897,86.929,363.357,12
3898,254.071,396.786,12
3899,279.786,439.214,12
3900,299.071,351.786,12
3901,332.5,293.929,12
3902,374.929,230.929,12
3903,372.357,214.214,12
3904,338.929,201.357,12
3905,323.5,169.214,12
3906,382.643,183.357,12
3907,326.071,232.214,12
3908,283.643,225.786,12
3909,299.071,197.5,12
3910,290.071,185.929,12
3911,173.071,305.5,12
3912,220.643,305.5,12
3913,210.357,225.786,12
3914,252.786,260.5,12
3915,138.357,273.357,12
3916,110.071,259.214,12
3917,90.786,293.929,12
3918,77.929,313.214,12
3919,4.643,308.071,12
3920,43.214,309.357,12
3921,12.357,266.929,12
3922,47.071,233.5,12
3923,47.071,224.5,12
3924,14.929,212.929,12
3925,2.071,233.5,12
3926,79.214,183.357,12
3927,110.071,209.071,12
3928,185.929,162.786,12
3929,210.357,144.786,12
3930,241.214,130.643,12
3931,165.357,94.643,12
3932,128.071,44.5,12
3933,250.214,63.786,12
3934,281.071,34.214,12
3935,296.5,12.357,12
3936,62.5,45.786,12
3937,70.214,67.643,12
3938,71.5,99.786,12
3939,26.5,16.214,12
3940,0.786,99.786,12
3941,1290.357,715.643,13
3942,1256.929,666.786,13
3943,1253.071,642.357,13
3944,1182.357,643.643,13
3945,1156.643,643.643,13
3946,1159.214,662.929,13
3947,1199.071,669.357,13
3948,1219.643,689.929,13
3949,1224.786,711.786,13
3950,1078.214,678.357,13
3951,967.643,675.786,13
3952,957.357,603.786,13
3953,961.214,596.071,13
3954,980.5,587.071,13
3955,1030.643,598.643,13
3956,1047.357,589.643,13
3957,1074.357,601.214,13
3958,1084.643,614.071,13
3959,1096.214,602.5,13
3960,1175.929,581.929,13
3961,1174.643,563.929,13
3962,1235.071,535.643,13
3963,1283.929,554.929,13
3964,1241.5,448.214,13
3965,1226.071,489.357,13
3966,1184.929,457.214,13
3967,1145.071,508.643,13
3968,1071.786,484.214,13
3969,1062.786,521.5,13
3970,1015.214,548.5,13
3971,1229.929,594.786,13
3972,1177.214,418.643,13
3973,1134.786,421.214,13
3974,1201.643,419.929,13
3975,1201.643,408.357,13
3976,1224.786,354.357,13
3977,1280.071,367.214,13
3978,1283.929,317.071,13
3979,1264.643,295.214,13
3980,1202.929,279.786,13
3981,1260.786,202.643,13
3982,1292.929,220.643,13
3983,1250.5,133.214,13
3984,1218.357,133.214,13
3985,1205.5,147.357,13
3986,1213.214,167.929,13
3987,1196.5,101.071,13
3988,1190.071,66.357,13
3989,1200.357,79.214,13
3990,1187.5,56.071,13
3991,1246.643,35.5,13
3992,992.071,494.5,13
3993,993.357,484.214,13
3994,965.071,477.786,13
3995,939.357,491.929,13
3996,921.357,570.357,13
3997,917.5,506.071,13
3998,903.357,633.357,13
3999,899.5,639.786,13
4000,914.929,689.929,13
4001,863.5,611.5,13
4002,815.929,638.5,13
4003,813.357,666.786,13
4004,791.5,594.786,13
4005,756.786,572.929,13
4006,833.929,512.5,13
4007,842.929,430.214,13
4008,863.5,405.786,13
4009,794.071,407.071,13
4010,785.071,430.214,13
4011,761.929,450.786,13
4012,746.5,392.929,13
4013,974.071,392.929,13
4014,1012.643,396.786,13
4015,1075.643,319.643,13
4016,1092.357,302.929,13
4017,1106.5,284.929,13
4018,1133.5,284.929,13
4019,1066.643,254.071,13
4020,1030.643,243.786,13
4021,1038.357,259.214,13
4022,1039.643,228.357,13
4023,1039.643,212.929,13
4024,1003.643,215.5,13
4025,958.643,212.929,13
4026,972.786,188.5,13
4027,992.071,149.929,13
4028,943.214,158.929,13
4029,931.643,170.5,13
4030,926.5,200.071,13
4031,929.071,234.786,13
4032,922.643,251.5,13
4033,899.5,238.643,13
4034,894.357,250.214,13
4035,873.786,252.786,13
4036,881.5,299.071,13
4037,855.786,304.214,13
4038,920.071,296.5,13
4039,945.786,301.643,13
4040,944.5,359.5,13
4041,1174.643,233.5,13
4042,1154.071,224.5,13
4043,1124.5,184.643,13
4044,1088.5,178.214,13
4045,1074.357,133.214,13
4046,1097.5,120.357,13
4047,1156.643,390.357,13
4048,1107.786,48.357,13
4049,1119.357,3.357,13
4050,1053.786,17.5,13
4051,1024.214,36.786,13
4052,999.786,50.929,13
4053,988.214,13.643,13
4054,958.643,81.786,13
4055,970.214,85.643,13
4056,912.357,148.643,13
4057,878.929,162.786,13
4058,842.929,146.071,13
4059,862.214,122.929,13
4060,902.071,25.214,13
4061,773.5,161.5,13
4062,810.786,242.5,13
4063,770.929,286.214,13
4064,776.071,306.786,13
4065,700.214,273.357,13
4066,686.071,225.786,13
4067,705.357,234.786,13
4068,745.214,223.214,13
4069,701.5,194.929,13
4070,693.786,173.071,13
4071,677.071,187.214,13
4072,639.786,175.643,13
4073,634.643,143.5,13
4074,643.643,112.643,13
4075,650.071,89.5,13
4076,675.786,47.071,13
4077,695.071,4.643,13
4078,734.929,27.786,13
4079,732.357,89.5,13
4080,716.929,119.071,13
4081,774.786,106.214,13
4082,737.5,151.214,13
4083,778.643,71.5,13
4084,808.214,70.214,13
4085,728.5,707.929,13
4086,687.357,695.071,13
4087,752.929,700.214,13
4088,653.929,639.786,13
4089,647.5,630.786,13
4090,634.643,643.643,13
4091,641.071,652.643,13
4092,630.786,668.071,13
4093,706.643,621.786,13
4094,705.357,552.357,13
4095,671.929,543.357,13
4096,655.214,545.929,13
4097,620.5,548.5,13
4098,603.786,612.786,13
4099,614.071,620.5,13
4100,597.357,634.643,13
4101,601.214,655.214,13
4102,587.071,621.786,13
4103,583.214,632.071,13
4104,560.071,634.643,13
4105,531.786,646.214,13
4106,538.214,652.643,13
4107,508.643,638.5,13
4108,503.5,655.214,13
4109,549.786,692.5,13
4110,517.643,594.786,13
4111,543.357,584.5,13
4112,558.786,569.071,13
4113,539.5,531.786,13
4114,512.5,533.071,13
4115,493.214,527.929,13
4116,535.643,506.071,13
4117,560.071,459.786,13
4118,630.786,481.643,13
4119,689.929,481.643,13
4120,673.214,453.357,13
4121,624.357,436.643,13
4122,680.929,372.357,13
4123,638.5,359.5,13
4124,650.071,336.357,13
4125,639.786,324.786,13
4126,607.643,324.786,13
4127,620.5,241.214,13
4128,566.5,296.5,13
4129,558.786,323.5,13
4130,551.071,331.214,13
4131,538.214,336.357,13
4132,557.5,392.929,13
4133,525.357,416.071,13
4134,535.643,430.214,13
4135,484.214,383.929,13
4136,457.214,390.357,13
4137,480.357,440.5,13
4138,436.643,416.071,13
4139,459.786,464.929,13
4140,452.071,470.071,13
4141,431.5,464.929,13
4142,410.929,515.071,13
4143,448.214,512.5,13
4144,444.357,502.214,13
4145,405.786,607.643,13
4146,377.5,678.357,13
4147,400.643,673.214,13
4148,425.071,673.214,13
4149,426.357,683.5,13
4150,359.5,722.071,13
4151,305.5,697.643,13
4152,245.071,709.214,13
4153,250.214,727.214,13
4154,156.357,682.214,13
4155,70.214,683.5,13
4156,189.786,665.5,13
4157,161.5,720.786,13
4158,147.357,716.929,13
4159,238.643,624.357,13
4160,272.071,608.929,13
4161,286.214,614.071,13
4162,282.357,638.5,13
4163,323.5,629.5,13
4164,349.214,607.643,13
4165,328.643,544.643,13
4166,349.214,511.214,13
4167,282.357,558.786,13
4168,205.214,588.357,13
4169,187.214,556.214,13
4170,110.071,635.929,13
4171,79.214,616.643,13
4172,79.214,588.357,13
4173,97.214,575.5,13
4174,95.929,589.643,13
4175,61.214,594.786,13
4176,48.357,535.643,13
4177,48.357,495.786,13
4178,4.643,503.5,13
4179,122.929,489.357,13
4180,144.786,464.929,13
4181,175.643,457.214,13
4182,85.643,455.929,13
4183,48.357,436.643,13
4184,117.786,449.5,13
4185,106.214,428.929,13
4186,137.071,439.214,13
4187,128.071,403.214,13
4188,129.357,392.929,13
4189,89.5,371.071,13
4190,107.5,354.357,13
4191,79.214,344.071,13
4192,52.214,372.357,13
4193,27.786,374.929,13
4194,4.643,367.214,13
4195,128.071,344.071,13
4196,167.929,308.071,13
4197,140.929,283.643,13
4198,113.929,265.643,13
4199,94.643,295.214,13
4200,84.357,291.357,13
4201,79.214,309.357,13
4202,54.786,292.643,13
4203,43.214,306.786,13
4204,20.071,306.786,13
4205,18.786,272.071,13
4206,45.786,225.786,13
4207,7.214,234.786,13
4208,12.357,209.071,13
4209,2.071,103.643,13
4210,27.786,13.643,13
4211,59.929,40.643,13
4212,59.929,72.786,13
4213,74.071,97.214,13
4214,117.786,207.786,13
4215,126.786,62.5,13
4216,131.929,48.357,13
4217,173.071,90.786,13
4218,185.929,165.357,13
4219,209.071,146.071,13
4220,250.214,135.786,13
4221,210.357,189.786,13
4222,215.5,230.929,13
4223,219.357,305.5,13
4224,261.786,255.357,13
4225,259.214,398.071,13
4226,175.643,403.214,13
4227,228.357,427.643,13
4228,220.643,490.643,13
4229,250.214,489.357,13
4230,326.071,481.643,13
4231,345.357,439.214,13
4232,335.071,376.214,13
4233,306.786,350.5,13
4234,394.214,363.357,13
4235,468.786,323.5,13
4236,403.214,557.5,13
4237,440.5,592.214,13
4238,491.929,305.5,13
4239,459.786,306.786,13
4240,457.214,287.5,13
4241,423.786,299.071,13
4242,425.071,263.071,13
4243,425.071,245.071,13
4244,389.071,233.5,13
4245,367.214,237.357,13
4246,367.214,224.5,13
4247,359.5,193.643,13
4248,337.643,173.071,13
4249,291.357,185.929,13
4250,292.643,198.786,13
4251,313.214,198.786,13
4252,282.357,224.5,13
4253,329.929,232.214,13
4254,329.929,300.357,13
4255,252.786,59.929,13
4256,538.214,215.5,13
4257,497.071,206.5,13
4258,486.786,193.643,13
4259,425.071,205.214,13
4260,377.5,188.5,13
4261,453.357,157.643,13
4262,435.357,115.214,13
4263,422.5,70.214,13
4264,386.5,70.214,13
4265,381.357,80.5,13
4266,390.357,35.5,13
4267,403.214,49.643,13
4268,324.786,20.071,13
4269,292.643,18.786,13
4270,419.929,9.786,13
4271,449.5,13.643,13
4272,513.786,14.929,13
4273,524.071,11.071,13
4274,560.071,11.071,13
4275,594.786,13.643,13
4276,579.357,142.214,13
4277,536.929,176.929,13
4278,517.643,178.214,13
4279,522.786,116.5,13
4280,457.214,103.643,13
4281,462.357,76.643,13
4282,511.214,56.071,13
4283,574.214,68.929,13
4284,403.214,106.214,13
4285,408.357,107.5,13
4286,1286.5,719.5,14
4287,1262.071,671.929,14
4288,1249.214,644.929,14
4289,1186.214,679.643,14
4290,1183.643,655.214,14
4291,1164.357,641.071,14
4292,1146.357,657.786,14
4293,1223.5,710.5,14
4294,1182.357,688.643,14
4295,1085.929,680.929,14
4296,980.5,683.5,14
4297,961.214,673.214,14
4298,913.643,696.357,14
4299,1277.5,548.5,14
4300,1235.071,539.5,14
4301,1174.643,562.643,14
4302,1182.357,588.357,14
4303,1231.214,599.929,14
4304,1222.214,494.5,14
4305,1241.5,445.643,14
4306,1186.214,453.357,14
4307,1181.071,425.071,14
4308,1137.357,421.214,14
4309,1155.357,394.214,14
4310,1202.929,409.643,14
4311,1224.786,355.643,14
4312,1278.786,365.929,14
4313,1291.643,323.5,14
4314,1276.214,291.357,14
4315,1204.214,282.357,14
4316,1096.214,602.5,14
4317,1079.5,615.357,14
4318,1055.071,592.214,14
4319,1037.071,596.071,14
4320,1010.071,557.5,14
4321,984.357,587.071,14
4322,963.786,585.786,14
4323,962.5,605.071,14
4324,902.071,633.357,14
4325,898.214,646.214,14
4326,871.214,611.5,14
4327,821.071,634.643,14
4328,812.071,661.643,14
4329,801.786,593.5,14
4330,761.929,574.214,14
4331,836.5,508.643,14
4332,930.357,558.786,14
4333,936.786,497.071,14
4334,966.357,476.5,14
4335,993.357,494.5,14
4336,1082.071,485.5,14
4337,1061.5,522.786,14
4338,1147.643,503.5,14
4339,977.929,389.071,14
4340,1260.786,202.643,14
4341,1249.214,135.786,14
4342,1224.786,129.357,14
4343,1206.786,146.071,14
4344,1214.5,161.5,14
4345,1291.643,221.929,14
4346,1179.786,94.643,14
4347,1181.071,65.071,14
4348,1200.357,85.643,14
4349,1211.929,66.357,14
4350,1251.786,34.214,14
4351,1125.786,0.786,14
4352,1112.929,48.357,14
4353,1089.786,130.643,14
4354,1076.929,137.071,14
4355,1092.357,184.643,14
4356,1127.071,185.929,14
4357,1165.643,230.929,14
4358,1132.214,283.643,14
4359,1083.357,306.786,14
4360,1079.5,326.071,14
4361,1069.214,255.357,14
4362,1037.071,245.071,14
4363,1031.929,259.214,14
4364,1040.929,223.214,14
4365,1048.643,216.786,14
4366,871.214,407.071,14
4367,842.929,426.357,14
4368,799.214,400.643,14
4369,749.071,390.357,14
4370,781.214,434.071,14
4371,767.071,453.357,14
4372,956.071,353.071,14
4373,948.357,306.786,14
4374,921.357,295.214,14
4375,881.5,300.357,14
4376,854.5,306.786,14
4377,885.357,248.929,14
4378,908.5,252.786,14
4379,903.357,238.643,14
4380,927.786,242.5,14
4381,929.071,198.786,14
4382,965.071,211.643,14
4383,967.643,179.5,14
4384,998.5,146.071,14
4385,936.786,164.071,14
4386,894.357,153.786,14
4387,871.214,156.357,14
4388,851.929,137.071,14
4389,868.643,120.357,14
4390,962.5,77.929,14
4391,972.786,85.643,14
4392,905.929,26.5,14
4393,908.5,86.929,14
4394,1017.786,58.643,14
4395,1039.643,29.071,14
4396,989.5,7.214,14
4397,1015.214,398.071,14
4398,700.214,548.5,14
4399,701.5,620.5,14
4400,688.643,641.071,14
4401,727.214,709.214,14
4402,684.786,702.786,14
4403,749.071,693.786,14
4404,686.071,481.643,14
4405,779.929,306.786,14
4406,772.214,283.643,14
4407,754.214,300.357,14
4408,819.786,239.929,14
4409,749.071,233.5,14
4410,695.071,265.643,14
4411,700.214,237.357,14
4412,692.5,225.786,14
4413,701.5,189.786,14
4414,695.071,171.786,14
4415,682.214,184.643,14
4416,637.214,176.929,14
4417,779.929,166.643,14
4418,737.5,149.929,14
4419,779.929,99.786,14
4420,728.5,86.929,14
4421,719.5,117.786,14
4422,648.786,117.786,14
4423,641.071,138.357,14
4424,646.214,83.071,14
4425,675.786,47.071,14
4426,732.357,29.071,14
4427,778.643,62.5,14
4428,805.643,66.357,14
4429,1130.929,448.214,14
4430,920.071,502.214,14
4431,677.071,376.214,14
4432,664.214,544.643,14
4433,661.643,641.071,14
4434,647.5,630.786,14
4435,642.357,646.214,14
4436,625.643,668.071,14
4437,589.643,655.214,14
4438,596.071,641.071,14
4439,571.643,635.929,14
4440,578.071,624.357,14
4441,561.357,635.929,14
4442,605.071,611.5,14
4443,617.929,620.5,14
4444,543.357,652.643,14
4445,531.786,650.071,14
4446,504.786,637.214,14
4447,502.214,647.5,14
4448,543.357,691.214,14
4449,518.929,594.786,14
4450,533.071,587.071,14
4451,562.643,567.786,14
4452,615.357,553.643,14
4453,497.071,533.071,14
4454,509.929,536.929,14
4455,540.786,527.929,14
4456,544.643,504.786,14
4457,561.357,461.071,14
4458,617.929,430.214,14
4459,620.5,493.214,14
4460,585.786,524.071,14
4461,652.643,337.643,14
4462,634.643,329.929,14
4463,615.357,329.929,14
4464,639.786,350.5,14
4465,552.357,400.643,14
4466,557.5,391.643,14
4467,518.929,414.786,14
4468,530.5,435.357,14
4469,477.786,446.929,14
4470,462.357,462.357,14
4471,454.643,473.929,14
4472,452.071,495.786,14
4473,436.643,512.5,14
4474,437.929,463.643,14
4475,454.643,390.357,14
4476,484.214,387.786,14
4477,543.357,336.357,14
4478,552.357,323.5,14
4479,561.357,287.5,14
4480,485.5,301.643,14
4481,450.786,283.643,14
4482,450.786,306.786,14
4483,468.786,323.5,14
4484,426.357,301.643,14
4485,423.786,266.929,14
4486,419.929,245.071,14
4487,394.214,232.214,14
4488,365.929,232.214,14
4489,362.071,220.643,14
4490,437.929,210.357,14
4491,479.071,193.643,14
4492,499.643,201.357,14
4493,520.214,178.214,14
4494,534.357,165.357,14
4495,543.357,207.786,14
4496,617.929,238.643,14
4497,578.071,140.929,14
4498,572.929,72.786,14
4499,526.643,115.214,14
4500,521.5,62.5,14
4501,603.786,17.5,14
4502,594.786,3.357,14
4503,553.643,11.071,14
4504,529.214,11.071,14
4505,455.929,11.071,14
4506,421.214,8.5,14
4507,398.071,32.929,14
4508,413.5,43.214,14
4509,387.786,72.786,14
4510,391.643,80.5,14
4511,416.071,67.643,14
4512,401.929,102.357,14
4513,417.357,108.786,14
4514,432.786,112.643,14
4515,454.643,104.929,14
4516,473.929,71.5,14
4517,452.071,161.5,14
4518,381.357,182.071,14
4519,355.643,198.786,14
4520,336.357,175.643,14
4521,306.786,203.929,14
4522,284.929,197.5,14
4523,290.071,182.071,14
4524,281.071,230.929,14
4525,310.643,218.071,14
4526,326.071,304.214,14
4527,340.214,378.786,14
4528,308.071,356.929,14
4529,395.5,360.786,14
4530,398.071,373.643,14
4531,346.643,437.929,14
4532,328.643,481.643,14
4533,367.214,437.929,14
4534,437.929,416.071,14
4535,353.071,507.357,14
4536,409.643,611.5,14
4537,407.071,562.643,14
4538,414.786,508.643,14
4539,440.5,589.643,14
4540,337.643,544.643,14
4541,347.929,614.071,14
4542,383.929,669.357,14
4543,410.929,665.5,14
4544,414.786,666.786,14
4545,439.214,688.643,14
4546,300.357,683.5,14
4547,359.5,723.357,14
4548,247.643,701.5,14
4549,252.786,723.357,14
4550,282.357,641.071,14
4551,282.357,616.643,14
4552,273.357,607.643,14
4553,243.786,608.929,14
4554,201.357,581.929,14
4555,180.786,556.214,14
4556,288.786,561.357,14
4557,155.071,678.357,14
4558,72.786,684.786,14
4559,98.5,637.214,14
4560,188.5,664.214,14
4561,149.929,719.5,14
4562,104.929,589.643,14
4563,88.214,583.214,14
4564,85.643,589.643,14
4565,75.357,594.786,14
4566,53.5,599.929,14
4567,81.786,624.357,14
4568,50.929,539.5,14
4569,9.786,508.643,14
4570,41.929,490.643,14
4571,52.214,434.071,14
4572,71.5,452.071,14
4573,113.929,484.214,14
4574,151.214,464.929,14
4575,188.5,457.214,14
4576,149.929,436.643,14
4577,117.786,445.643,14
4578,116.5,425.071,14
4579,120.357,395.5,14
4580,125.5,383.929,14
4581,167.929,403.214,14
4582,229.643,418.643,14
4583,256.643,409.643,14
4584,278.5,434.071,14
4585,252.786,493.214,14
4586,218.071,490.643,14
4587,124.214,350.5,14
4588,88.214,368.5,14
4589,94.643,350.5,14
4590,61.214,376.214,14
4591,8.5,371.071,14
4592,130.643,335.071,14
4593,175.643,301.643,14
4594,212.929,301.643,14
4595,259.214,257.929,14
4596,194.929,230.929,14
4597,206.5,189.786,14
4598,182.071,165.357,14
4599,202.643,143.5,14
4600,257.929,131.929,14
4601,229.643,54.786,14
4602,278.5,40.643,14
4603,293.929,21.357,14
4604,324.786,22.643,14
4605,167.929,88.214,14
4606,137.071,48.357,14
4607,68.929,44.5,14
4608,23.929,27.786,14
4609,2.071,98.5,14
4610,8.5,124.214,14
4611,58.643,70.214,14
4612,77.929,89.5,14
4613,43.214,218.071,14
4614,45.786,228.357,14
4615,13.643,209.071,14
4616,83.071,179.5,14
4617,115.214,214.214,14
4618,115.214,266.929,14
4619,133.214,277.214,14
4620,102.357,296.5,14
4621,72.786,295.214,14
4622,79.214,313.214,14
4623,63.786,299.071,14
4624,40.643,309.357,14
4625,11.071,320.929,14
4626,14.929,266.929,14
4627,-0.5,236.071,14
4628,310.643,391.643,14
4629,669.357,454.643,14
4630,290.071,89.5,14
4631,364.643,706.643,14
4632,1287.786,713.071,15
4633,1222.214,710.5,15
4634,1222.214,693.786,15
4635,1182.357,693.786,15
4636,1184.929,675.786,15
4637,1175.929,648.786,15
4638,1166.929,638.5,15
4639,1143.786,656.5,15
4640,1084.643,679.643,15
4641,1255.643,666.786,15
4642,1249.214,648.786,15
4643,1178.5,587.071,15
4644,1179.786,562.643,15
4645,1100.071,602.5,15
4646,1088.5,598.643,15
4647,1057.643,590.929,15
4648,1039.643,589.643,15
4649,1280.071,551.071,15
4650,1232.5,542.071,15
4651,1214.5,495.786,15
4652,1190.071,450.786,15
4653,1179.786,422.5,15
4654,1205.5,404.5,15
4655,1233.786,437.929,15
4656,1130.929,413.5,15
4657,1152.786,390.357,15
4658,1143.786,497.071,15
4659,1223.5,359.5,15
4660,1281.357,363.357,15
4661,1287.786,319.643,15
4662,1281.357,288.786,15
4663,1083.357,484.214,15
4664,1129.643,491.929,15
4665,984.357,589.643,15
4666,984.357,579.357,15
4667,959.929,588.357,15
4668,961.214,598.643,15
4669,972.786,669.357,15
4670,975.357,682.214,15
4671,975.357,619.214,15
4672,1011.357,558.786,15
4673,1073.071,611.5,15
4674,994.643,488.071,15
4675,963.786,476.5,15
4676,927.786,484.214,15
4677,935.5,556.214,15
4678,1060.214,522.786,15
4679,832.643,511.214,15
4680,857.071,529.214,15
4681,860.929,611.5,15
4682,900.786,633.357,15
4683,902.071,647.5,15
4684,908.5,698.929,15
4685,815.929,665.5,15
4686,818.5,635.929,15
4687,797.929,590.929,15
4688,754.214,578.071,15
4689,709.214,551.071,15
4690,669.357,540.786,15
4691,612.786,551.071,15
4692,569.071,565.214,15
4693,526.643,587.071,15
4694,497.071,621.786,15
4695,503.5,646.214,15
4696,533.071,648.786,15
4697,544.643,660.357,15
4698,562.643,634.643,15
4699,590.929,616.643,15
4700,585.786,628.214,15
4701,589.643,638.5,15
4702,607.643,612.786,15
4703,623.071,621.786,15
4704,648.786,625.643,15
4705,646.214,637.214,15
4706,657.786,639.786,15
4707,621.786,659.071,15
4708,552.357,689.929,15
4709,580.643,656.5,15
4710,696.357,697.643,15
4711,732.357,702.786,15
4712,750.357,700.214,15
4713,733.643,677.071,15
4714,686.071,643.643,15
4715,695.071,621.786,15
4716,698.929,635.929,15
4717,1015.214,400.643,15
4718,977.929,395.5,15
4719,956.071,356.929,15
4720,952.214,313.214,15
4721,920.071,291.357,15
4722,876.357,297.786,15
4723,857.071,309.357,15
4724,779.929,308.071,15
4725,774.786,288.786,15
4726,759.357,299.071,15
4727,833.929,423.786,15
4728,873.786,404.5,15
4729,799.214,394.214,15
4730,786.357,434.071,15
4731,763.214,461.071,15
4732,747.786,389.071,15
4733,1065.357,323.5,15
4734,1080.786,302.929,15
4735,1107.786,281.071,15
4736,1134.786,286.214,15
4737,1202.929,274.643,15
4738,1154.071,232.214,15
4739,1127.071,184.643,15
4740,1089.786,166.643,15
4741,1076.929,134.5,15
4742,1084.643,126.786,15
4743,1191.357,84.357,15
4744,1188.786,74.071,15
4745,1193.929,66.357,15
4746,1214.5,65.071,15
4747,1247.929,30.357,15
4748,1246.643,126.786,15
4749,1211.929,147.357,15
4750,1228.643,128.071,15
4751,1222.214,169.214,15
4752,1258.214,206.5,15
4753,1070.5,256.643,15
4754,1046.071,243.786,15
4755,1037.071,257.929,15
4756,1044.786,223.214,15
4757,1051.214,215.5,15
4758,1006.214,209.071,15
4759,959.929,209.071,15
4760,936.786,236.071,15
4761,929.071,242.5,15
4762,921.357,245.071,15
4763,934.214,200.071,15
4764,944.5,174.357,15
4765,976.643,183.357,15
4766,994.643,155.071,15
4767,912.357,156.357,15
4768,876.357,156.357,15
4769,858.357,143.5,15
4770,876.357,124.214,15
4771,918.786,86.929,15
4772,903.357,29.071,15
4773,957.357,81.786,15
4774,966.357,88.214,15
4775,1013.929,57.357,15
4776,992.071,16.214,15
4777,1038.357,23.929,15
4778,1127.071,11.071,15
4779,1103.929,45.786,15
4780,887.929,250.214,15
4781,822.357,233.5,15
4782,620.5,435.357,15
4783,625.643,489.357,15
4784,691.214,486.786,15
4785,684.786,381.357,15
4786,655.214,338.929,15
4787,634.643,331.214,15
4788,612.786,328.643,15
4789,634.643,356.929,15
4790,695.071,274.643,15
4791,763.214,233.5,15
4792,700.214,234.786,15
4793,688.643,225.786,15
4794,675.786,189.786,15
4795,706.643,191.071,15
4796,706.643,170.5,15
4797,720.786,158.929,15
4798,740.071,144.786,15
4799,782.5,164.071,15
4800,724.643,112.643,15
4801,731.071,92.071,15
4802,745.214,38.071,15
4803,777.357,103.643,15
4804,774.786,62.5,15
4805,804.357,61.214,15
4806,669.357,453.357,15
4807,617.929,243.786,15
4808,637.214,174.357,15
4809,644.929,142.214,15
4810,644.929,120.357,15
4811,639.786,113.929,15
4812,644.929,92.071,15
4813,673.214,47.071,15
4814,603.786,25.214,15
4815,597.357,4.643,15
4816,548.5,11.071,15
4817,529.214,11.071,15
4818,499.643,16.214,15
4819,525.357,56.071,15
4820,575.5,76.643,15
4821,520.214,117.786,15
4822,570.357,137.071,15
4823,535.643,164.071,15
4824,526.643,176.929,15
4825,542.071,209.071,15
4826,503.5,202.643,15
4827,490.643,198.786,15
4828,561.357,278.5,15
4829,493.214,299.071,15
4830,542.071,332.5,15
4831,553.643,327.357,15
4832,561.357,320.929,15
4833,558.786,386.5,15
4834,563.929,403.214,15
4835,543.357,434.071,15
4836,529.214,426.357,15
4837,558.786,459.786,15
4838,561.357,479.071,15
4839,543.357,502.214,15
4840,535.643,527.929,15
4841,513.786,531.786,15
4842,490.643,539.5,15
4843,435.357,684.786,15
4844,422.5,665.5,15
4845,416.071,675.786,15
4846,386.5,668.071,15
4847,369.786,696.357,15
4848,362.071,725.929,15
4849,310.643,689.929,15
4850,284.929,634.643,15
4851,283.643,614.071,15
4852,269.5,605.071,15
4853,250.214,610.214,15
4854,251.5,714.357,15
4855,152.5,720.786,15
4856,162.786,725.929,15
4857,155.071,687.357,15
4858,77.929,683.5,15
4859,7.214,715.643,15
4860,102.357,641.071,15
4861,75.357,612.786,15
4862,47.071,601.214,15
4863,72.786,590.929,15
4864,95.929,579.357,15
4865,95.929,581.929,15
4866,52.214,526.643,15
4867,-0.5,511.214,15
4868,48.357,484.214,15
4869,77.929,453.357,15
4870,57.357,434.071,15
4871,120.357,486.786,15
4872,139.643,472.643,15
4873,179.5,452.071,15
4874,214.214,485.5,15
4875,243.786,493.214,15
4876,185.929,566.5,15
4877,197.5,581.929,15
4878,284.929,562.643,15
4879,328.643,543.357,15
4880,349.214,612.786,15
4881,409.643,607.643,15
4882,412.214,560.071,15
4883,439.214,507.357,15
4884,461.071,495.786,15
4885,455.929,477.786,15
4886,440.5,467.5,15
4887,459.786,462.357,15
4888,480.357,440.5,15
4889,437.929,408.357,15
4890,458.5,390.357,15
4891,490.643,378.786,15
4892,333.786,482.929,15
4893,362.071,503.5,15
4894,346.643,427.643,15
4895,341.5,385.214,15
4896,260.5,399.357,15
4897,275.929,426.357,15
4898,219.357,413.5,15
4899,149.929,432.786,15
4900,106.214,446.929,15
4901,121.643,426.357,15
4902,121.643,407.071,15
4903,124.214,394.214,15
4904,171.786,398.071,15
4905,131.929,347.929,15
4906,93.357,354.357,15
4907,81.786,355.643,15
4908,86.929,362.071,15
4909,56.071,373.643,15
4910,39.357,369.786,15
4911,25.214,328.643,15
4912,48.357,318.357,15
4913,49.643,301.643,15
4914,66.357,305.5,15
4915,71.5,291.357,15
4916,101.071,296.5,15
4917,122.929,266.929,15
4918,138.357,281.071,15
4919,119.071,329.929,15
4920,142.214,328.643,15
4921,173.071,308.071,15
4922,209.071,300.357,15
4923,20.071,266.929,15
4924,43.214,223.214,15
4925,44.5,225.786,15
4926,7.214,236.071,15
4927,12.357,310.643,15
4928,5.929,207.786,15
4929,74.071,182.071,15
4930,54.786,71.5,15
4931,65.071,53.5,15
4932,26.5,25.214,15
4933,2.071,90.786,15
4934,140.929,44.5,15
4935,171.786,84.357,15
4936,238.643,57.357,15
4937,239.929,149.929,15
4938,206.5,146.071,15
4939,200.071,188.5,15
4940,207.786,225.786,15
4941,254.071,265.643,15
4942,287.5,229.643,15
4943,314.5,224.5,15
4944,287.5,210.357,15
4945,309.357,193.643,15
4946,293.929,179.5,15
4947,329.929,161.5,15
4948,286.214,110.071,15
4949,288.786,23.929,15
4950,340.214,34.214,15
4951,382.643,66.357,15
4952,382.643,84.357,15
4953,405.786,45.786,15
4954,417.357,9.786,15
4955,464.929,16.214,15
4956,453.357,68.929,15
4957,454.643,94.643,15
4958,408.357,102.357,15
4959,414.786,120.357,15
4960,423.786,81.786,15
4961,439.214,214.214,15
4962,422.5,243.786,15
4963,423.786,259.214,15
4964,450.786,281.071,15
4965,457.214,309.357,15
4966,468.786,328.643,15
4967,422.5,299.071,15
4968,395.5,369.786,15
4969,331.214,358.214,15
4970,304.214,356.929,15
4971,335.071,306.786,15
4972,371.071,234.786,15
4973,371.071,214.214,15
4974,344.071,201.357,15
4975,184.643,668.071,15
4976,187.214,162.786,15
4977,112.643,211.643,15
4978,448.214,158.929,15
4979,963.786,526.643,15
4980,1283.929,715.643,16
4981,1256.929,666.786,16
4982,1223.5,707.929,16
4983,1183.643,686.071,16
4984,1184.929,659.071,16
4985,1177.214,644.929,16
4986,1173.357,642.357,16
4987,1134.786,655.214,16
4988,1084.643,680.929,16
4989,1093.643,633.357,16
4990,1075.643,624.357,16
4991,1046.071,584.5,16
4992,1060.214,590.929,16
4993,1092.357,590.929,16
4994,1097.5,605.071,16
4995,1178.5,587.071,16
4996,1183.643,562.643,16
4997,1218.357,534.357,16
4998,1224.786,547.214,16
4999,1264.643,547.214,16
5000,1232.5,597.357,16
5001,1214.5,481.643,16
5002,1165.643,506.071,16
5003,1127.071,497.071,16
5004,1082.071,481.643,16
5005,1067.929,526.643,16
5006,1019.071,560.071,16
5007,988.214,574.214,16
5008,975.357,590.929,16
5009,971.5,580.643,16
5010,959.929,599.929,16
5011,972.786,614.071,16
5012,974.071,665.5,16
5013,974.071,689.929,16
5014,1191.357,459.786,16
5015,1196.5,436.643,16
5016,1182.357,422.5,16
5017,1213.214,405.786,16
5018,1231.214,437.929,16
5019,1124.5,408.357,16
5020,1173.357,385.214,16
5021,1283.929,364.643,16
5022,1214.5,355.643,16
5023,1292.929,326.071,16
5024,1282.643,282.357,16
5025,1204.214,275.929,16
5026,1142.5,286.214,16
5027,1102.643,291.357,16
5028,1084.643,296.5,16
5029,1074.357,322.214,16
5030,1069.214,268.214,16
5031,1025.5,259.214,16
5032,1031.929,241.214,16
5033,1044.786,215.5,16
5034,1096.214,179.5,16
5035,1071.786,137.071,16
5036,1085.929,134.5,16
5037,1134.786,185.929,16
5038,1164.357,230.929,16
5039,1247.929,197.5,16
5040,1227.357,171.786,16
5041,1223.5,143.5,16
5042,1229.929,121.643,16
5043,1241.5,131.929,16
5044,1277.5,167.929,16
5045,1200.357,81.786,16
5046,1184.929,83.071,16
5047,1181.071,79.214,16
5048,1181.071,62.5,16
5049,1215.786,56.071,16
5050,1242.786,45.786,16
5051,1137.357,13.643,16
5052,1038.357,18.786,16
5053,997.214,16.214,16
5054,997.214,11.071,16
5055,1016.5,67.643,16
5056,975.357,88.214,16
5057,954.786,88.214,16
5058,921.357,88.214,16
5059,904.643,40.643,16
5060,998.5,160.214,16
5061,1010.071,140.929,16
5062,948.357,157.643,16
5063,947.071,170.5,16
5064,954.786,180.786,16
5065,961.214,203.929,16
5066,1006.214,209.071,16
5067,931.643,200.071,16
5068,914.929,160.214,16
5069,867.357,164.071,16
5070,854.5,146.071,16
5071,876.357,121.643,16
5072,930.357,230.929,16
5073,925.214,245.071,16
5074,917.5,246.357,16
5075,890.5,234.786,16
5076,889.214,252.786,16
5077,822.357,234.786,16
5078,860.929,297.786,16
5079,890.5,299.071,16
5080,918.786,302.929,16
5081,949.643,302.929,16
5082,953.5,349.214,16
5083,975.357,385.214,16
5084,1013.929,396.786,16
5085,997.214,493.214,16
5086,965.071,475.214,16
5087,913.643,490.643,16
5088,930.357,552.357,16
5089,898.214,633.357,16
5090,894.357,644.929,16
5091,904.643,697.643,16
5092,862.214,617.929,16
5093,814.643,644.929,16
5094,809.5,661.643,16
5095,808.214,725.929,16
5096,749.071,696.357,16
5097,742.643,702.786,16
5098,701.5,700.214,16
5099,729.786,677.071,16
5100,696.357,644.929,16
5101,689.929,625.643,16
5102,797.929,590.929,16
5103,751.643,579.357,16
5104,713.071,558.786,16
5105,670.643,542.071,16
5106,679.643,481.643,16
5107,759.357,454.643,16
5108,783.786,449.5,16
5109,836.5,427.643,16
5110,868.643,407.071,16
5111,797.929,395.5,16
5112,750.357,387.786,16
5113,823.643,507.357,16
5114,781.214,306.786,16
5115,772.214,283.643,16
5116,769.643,227.071,16
5117,782.5,161.5,16
5118,724.643,147.357,16
5119,731.071,116.5,16
5120,779.929,98.5,16
5121,728.5,89.5,16
5122,741.357,29.071,16
5123,808.214,62.5,16
5124,680.929,49.643,16
5125,650.071,89.5,16
5126,641.071,125.5,16
5127,650.071,124.214,16
5128,646.214,142.214,16
5129,702.786,174.357,16
5130,709.214,191.071,16
5131,683.5,192.357,16
5132,635.929,166.643,16
5133,687.357,229.643,16
5134,701.5,234.786,16
5135,705.357,273.357,16
5136,678.357,378.786,16
5137,1019.071,427.643,16
5138,1133.5,448.214,16
5139,642.357,351.786,16
5140,648.786,340.214,16
5141,635.929,327.357,16
5142,603.786,326.071,16
5143,554.929,318.357,16
5144,544.643,328.643,16
5145,538.214,336.357,16
5146,554.929,381.357,16
5147,563.929,400.643,16
5148,616.643,431.5,16
5149,601.214,421.214,16
5150,665.5,450.786,16
5151,628.214,486.786,16
5152,593.5,520.214,16
5153,610.214,551.071,16
5154,616.643,612.786,16
5155,616.643,626.929,16
5156,637.214,626.929,16
5157,637.214,646.214,16
5158,664.214,637.214,16
5159,656.5,652.643,16
5160,625.643,660.357,16
5161,587.071,657.786,16
5162,581.929,637.214,16
5163,580.643,625.643,16
5164,566.5,638.5,16
5165,534.357,652.643,16
5166,542.071,693.786,16
5167,506.071,646.214,16
5168,490.643,621.786,16
5169,534.357,580.643,16
5170,562.643,563.929,16
5171,539.5,526.643,16
5172,544.643,500.929,16
5173,515.071,534.357,16
5174,489.357,540.786,16
5175,566.5,462.357,16
5176,551.071,436.643,16
5177,525.357,413.5,16
5178,484.214,377.5,16
5179,457.214,376.214,16
5180,470.071,413.5,16
5181,477.786,437.929,16
5182,461.071,457.214,16
5183,441.786,464.929,16
5184,452.071,479.071,16
5185,455.929,500.929,16
5186,443.071,509.929,16
5187,413.5,563.929,16
5188,413.5,608.929,16
5189,430.214,664.214,16
5190,413.5,677.071,16
5191,431.5,684.786,16
5192,372.357,666.786,16
5193,373.643,696.357,16
5194,363.357,723.357,16
5195,304.214,678.357,16
5196,283.643,644.929,16
5197,286.214,616.643,16
5198,264.357,611.5,16
5199,248.929,611.5,16
5200,356.929,619.214,16
5201,616.643,239.929,16
5202,570.357,283.643,16
5203,489.357,304.214,16
5204,457.214,284.929,16
5205,448.214,306.786,16
5206,461.071,318.357,16
5207,422.5,304.214,16
5208,427.643,260.5,16
5209,414.786,252.786,16
5210,446.929,216.786,16
5211,484.214,198.786,16
5212,506.071,200.071,16
5213,530.5,174.357,16
5214,540.786,164.071,16
5215,570.357,147.357,16
5216,547.214,201.357,16
5217,525.357,117.786,16
5218,574.214,131.929,16
5219,574.214,86.929,16
5220,525.357,65.071,16
5221,608.929,18.786,16
5222,596.071,3.357,16
5223,549.786,9.786,16
5224,533.071,8.5,16
5225,509.929,16.214,16
5226,448.214,14.929,16
5227,417.357,43.214,16
5228,425.071,63.786,16
5229,387.786,68.929,16
5230,381.357,79.214,16
5231,400.643,97.214,16
5232,412.214,101.071,16
5233,422.5,115.214,16
5234,458.5,102.357,16
5235,466.214,77.929,16
5236,449.5,170.5,16
5237,386.5,182.071,16
5238,373.643,229.643,16
5239,362.071,230.929,16
5240,374.929,210.357,16
5241,354.357,200.071,16
5242,335.071,171.786,16
5243,405.786,350.5,16
5244,401.929,360.786,16
5245,399.357,376.214,16
5246,437.929,409.643,16
5247,382.643,390.357,16
5248,336.357,432.786,16
5249,342.786,445.643,16
5250,364.643,511.214,16
5251,329.929,538.214,16
5252,300.357,540.786,16
5253,287.5,563.929,16
5254,332.5,482.929,16
5255,419.929,504.786,16
5256,396.786,468.786,16
5257,326.071,383.929,16
5258,336.357,355.643,16
5259,329.929,315.786,16
5260,304.214,346.643,16
5261,246.357,401.929,16
5262,236.071,412.214,16
5263,257.929,506.071,16
5264,210.357,493.214,16
5265,194.929,570.357,16
5266,202.643,574.214,16
5267,248.929,713.071,16
5268,212.929,724.643,16
5269,180.786,670.643,16
5270,160.214,678.357,16
5271,135.786,727.214,16
5272,161.5,722.071,16
5273,74.071,679.643,16
5274,107.5,635.929,16
5275,83.071,619.214,16
5276,52.214,598.643,16
5277,74.071,593.5,16
5278,85.643,588.357,16
5279,99.786,597.357,16
5280,54.786,530.5,16
5281,8.5,507.357,16
5282,45.786,481.643,16
5283,53.5,436.643,16
5284,62.5,449.5,16
5285,108.786,445.643,16
5286,135.786,417.357,16
5287,120.357,403.214,16
5288,122.929,389.071,16
5289,170.5,401.929,16
5290,149.929,427.643,16
5291,174.357,449.5,16
5292,143.5,467.5,16
5293,115.214,488.071,16
5294,97.214,373.643,16
5295,101.071,354.357,16
5296,86.929,351.786,16
5297,59.929,376.214,16
5298,14.929,376.214,16
5299,5.929,323.5,16
5300,50.929,309.357,16
5301,66.357,299.071,16
5302,81.786,286.214,16
5303,76.643,305.5,16
5304,84.357,299.071,16
5305,115.214,266.929,16
5306,119.071,333.786,16
5307,149.929,283.643,16
5308,176.929,300.357,16
5309,212.929,300.357,16
5310,251.5,254.071,16
5311,209.071,230.929,16
5312,211.643,184.643,16
5313,214.214,146.071,16
5314,178.214,156.357,16
5315,245.071,142.214,16
5316,300.357,171.786,16
5317,296.5,194.929,16
5318,311.929,198.786,16
5319,304.214,215.5,16
5320,278.5,225.786,16
5321,236.071,52.214,16
5322,160.214,95.929,16
5323,137.071,45.786,16
5324,71.5,43.214,16
5325,29.071,25.214,16
5326,13.643,13.643,16
5327,58.643,71.5,16
5328,74.071,84.357,16
5329,2.071,101.071,16
5330,74.071,180.786,16
5331,43.214,221.929,16
5332,44.5,227.071,16
5333,14.929,259.214,16
5334,12.357,209.071,16
5335,5.929,232.214,16
5336,290.071,95.929,16
5337,279.786,39.357,16
5338,288.786,20.071,16
5339,344.071,22.643,16
5340,1287.786,713.071,17
5341,1223.5,713.071,17
5342,1223.5,693.786,17
5343,1193.929,668.071,17
5344,1183.643,644.929,17
5345,1170.786,642.357,17
5346,1184.929,583.214,17
5347,1211.929,538.214,17
5348,1267.214,545.929,17
5349,1263.357,657.786,17
5350,1220.929,491.929,17
5351,1227.357,445.643,17
5352,1219.643,409.643,17
5353,1183.643,409.643,17
5354,1202.929,426.357,17
5355,1190.071,443.071,17
5356,1156.643,395.5,17
5357,1124.5,407.071,17
5358,1133.5,437.929,17
5359,1120.643,488.071,17
5360,1157.929,497.071,17
5361,1085.929,467.5,17
5362,1274.929,355.643,17
5363,1289.071,320.929,17
5364,1272.357,292.643,17
5365,1259.5,201.357,17
5366,1286.5,219.357,17
5367,1244.071,131.929,17
5368,1231.214,126.786,17
5369,1205.5,137.071,17
5370,1228.643,169.214,17
5371,1291.643,167.929,17
5372,1246.643,43.214,17
5373,1204.214,85.643,17
5374,1181.071,81.786,17
5375,1188.786,59.929,17
5376,1142.5,11.071,17
5377,992.071,17.5,17
5378,1031.929,27.786,17
5379,1115.5,43.214,17
5380,1094.929,124.214,17
5381,1075.643,137.071,17
5382,1017.786,58.643,17
5383,962.5,79.214,17
5384,970.214,81.786,17
5385,908.5,36.786,17
5386,914.929,83.071,17
5387,887.929,125.5,17
5388,846.786,140.929,17
5389,857.071,162.786,17
5390,914.929,158.929,17
5391,943.214,162.786,17
5392,947.071,180.786,17
5393,958.643,193.643,17
5394,959.929,211.643,17
5395,922.643,198.786,17
5396,930.357,242.5,17
5397,926.5,247.643,17
5398,913.643,247.643,17
5399,908.5,234.786,17
5400,894.357,246.357,17
5401,882.786,290.071,17
5402,860.929,304.214,17
5403,905.929,300.357,17
5404,954.786,311.929,17
5405,959.929,346.643,17
5406,979.214,392.929,17
5407,1034.5,256.643,17
5408,1035.786,241.214,17
5409,1012.643,212.929,17
5410,1040.929,221.929,17
5411,1055.071,215.5,17
5412,1069.214,272.071,17
5413,1085.929,299.071,17
5414,1070.5,324.786,17
5415,1130.929,288.786,17
5416,1193.929,278.5,17
5417,1160.5,219.357,17
5418,1136.071,189.786,17
5419,1089.786,176.929,17
5420,995.929,155.071,17
5421,1013.929,392.929,17
5422,998.5,485.5,17
5423,993.357,488.071,17
5424,965.071,475.214,17
5425,1067.929,522.786,17
5426,1020.357,557.5,17
5427,1047.357,581.929,17
5428,1058.929,596.071,17
5429,1083.357,601.214,17
5430,1079.5,617.929,17
5431,1087.214,648.786,17
5432,1085.929,678.357,17
5433,977.929,691.214,17
5434,971.5,679.643,17
5435,967.643,605.071,17
5436,968.929,585.786,17
5437,986.929,579.357,17
5438,941.929,553.643,17
5439,916.214,500.929,17
5440,875.071,401.929,17
5441,953.5,410.929,17
5442,894.357,630.786,17
5443,898.214,647.5,17
5444,908.5,700.214,17
5445,858.357,632.071,17
5446,819.786,643.643,17
5447,815.929,661.643,17
5448,808.214,718.214,17
5449,733.643,710.5,17
5450,695.071,698.929,17
5451,697.643,646.214,17
5452,687.357,624.357,17
5453,661.643,646.214,17
5454,641.071,635.929,17
5455,621.786,656.5,17
5456,623.071,625.643,17
5457,617.929,615.357,17
5458,579.357,652.643,17
5459,570.357,632.071,17
5460,579.357,628.214,17
5461,572.929,615.357,17
5462,545.929,648.786,17
5463,539.5,652.643,17
5464,543.357,687.357,17
5465,502.214,643.643,17
5466,494.5,619.214,17
5467,512.5,605.071,17
5468,529.214,578.071,17
5469,567.786,570.357,17
5470,616.643,547.214,17
5471,662.929,535.643,17
5472,680.929,543.357,17
5473,714.357,558.786,17
5474,751.643,578.071,17
5475,800.5,589.643,17
5476,822.357,500.929,17
5477,785.071,446.929,17
5478,760.643,467.5,17
5479,682.214,482.929,17
5480,828.786,419.929,17
5481,791.5,400.643,17
5482,743.929,380.071,17
5483,779.929,304.214,17
5484,770.929,282.357,17
5485,710.5,279.786,17
5486,697.643,229.643,17
5487,704.071,187.214,17
5488,704.071,173.071,17
5489,725.929,152.5,17
5490,736.214,116.5,17
5491,727.214,83.071,17
5492,742.643,39.357,17
5493,777.357,66.357,17
5494,773.5,94.643,17
5495,791.5,160.214,17
5496,759.357,214.214,17
5497,824.929,236.071,17
5498,668.071,380.071,17
5499,652.643,338.929,17
5500,626.929,332.5,17
5501,605.071,331.214,17
5502,561.357,320.929,17
5503,545.929,329.929,17
5504,535.643,338.929,17
5505,556.214,380.071,17
5506,560.071,396.786,17
5507,616.643,432.786,17
5508,624.357,488.071,17
5509,556.214,471.357,17
5510,539.5,506.071,17
5511,542.071,521.5,17
5512,513.786,539.5,17
5513,481.643,547.214,17
5514,455.929,502.214,17
5515,462.357,481.643,17
5516,444.357,466.214,17
5517,457.214,459.786,17
5518,480.357,440.5,17
5519,526.643,422.5,17
5520,491.929,378.786,17
5521,452.071,381.357,17
5522,480.357,310.643,17
5523,461.071,281.071,17
5524,452.071,302.929,17
5525,463.643,326.071,17
5526,423.786,309.357,17
5527,428.929,259.214,17
5528,421.214,247.643,17
5529,569.071,283.643,17
5530,616.643,238.643,17
5531,673.214,192.357,17
5532,643.643,160.214,17
5533,647.5,138.357,17
5534,642.357,130.643,17
5535,656.5,122.929,17
5536,653.929,86.929,17
5537,679.643,41.929,17
5538,608.929,20.071,17
5539,598.643,3.357,17
5540,548.5,16.214,17
5541,525.357,7.214,17
5542,457.214,22.643,17
5543,412.214,45.786,17
5544,431.5,59.929,17
5545,383.929,72.786,17
5546,394.214,89.5,17
5547,403.214,110.071,17
5548,412.214,115.214,17
5549,453.357,104.929,17
5550,526.643,113.929,17
5551,566.5,75.357,17
5552,575.5,131.929,17
5553,575.5,153.786,17
5554,548.5,160.214,17
5555,533.071,170.5,17
5556,548.5,205.214,17
5557,515.071,206.5,17
5558,477.786,201.357,17
5559,448.214,175.643,17
5560,445.643,216.786,17
5561,398.071,220.643,17
5562,374.929,211.643,17
5563,372.357,237.357,17
5564,385.214,185.929,17
5565,356.929,194.929,17
5566,340.214,174.357,17
5567,309.357,175.643,17
5568,308.071,188.5,17
5569,300.357,197.5,17
5570,292.643,210.357,17
5571,288.786,223.214,17
5572,265.643,229.643,17
5573,251.5,264.357,17
5574,215.5,241.214,17
5575,214.214,299.071,17
5576,174.357,305.5,17
5577,152.5,283.643,17
5578,108.786,269.5,17
5579,81.786,293.929,17
5580,79.214,308.071,17
5581,93.357,301.643,17
5582,38.071,308.071,17
5583,9.786,319.643,17
5584,17.5,261.786,17
5585,0.786,237.357,17
5586,2.071,212.929,17
5587,35.5,229.643,17
5588,74.071,189.786,17
5589,2.071,98.5,17
5590,23.929,26.5,17
5591,66.357,47.071,17
5592,53.5,67.643,17
5593,70.214,79.214,17
5594,125.5,50.929,17
5595,138.357,44.5,17
5596,151.214,95.929,17
5597,174.357,164.071,17
5598,218.071,147.357,17
5599,239.929,147.357,17
5600,211.643,179.5,17
5601,230.929,54.786,17
5602,327.357,30.357,17
5603,275.929,26.5,17
5604,115.214,218.071,17
5605,288.786,95.929,17
5606,332.5,327.357,17
5607,395.5,346.643,17
5608,398.071,372.357,17
5609,327.357,382.643,17
5610,302.929,363.357,17
5611,243.786,413.5,17
5612,212.929,422.5,17
5613,170.5,405.786,17
5614,124.214,390.357,17
5615,101.071,365.929,17
5616,92.071,346.643,17
5617,125.5,327.357,17
5618,48.357,377.5,17
5619,8.5,378.786,17
5620,54.786,428.929,17
5621,116.5,403.214,17
5622,117.786,413.5,17
5623,200.071,444.357,17
5624,148.643,435.357,17
5625,138.357,459.786,17
5626,103.643,455.929,17
5627,62.5,454.643,17
5628,40.643,472.643,17
5629,121.643,491.929,17
5630,38.071,521.5,17
5631,3.357,511.214,17
5632,216.786,494.5,17
5633,252.786,500.929,17
5634,336.357,485.5,17
5635,335.071,437.929,17
5636,427.643,495.786,17
5637,419.929,565.214,17
5638,391.643,611.5,17
5639,416.071,657.786,17
5640,417.357,666.786,17
5641,368.5,710.5,17
5642,377.5,670.643,17
5643,297.786,696.357,17
5644,286.214,647.5,17
5645,354.357,619.214,17
5646,311.929,624.357,17
5647,281.071,611.5,17
5648,269.5,619.214,17
5649,243.786,621.786,17
5650,206.5,587.071,17
5651,201.357,567.786,17
5652,212.929,557.5,17
5653,283.643,565.214,17
5654,301.643,538.214,17
5655,328.643,544.643,17
5656,184.643,673.214,17
5657,152.5,686.071,17
5658,107.5,642.357,17
5659,83.071,617.929,17
5660,52.214,596.071,17
5661,68.929,592.214,17
5662,86.929,588.357,17
5663,88.214,581.929,17
5664,103.643,597.357,17
5665,65.071,677.071,17
5666,243.786,718.214,17
5667,26.5,26.5,18
5668,68.929,54.786,18
5669,74.071,80.5,18
5670,35.5,71.5,18
5671,3.357,102.357,18
5672,4.643,126.786,18
5673,11.071,201.357,18
5674,4.643,230.929,18
5675,12.357,246.357,18
5676,43.214,232.214,18
5677,66.357,185.929,18
5678,115.214,214.214,18
5679,119.071,255.357,18
5680,107.5,261.786,18
5681,93.357,282.357,18
5682,76.643,296.5,18
5683,93.357,305.5,18
5684,45.786,302.929,18
5685,17.5,315.786,18
5686,8.5,389.071,18
5687,41.929,381.357,18
5688,84.357,345.357,18
5689,98.5,338.929,18
5690,120.357,326.071,18
5691,94.643,355.643,18
5692,120.357,380.071,18
5693,121.643,396.786,18
5694,129.357,417.357,18
5695,108.786,426.357,18
5696,103.643,450.786,18
5697,68.929,448.214,18
5698,61.214,427.643,18
5699,41.929,482.929,18
5700,41.929,521.5,18
5701,4.643,508.643,18
5702,111.357,486.786,18
5703,147.357,468.786,18
5704,197.5,436.643,18
5705,173.071,403.214,18
5706,50.929,599.929,18
5707,75.357,590.929,18
5708,84.357,588.357,18
5709,95.929,594.786,18
5710,84.357,610.214,18
5711,101.071,644.929,18
5712,71.5,677.071,18
5713,151.214,691.214,18
5714,176.929,671.929,18
5715,157.643,727.214,18
5716,241.214,716.929,18
5717,299.071,691.214,18
5718,288.786,723.357,18
5719,243.786,611.5,18
5720,202.643,580.643,18
5721,205.214,562.643,18
5722,193.643,565.214,18
5723,224.5,499.643,18
5724,252.786,502.214,18
5725,287.5,637.214,18
5726,281.071,611.5,18
5727,257.929,610.214,18
5728,319.643,616.643,18
5729,346.643,620.5,18
5730,382.643,675.786,18
5731,367.214,720.786,18
5732,410.929,671.929,18
5733,419.929,664.214,18
5734,430.214,665.5,18
5735,414.786,605.071,18
5736,410.929,576.786,18
5737,320.929,543.357,18
5738,300.357,538.214,18
5739,293.929,553.643,18
5740,333.786,484.214,18
5741,323.5,445.643,18
5742,349.214,444.357,18
5743,268.214,435.357,18
5744,241.214,414.786,18
5745,326.071,389.071,18
5746,308.071,396.786,18
5747,308.071,351.786,18
5748,157.643,283.643,18
5749,166.643,301.643,18
5750,210.357,304.214,18
5751,205.214,241.214,18
5752,238.643,260.5,18
5753,273.357,228.357,18
5754,281.071,228.357,18
5755,299.071,214.214,18
5756,295.214,193.643,18
5757,296.5,180.786,18
5758,234.786,140.929,18
5759,201.357,139.643,18
5760,210.357,178.214,18
5761,173.071,160.214,18
5762,153.786,89.5,18
5763,125.5,63.786,18
5764,126.786,45.786,18
5765,243.786,61.214,18
5766,272.071,38.071,18
5767,282.357,25.214,18
5768,337.643,31.643,18
5769,386.5,71.5,18
5770,400.643,81.786,18
5771,401.929,99.786,18
5772,418.643,124.214,18
5773,444.357,103.643,18
5774,458.5,75.357,18
5775,431.5,61.214,18
5776,421.214,53.5,18
5777,419.929,35.5,18
5778,403.214,5.929,18
5779,454.643,22.643,18
5780,509.929,14.929,18
5781,531.786,8.5,18
5782,547.214,12.357,18
5783,596.071,17.5,18
5784,677.071,43.214,18
5785,741.357,38.071,18
5786,655.214,86.929,18
5787,657.786,134.5,18
5788,653.929,142.214,18
5789,642.357,126.786,18
5790,590.929,133.214,18
5791,530.5,112.643,18
5792,551.071,162.786,18
5793,571.643,158.929,18
5794,525.357,170.5,18
5795,544.643,202.643,18
5796,508.643,205.214,18
5797,486.786,200.071,18
5798,450.786,170.5,18
5799,439.214,215.5,18
5800,389.071,220.643,18
5801,362.071,212.929,18
5802,353.071,194.929,18
5803,341.5,173.071,18
5804,381.357,182.071,18
5805,419.929,250.214,18
5806,423.786,254.071,18
5807,466.214,277.214,18
5808,441.786,297.786,18
5809,457.214,320.929,18
5810,491.929,313.214,18
5811,405.786,342.786,18
5812,391.643,363.357,18
5813,337.643,323.5,18
5814,457.214,378.786,18
5815,485.5,380.071,18
5816,432.786,416.071,18
5817,470.071,416.071,18
5818,480.357,443.071,18
5819,463.643,462.357,18
5820,439.214,467.5,18
5821,449.5,489.357,18
5822,454.643,477.786,18
5823,448.214,508.643,18
5824,520.214,428.929,18
5825,571.643,408.357,18
5826,565.214,382.643,18
5827,540.786,340.214,18
5828,543.357,329.929,18
5829,557.5,320.929,18
5830,579.357,274.643,18
5831,621.786,237.357,18
5832,644.929,162.786,18
5833,603.786,324.786,18
5834,625.643,324.786,18
5835,660.357,344.071,18
5836,643.643,351.786,18
5837,557.5,437.929,18
5838,553.643,463.643,18
5839,540.786,502.214,18
5840,540.786,518.929,18
5841,513.786,534.357,18
5842,491.929,551.071,18
5843,530.5,574.214,18
5844,565.214,572.929,18
5845,493.214,598.643,18
5846,497.071,626.929,18
5847,509.929,639.786,18
5848,533.071,656.5,18
5849,554.929,644.929,18
5850,545.929,665.5,18
5851,544.643,696.357,18
5852,575.5,635.929,18
5853,583.214,626.929,18
5854,588.357,639.786,18
5855,587.071,662.929,18
5856,606.357,614.071,18
5857,621.786,616.643,18
5858,642.357,638.5,18
5859,686.071,647.5,18
5860,653.929,661.643,18
5861,626.929,660.357,18
5862,686.071,623.071,18
5863,704.071,706.643,18
5864,740.071,704.071,18
5865,733.643,675.786,18
5866,614.071,556.214,18
5867,592.214,511.214,18
5868,617.929,480.357,18
5869,620.5,430.214,18
5870,673.214,380.071,18
5871,682.214,454.643,18
5872,684.786,473.929,18
5873,666.786,531.786,18
5874,678.357,549.786,18
5875,711.786,561.357,18
5876,749.071,566.5,18
5877,801.786,599.929,18
5878,809.5,646.214,18
5879,804.357,670.643,18
5880,810.786,724.643,18
5881,853.214,624.357,18
5882,729.786,83.071,18
5883,760.643,95.929,18
5884,733.643,117.786,18
5885,732.357,149.929,18
5886,705.357,173.071,18
5887,707.929,187.214,18
5888,665.5,197.5,18
5889,689.929,223.214,18
5890,697.643,232.214,18
5891,710.5,281.071,18
5892,747.786,383.929,18
5893,756.786,468.786,18
5894,785.071,439.214,18
5895,827.5,426.357,18
5896,785.071,400.643,18
5897,830.071,497.071,18
5898,917.5,502.214,18
5899,880.214,404.5,18
5900,782.5,314.5,18
5901,777.357,281.071,18
5902,764.5,211.643,18
5903,782.5,162.786,18
5904,849.357,138.357,18
5905,885.357,124.214,18
5906,866.071,164.071,18
5907,824.929,242.5,18
5908,853.214,296.5,18
5909,887.929,299.071,18
5910,900.786,306.786,18
5911,893.071,250.214,18
5912,894.357,243.786,18
5913,917.5,241.214,18
5914,948.357,237.357,18
5915,923.929,196.214,18
5916,926.5,158.929,18
5917,922.643,83.071,18
5918,917.5,31.643,18
5919,993.357,13.643,18
5920,962.5,76.643,18
5921,962.5,81.786,18
5922,1017.786,58.643,18
5923,1028.071,38.071,18
5924,1055.071,16.214,18
5925,1145.071,3.357,18
5926,1175.929,61.214,18
5927,1178.5,74.071,18
5928,1199.071,85.643,18
5929,1235.071,74.071,18
5930,1250.5,45.786,18
5931,1087.214,122.929,18
5932,1074.357,134.5,18
5933,1010.071,152.5,18
5934,994.643,161.5,18
5935,970.214,206.5,18
5936,1044.786,219.357,18
5937,1007.5,212.929,18
5938,1035.786,230.929,18
5939,1037.071,254.071,18
5940,1079.5,269.5,18
5941,1093.643,184.643,18
5942,1139.929,184.643,18
5943,1157.929,205.214,18
5944,1201.643,140.929,18
5945,1233.786,126.786,18
5946,1241.5,130.643,18
5947,1255.643,194.929,18
5948,1232.5,180.786,18
5949,1286.5,218.071,18
5950,1272.357,284.929,18
5951,1283.929,320.929,18
5952,1280.071,363.357,18
5953,1223.5,349.214,18
5954,1197.786,275.929,18
5955,1143.786,292.643,18
5956,1088.5,297.786,18
5957,1074.357,324.786,18
5958,950.929,311.929,18
5959,956.071,344.071,18
5960,975.357,389.071,18
5961,974.071,472.643,18
5962,998.5,476.5,18
5963,995.929,484.214,18
5964,963.786,517.643,18
5965,949.643,548.5,18
5966,986.929,578.071,18
5967,961.214,610.214,18
5968,974.071,608.929,18
5969,882.786,634.643,18
5970,887.929,643.643,18
5971,899.5,692.5,18
5972,979.214,687.357,18
5973,1028.071,566.5,18
5974,1039.643,576.786,18
5975,1052.5,588.357,18
5976,1071.786,594.786,18
5977,1069.214,619.214,18
5978,1085.929,644.929,18
5979,1084.643,679.643,18
5980,1134.786,650.071,18
5981,1169.5,642.357,18
5982,1186.214,642.357,18
5983,1204.214,673.214,18
5984,1197.786,684.786,18
5985,1217.071,687.357,18
5986,1224.786,716.929,18
5987,1267.214,655.214,18
5988,1193.929,581.929,18
5989,1152.786,497.071,18
5990,1119.357,490.643,18
5991,1093.643,476.5,18
5992,1013.929,399.357,18
5993,1136.071,408.357,18
5994,1125.786,443.071,18
5995,1177.214,414.786,18
5996,1205.5,427.643,18
5997,1217.071,405.786,18
5998,1226.071,440.5,18
5999,1183.643,450.786,18
6000,1287.786,715.643,19
6001,1226.071,706.643,19
6002,1226.071,691.214,19
6003,1192.643,686.071,19
6004,1196.5,670.643,19
6005,1190.071,650.071,19
6006,1172.071,642.357,19
6007,1141.214,642.357,19
6008,1089.786,679.643,19
6009,1079.5,637.214,19
6010,1079.5,624.357,19
6011,1087.214,593.5,19
6012,1058.929,592.214,19
6013,1030.643,580.643,19
6014,1030.643,566.5,19
6015,1184.929,581.929,19
6016,1231.214,596.071,19
6017,1262.071,551.071,19
6018,1222.214,543.357,19
6019,1271.071,655.214,19
6020,1249.214,662.929,19
6021,1060.214,520.214,19
6022,1083.357,470.071,19
6023,1148.929,489.357,19
6024,1127.071,486.786,19
6025,1129.643,443.071,19
6026,1132.214,399.357,19
6027,1156.643,387.786,19
6028,1186.214,408.357,19
6029,1192.643,427.643,19
6030,1195.214,452.071,19
6031,1222.214,407.071,19
6032,1224.786,440.5,19
6033,1236.357,349.214,19
6034,1280.071,356.929,19
6035,1287.786,313.214,19
6036,1269.786,288.786,19
6037,1289.071,221.929,19
6038,1258.214,198.786,19
6039,1250.5,134.5,19
6040,1235.071,124.214,19
6041,1183.643,137.071,19
6042,1218.357,170.5,19
6043,1178.5,59.929,19
6044,1178.5,75.357,19
6045,1204.214,68.929,19
6046,1206.786,76.643,19
6047,1228.643,76.643,19
6048,1247.929,49.643,19
6049,1151.5,5.929,19
6050,1100.071,32.929,19
6051,1035.786,32.929,19
6052,1053.786,16.214,19
6053,1010.071,58.643,19
6054,981.786,18.786,19
6055,999.786,4.643,19
6056,920.071,40.643,19
6057,945.786,79.214,19
6058,966.357,83.071,19
6059,1069.214,131.929,19
6060,1088.5,129.357,19
6061,1097.5,176.929,19
6062,1137.357,188.5,19
6063,1159.214,207.786,19
6064,1160.5,236.071,19
6065,1187.5,286.214,19
6066,1133.5,290.071,19
6067,1079.5,266.929,19
6068,1075.643,300.357,19
6069,1073.071,319.643,19
6070,1029.357,257.929,19
6071,1034.5,248.929,19
6072,1037.071,225.786,19
6073,1043.5,210.357,19
6074,1001.071,210.357,19
6075,993.357,157.643,19
6076,995.929,148.643,19
6077,935.5,158.929,19
6078,920.071,158.929,19
6079,934.214,179.5,19
6080,927.786,193.643,19
6081,940.643,193.643,19
6082,966.357,210.357,19
6083,932.929,238.643,19
6084,913.643,243.786,19
6085,886.643,236.071,19
6086,887.929,257.929,19
6087,853.214,290.071,19
6088,878.929,296.5,19
6089,905.929,306.786,19
6090,953.5,304.214,19
6091,953.5,344.071,19
6092,976.643,389.071,19
6093,1013.929,399.357,19
6094,1004.929,471.357,19
6095,986.929,477.786,19
6096,970.214,480.357,19
6097,912.357,511.214,19
6098,938.071,543.357,19
6099,968.929,597.357,19
6100,983.071,611.5,19
6101,988.214,576.786,19
6102,986.929,666.786,19
6103,903.357,644.929,19
6104,890.5,623.071,19
6105,860.929,623.071,19
6106,818.5,596.071,19
6107,805.643,639.786,19
6108,803.071,660.357,19
6109,796.643,719.5,19
6110,902.071,698.929,19
6111,741.357,711.786,19
6112,705.357,704.071,19
6113,697.643,646.214,19
6114,696.357,626.929,19
6115,668.071,644.929,19
6116,662.929,651.357,19
6117,648.786,642.357,19
6118,623.071,626.929,19
6119,624.357,647.5,19
6120,594.786,660.357,19
6121,583.214,641.071,19
6122,569.071,623.071,19
6123,549.786,652.643,19
6124,549.786,686.071,19
6125,502.214,633.357,19
6126,512.5,648.786,19
6127,497.071,597.357,19
6128,521.5,583.214,19
6129,574.214,569.071,19
6130,617.929,566.5,19
6131,674.5,534.357,19
6132,689.929,543.357,19
6133,707.929,549.786,19
6134,734.929,561.357,19
6135,814.643,500.929,19
6136,774.786,467.5,19
6137,792.786,440.5,19
6138,817.214,422.5,19
6139,869.929,412.214,19
6140,790.214,392.929,19
6141,755.5,380.071,19
6142,677.071,385.214,19
6143,688.643,484.214,19
6144,629.5,482.929,19
6145,623.071,436.643,19
6146,566.5,408.357,19
6147,565.214,431.5,19
6148,520.214,434.071,19
6149,549.786,467.5,19
6150,552.357,504.786,19
6151,553.643,520.214,19
6152,526.643,531.786,19
6153,500.929,542.071,19
6154,464.929,508.643,19
6155,463.643,488.071,19
6156,464.929,468.786,19
6157,462.357,454.643,19
6158,439.214,464.929,19
6159,470.071,436.643,19
6160,490.643,385.214,19
6161,459.786,374.929,19
6162,398.071,356.929,19
6163,381.357,367.214,19
6164,377.5,381.357,19
6165,476.5,308.071,19
6166,449.5,315.786,19
6167,448.214,305.5,19
6168,462.357,284.929,19
6169,430.214,265.643,19
6170,421.214,242.5,19
6171,437.929,221.929,19
6172,448.214,173.071,19
6173,477.786,191.071,19
6174,493.214,200.071,19
6175,554.929,211.643,19
6176,531.786,175.643,19
6177,560.071,148.643,19
6178,566.5,160.214,19
6179,642.357,119.071,19
6180,660.357,121.643,19
6181,650.071,133.214,19
6182,632.071,158.929,19
6183,620.5,237.357,19
6184,566.5,268.214,19
6185,556.214,317.071,19
6186,598.643,336.357,19
6187,620.5,331.214,19
6188,648.786,333.786,19
6189,660.357,369.786,19
6190,713.071,287.5,19
6191,691.214,233.5,19
6192,670.643,196.214,19
6193,696.357,176.929,19
6194,736.214,144.786,19
6195,724.643,122.929,19
6196,709.214,80.5,19
6197,653.929,80.5,19
6198,682.214,45.786,19
6199,689.929,31.643,19
6200,746.5,34.214,19
6201,776.071,68.929,19
6202,763.214,89.5,19
6203,785.071,149.929,19
6204,746.5,209.071,19
6205,857.071,146.071,19
6206,863.5,161.5,19
6207,889.214,131.929,19
6208,831.357,228.357,19
6209,770.929,279.786,19
6210,782.5,311.929,19
6211,468.786,414.786,19
6212,538.214,344.071,19
6213,562.643,386.5,19
6214,413.5,526.643,19
6215,416.071,574.214,19
6216,414.786,603.786,19
6217,427.643,664.214,19
6218,419.929,671.929,19
6219,376.214,673.214,19
6220,369.786,722.071,19
6221,349.214,617.929,19
6222,314.5,616.643,19
6223,290.071,638.5,19
6224,265.643,616.643,19
6225,239.929,614.071,19
6226,272.071,606.357,19
6227,292.643,674.5,19
6228,239.929,715.643,19
6229,156.357,697.643,19
6230,110.071,652.643,19
6231,72.786,680.929,19
6232,77.929,625.643,19
6233,43.214,607.643,19
6234,62.5,590.929,19
6235,80.5,574.214,19
6236,83.071,585.786,19
6237,52.214,526.643,19
6238,40.643,486.786,19
6239,71.5,448.214,19
6240,65.071,428.929,19
6241,38.071,368.5,19
6242,18.786,378.786,19
6243,95.929,364.643,19
6244,95.929,347.929,19
6245,88.214,376.214,19
6246,107.5,401.929,19
6247,148.643,475.214,19
6248,126.786,490.643,19
6249,192.357,427.643,19
6250,167.929,405.786,19
6251,143.5,430.214,19
6252,254.071,412.214,19
6253,250.214,502.214,19
6254,203.929,572.929,19
6255,335.071,544.643,19
6256,286.214,560.071,19
6257,309.357,539.5,19
6258,341.5,470.071,19
6259,364.643,506.071,19
6260,323.5,440.5,19
6261,329.929,387.786,19
6262,299.071,360.786,19
6263,326.071,326.071,19
6264,328.643,349.214,19
6265,430.214,304.214,19
6266,125.5,332.5,19
6267,103.643,305.5,19
6268,76.643,297.786,19
6269,65.071,300.357,19
6270,52.214,308.071,19
6271,13.643,318.357,19
6272,20.071,261.786,19
6273,5.929,234.786,19
6274,5.929,201.357,19
6275,47.071,219.357,19
6276,47.071,234.786,19
6277,63.786,188.5,19
6278,122.929,256.643,19
6279,99.786,269.5,19
6280,110.071,215.5,19
6281,153.786,279.786,19
6282,170.5,300.357,19
6283,200.071,241.214,19
6284,211.643,305.5,19
6285,241.214,265.643,19
6286,259.214,236.071,19
6287,278.5,223.214,19
6288,297.786,205.214,19
6289,302.929,184.643,19
6290,302.929,192.357,19
6291,335.071,174.357,19
6292,365.929,191.071,19
6293,374.929,207.786,19
6294,368.5,229.643,19
6295,386.5,194.929,19
6296,409.643,112.643,19
6297,405.786,98.5,19
6298,396.786,72.786,19
6299,417.357,49.643,19
6300,418.643,34.214,19
6301,461.071,18.786,19
6302,453.357,74.071,19
6303,445.643,102.357,19
6304,521.5,117.786,19
6305,562.643,66.357,19
6306,531.786,13.643,19
6307,509.929,25.214,19
6308,538.214,16.214,19
6309,598.643,7.214,19
6310,608.929,17.5,19
6311,583.214,133.214,19
6312,233.5,148.643,19
6313,218.071,139.643,19
6314,214.214,178.214,19
6315,170.5,164.071,19
6316,125.5,135.786,19
6317,65.071,75.357,19
6318,49.643,72.786,19
6319,71.5,43.214,19
6320,26.5,30.357,19
6321,147.357,44.5,19
6322,120.357,52.214,19
6323,155.071,89.5,19
6324,164.071,25.214,19
6325,239.929,57.357,19
6326,281.071,35.5,19
6327,291.357,31.643,19
6328,329.929,23.929,19
6329,293.929,92.071,19
6330,219.357,494.5,19
6331,1289.071,714.357,20
6332,1224.786,716.929,20
6333,1222.214,689.929,20
6334,1199.071,683.5,20
6335,1209.357,668.071,20
6336,1183.643,641.071,20
6337,1173.357,628.214,20
6338,1146.357,650.071,20
6339,1083.357,677.071,20
6340,1078.214,632.071,20
6341,1091.071,598.643,20
6342,1062.786,587.071,20
6343,1039.643,578.071,20
6344,1016.5,557.5,20
6345,1053.786,603.786,20
6346,1186.214,581.929,20
6347,1186.214,570.357,20
6348,1215.786,549.786,20
6349,1263.357,549.786,20
6350,1240.214,585.786,20
6351,1245.357,638.5,20
6352,1271.071,656.5,20
6353,1209.357,499.643,20
6354,1147.643,502.214,20
6355,1125.786,494.5,20
6356,1089.786,485.5,20
6357,1060.214,524.071,20
6358,1136.071,396.786,20
6359,1142.5,445.643,20
6360,1172.071,398.071,20
6361,1192.643,436.643,20
6362,1197.786,414.786,20
6363,1215.786,431.5,20
6364,1219.643,400.643,20
6365,1237.643,351.786,20
6366,1291.643,359.5,20
6367,1286.5,322.214,20
6368,1202.929,279.786,20
6369,1143.786,290.071,20
6370,1110.357,290.071,20
6371,1078.214,295.214,20
6372,1069.214,320.929,20
6373,1091.071,261.786,20
6374,1156.643,247.643,20
6375,1160.5,220.643,20
6376,1134.786,189.786,20
6377,1199.071,133.214,20
6378,1247.929,130.643,20
6379,1259.5,192.357,20
6380,1282.643,221.929,20
6381,1229.929,183.357,20
6382,1178.5,84.357,20
6383,1175.929,61.214,20
6384,1214.5,72.786,20
6385,1213.214,94.643,20
6386,1235.071,79.214,20
6387,1242.786,53.5,20
6388,1107.786,36.786,20
6389,1057.643,26.5,20
6390,1024.214,41.929,20
6391,1016.5,54.786,20
6392,998.5,4.643,20
6393,953.5,81.786,20
6394,974.071,89.5,20
6395,1065.357,131.929,20
6396,1082.071,129.357,20
6397,1093.643,184.643,20
6398,1052.5,214.214,20
6399,1038.357,221.929,20
6400,1037.071,246.357,20
6401,1031.929,265.643,20
6402,1011.357,214.214,20
6403,993.357,171.786,20
6404,943.214,162.786,20
6405,926.5,164.071,20
6406,930.357,196.214,20
6407,935.5,191.071,20
6408,954.786,209.071,20
6409,966.357,212.929,20
6410,922.643,242.5,20
6411,934.214,250.214,20
6412,886.643,252.786,20
6413,891.786,228.357,20
6414,899.5,239.929,20
6415,863.5,155.071,20
6416,855.786,146.071,20
6417,872.5,133.214,20
6418,909.786,86.929,20
6419,913.643,40.643,20
6420,808.214,67.643,20
6421,777.357,92.071,20
6422,750.357,58.643,20
6423,728.5,86.929,20
6424,781.214,67.643,20
6425,718.214,117.786,20
6426,682.214,56.071,20
6427,697.643,30.357,20
6428,741.357,32.929,20
6429,895.643,296.5,20
6430,889.214,295.214,20
6431,851.929,292.643,20
6432,828.786,232.214,20
6433,776.071,147.357,20
6434,724.643,156.357,20
6435,705.357,188.5,20
6436,674.5,201.357,20
6437,684.786,230.929,20
6438,701.5,229.643,20
6439,716.929,272.071,20
6440,770.929,282.357,20
6441,768.357,211.643,20
6442,782.5,308.071,20
6443,961.214,311.929,20
6444,954.786,344.071,20
6445,976.643,390.357,20
6446,1011.357,398.071,20
6447,1004.929,475.214,20
6448,989.5,489.357,20
6449,972.786,479.071,20
6450,907.214,497.071,20
6451,868.643,422.5,20
6452,835.214,417.357,20
6453,796.643,441.786,20
6454,755.5,464.929,20
6455,741.357,383.929,20
6456,830.071,495.786,20
6457,936.786,553.643,20
6458,965.071,527.929,20
6459,972.786,578.071,20
6460,988.214,583.214,20
6461,956.071,599.929,20
6462,974.071,605.071,20
6463,965.071,642.357,20
6464,980.5,675.786,20
6465,975.357,688.643,20
6466,887.929,630.786,20
6467,891.786,637.214,20
6468,858.357,616.643,20
6469,804.357,587.071,20
6470,806.929,653.929,20
6471,796.643,661.643,20
6472,794.071,723.357,20
6473,743.929,711.786,20
6474,752.929,695.071,20
6475,692.5,693.786,20
6476,728.5,680.929,20
6477,706.643,642.357,20
6478,698.929,623.071,20
6479,671.929,648.786,20
6480,657.786,639.786,20
6481,657.786,648.786,20
6482,655.214,662.929,20
6483,615.357,648.786,20
6484,625.643,620.5,20
6485,624.357,615.357,20
6486,580.643,623.071,20
6487,570.357,630.786,20
6488,562.643,625.643,20
6489,579.357,644.929,20
6490,544.643,650.071,20
6491,542.071,688.643,20
6492,515.071,651.357,20
6493,489.357,633.357,20
6494,500.929,594.786,20
6495,525.357,584.5,20
6496,583.214,566.5,20
6497,608.929,558.786,20
6498,673.214,535.643,20
6499,684.786,542.071,20
6500,710.5,567.786,20
6501,740.071,566.5,20
6502,680.929,491.929,20
6503,634.643,479.071,20
6504,621.786,430.214,20
6505,677.071,454.643,20
6506,671.929,377.5,20
6507,655.214,347.929,20
6508,634.643,359.5,20
6509,614.071,335.071,20
6510,601.214,336.357,20
6511,563.929,319.643,20
6512,543.357,323.5,20
6513,533.071,344.071,20
6514,571.643,373.643,20
6515,567.786,409.643,20
6516,522.786,428.929,20
6517,551.071,431.5,20
6518,549.786,467.5,20
6519,540.786,495.786,20
6520,544.643,521.5,20
6521,509.929,531.786,20
6522,488.071,535.643,20
6523,453.357,506.071,20
6524,457.214,485.5,20
6525,441.786,472.643,20
6526,464.929,468.786,20
6527,463.643,461.071,20
6528,471.357,434.071,20
6529,476.5,417.357,20
6530,461.071,374.929,20
6531,481.643,374.929,20
6532,408.357,344.071,20
6533,439.214,310.643,20
6534,459.786,323.5,20
6535,481.643,306.786,20
6536,476.5,290.071,20
6537,421.214,272.071,20
6538,405.786,247.643,20
6539,359.5,218.071,20
6540,365.929,203.929,20
6541,607.643,237.357,20
6542,584.5,279.786,20
6543,554.929,207.786,20
6544,525.357,178.214,20
6545,507.357,200.071,20
6546,490.643,196.214,20
6547,435.357,220.643,20
6548,558.786,167.929,20
6549,538.214,151.214,20
6550,635.929,157.643,20
6551,642.357,135.786,20
6552,650.071,125.5,20
6553,633.357,120.357,20
6554,652.643,102.357,20
6555,554.929,63.786,20
6556,522.786,117.786,20
6557,449.5,108.786,20
6558,419.929,126.786,20
6559,407.071,119.071,20
6560,405.786,103.643,20
6561,399.357,85.643,20
6562,383.929,75.357,20
6563,407.071,56.071,20
6564,419.929,44.5,20
6565,400.643,4.643,20
6566,457.214,18.786,20
6567,521.5,17.5,20
6568,536.929,12.357,20
6569,545.929,11.071,20
6570,610.214,14.929,20
6571,336.357,173.071,20
6572,293.929,183.357,20
6573,302.929,188.5,20
6574,296.5,193.643,20
6575,300.357,205.214,20
6576,283.643,225.786,20
6577,265.643,233.5,20
6578,245.071,263.071,20
6579,203.929,241.214,20
6580,234.786,158.929,20
6581,218.071,142.214,20
6582,201.357,176.929,20
6583,171.786,164.071,20
6584,134.5,135.786,20
6585,147.357,90.786,20
6586,135.786,44.5,20
6587,119.071,44.5,20
6588,71.5,48.357,20
6589,58.643,80.5,20
6590,27.786,29.071,20
6591,155.071,4.643,20
6592,0.786,108.786,20
6593,279.786,26.5,20
6594,233.5,44.5,20
6595,287.5,29.071,20
6596,295.214,98.5,20
6597,336.357,313.214,20
6598,304.214,351.786,20
6599,346.643,355.643,20
6600,387.786,373.643,20
6601,329.929,386.5,20
6602,318.357,440.5,20
6603,346.643,439.214,20
6604,372.357,437.929,20
6605,439.214,409.643,20
6606,254.071,413.5,20
6607,239.929,416.071,20
6608,260.5,427.643,20
6609,306.786,395.5,20
6610,395.5,471.357,20
6611,418.643,511.214,20
6612,356.929,508.643,20
6613,337.643,477.786,20
6614,323.5,542.071,20
6615,427.643,581.929,20
6616,417.357,607.643,20
6617,425.071,664.214,20
6618,416.071,671.929,20
6619,421.214,675.786,20
6620,368.5,677.071,20
6621,371.071,722.071,20
6622,288.786,725.929,20
6623,246.357,722.071,20
6624,292.643,696.357,20
6625,286.214,638.5,20
6626,318.357,619.214,20
6627,342.786,619.214,20
6628,286.214,603.786,20
6629,254.071,612.786,20
6630,257.929,611.5,20
6631,283.643,558.786,20
6632,205.214,575.5,20
6633,193.643,557.5,20
6634,176.929,661.643,20
6635,148.643,683.5,20
6636,65.071,673.214,20
6637,104.929,646.214,20
6638,76.643,615.357,20
6639,75.357,599.929,20
6640,79.214,576.786,20
6641,81.786,581.929,20
6642,99.786,588.357,20
6643,36.786,607.643,20
6644,35.5,530.5,20
6645,2.071,509.929,20
6646,31.643,482.929,20
6647,115.214,495.786,20
6648,138.357,470.071,20
6649,104.929,454.643,20
6650,72.786,449.5,20
6651,40.643,426.357,20
6652,14.929,394.214,20
6653,35.5,378.786,20
6654,84.357,383.929,20
6655,92.071,371.071,20
6656,97.214,338.929,20
6657,120.357,319.643,20
6658,124.214,377.5,20
6659,130.643,400.643,20
6660,155.071,435.357,20
6661,173.071,403.214,20
6662,179.5,418.643,20
6663,223.214,506.071,20
6664,241.214,506.071,20
6665,16.214,324.786,20
6666,45.786,309.357,20
6667,62.5,297.786,20
6668,66.357,275.929,20
6669,79.214,299.071,20
6670,116.5,275.929,20
6671,106.214,297.786,20
6672,121.643,254.071,20
6673,152.5,282.357,20
6674,167.929,302.929,20
6675,205.214,305.5,20
6676,47.071,236.071,20
6677,44.5,224.5,20
6678,63.786,192.357,20
6679,8.5,209.071,20
6680,4.643,229.643,20
6681,25.214,248.929,20
6682,794.071,403.214,20
6683,947.071,422.5,20
6684,1033.214,431.5,20
6685,381.357,184.643,20
6686,578.071,131.929,20
6687,903.357,689.929,20
6688,161.5,723.357,20
