track_id,frame,x_pixel,y_pixel,x_um,y_um,time_sec
1,1,18.3168316831683,228.663366336634,7.69306930693069,96.0386138613861,0
2,1,75.2519083969466,49.5954198473282,31.6058015267176,20.8300763358779,0
3,1,72.7416666666667,706.058333333333,30.5515,296.5445,0
4,1,212.223684210526,170.25,89.1339473684211,71.505,0
5,1,297.546296296296,198.564814814815,124.969444444444,83.3972222222222,0
6,1,309.697841726619,9.96402877697842,130.07309352518,4.18489208633093,0
7,1,450.678571428571,132.25,189.285,55.545,0
8,1,459.798816568047,85.9881656804734,193.11550295858,36.1150295857988,0
9,1,480.266666666667,319.837037037037,201.712,134.331555555556,0
10,1,524.370967741935,727.064516129032,220.235806451613,305.367096774194,0
11,1,633.25730994152,624.570175438596,265.968070175439,262.31947368421,0
12,1,763.64,231.38,320.7288,97.1796,0
13,1,993.693430656934,203.92700729927,417.351240875912,85.6493430656934,0
14,1,1293.82,214.5,543.4044,90.09,0
15,1,4.46078431372549,714.637254901961,1.87352941176471,300.147647058824,0
15,2,4.625,716.590909090909,1.9425,300.968181818182,0.025
16,1,95.945652173913,297.923913043478,40.2971739130435,125.128043478261,0
16,2,90.5853658536585,291.829268292683,38.0458536585366,122.568292682927,0.025
17,1,293.390625,619.1796875,123.2240625,260.05546875,0
17,2,291.119047619048,620.730158730159,122.27,260.706666666667,0.025
18,1,308.020833333333,223.041666666667,129.36875,93.6775,0
18,2,309.852173913043,223.895652173913,130.137913043478,94.0361739130435,0.025
19,1,315.65,206.67,132.573,86.8014,0
19,2,314.752293577982,208.770642201835,132.195963302752,87.6836697247706,0.025
20,1,348.925,461.0125,146.5485,193.62525,0
20,2,349.994382022472,458.994382022472,146.997640449438,192.777640449438,0.025
21,1,405.934210526316,390.855263157895,170.492368421053,164.159210526316,0
21,2,396.670454545455,391.090909090909,166.601590909091,164.258181818182,0.025
22,1,450.628205128205,247.737179487179,189.263846153846,104.049615384615,0
22,2,446.961038961039,244.694805194805,187.723636363636,102.771818181818,0.025
23,1,668.759398496241,328.187969924812,280.878947368421,137.838947368421,0
23,2,666.100591715976,327.514792899408,279.76224852071,137.556213017751,0.025
24,1,976.226890756303,85.2857142857143,410.015294117647,35.82,0
24,2,975.686131386861,84.014598540146,409.788175182482,35.2861313868613,0.025
25,2,310.549019607843,391.058823529412,130.430588235294,164.244705882353,0.025
26,2,514.457627118644,68.5254237288136,216.07220338983,28.7806779661017,0.025
27,2,970.040540540541,587.75,407.417027027027,246.855,0.025
28,2,1292.58762886598,539.216494845361,542.886804123711,226.470927835052,0.025
29,1,116.587719298246,354.140350877193,48.9668421052632,148.738947368421,0
29,2,113.391304347826,356.391304347826,47.624347826087,149.684347826087,0.025
29,3,109.983193277311,356.100840336134,46.1929411764706,149.562352941176,0.05
30,1,280.83908045977,636.034482758621,117.952413793103,267.134482758621,0
30,2,282.857142857143,634.295918367347,118.8,266.404285714286,0.025
30,3,290.88038277512,628.665071770335,122.16976076555,264.039330143541,0.05
31,1,415.152173913043,375.717391304348,174.363913043478,157.801304347826,0
31,2,414.379746835443,381.670886075949,174.039493670886,160.301772151899,0.025
31,3,412.634408602151,384.720430107527,173.306451612903,161.582580645161,0.05
32,1,473.921487603306,505.421487603306,199.047024793388,212.277024793388,0
32,2,470.668161434978,510.085201793722,197.680627802691,214.235784753363,0.025
32,3,473.388185654008,515.037974683544,198.823037974684,216.315949367089,0.05
33,1,624.205882352941,648.317647058824,262.166470588235,272.293411764706,0
33,2,628.450980392157,653.779411764706,263.949411764706,274.587352941176,0.025
33,3,632.032558139535,652.158139534884,265.453674418605,273.906418604651,0.05
34,1,672.462962962963,142.703703703704,282.434444444444,59.9355555555556,0
34,2,671.196172248804,139.320574162679,281.902392344498,58.5146411483254,0.025
34,3,663.759689922481,139.790697674419,278.779069767442,58.7120930232558,0.05
35,1,796.008928571429,587.178571428571,334.32375,246.615,0
35,2,792.602409638554,585.21686746988,332.893012048193,245.791084337349,0.025
35,3,785.939130434783,584.35652173913,330.094434782609,245.429739130435,0.05
36,1,960.22,335.38,403.2924,140.8596,0
36,2,960.547169811321,335.018867924528,403.429811320755,140.707924528302,0.025
36,3,961.636363636364,334.945454545455,403.887272727273,140.677090909091,0.05
37,1,976.253012048193,624.180722891566,410.026265060241,262.155903614458,0
37,2,978.628205128205,624.538461538462,411.023846153846,262.306153846154,0.025
37,3,980.870967741935,626.016129032258,411.965806451613,262.926774193548,0.05
38,1,1065.60396039604,601.950495049505,447.553663366337,252.819207920792,0
38,2,1062.64220183486,603.825688073395,446.309724770642,253.606788990826,0.025
38,3,1059.91304347826,609.789855072464,445.16347826087,256.111739130435,0.05
39,1,1168.75438596491,212.114035087719,490.876842105263,89.0878947368421,0
39,2,1168.61682242991,219.467289719626,490.819065420561,92.176261682243,0.025
39,3,1167.8431372549,222.460784313725,490.494117647059,93.4335294117647,0.05
40,1,1219.87974683544,87.7278481012658,512.349493670886,36.8456962025316,0
40,2,1213.55063291139,88.8417721518987,509.691265822785,37.3135443037975,0.025
40,3,1210.05263157895,86.6644736842105,508.222105263158,36.3990789473684,0.05
41,1,1225.22377622378,172.762237762238,514.593986013986,72.5601398601399,0
41,2,1227.52380952381,171.495238095238,515.56,72.028,0.025
41,3,1218.42857142857,171.97619047619,511.74,72.23,0.05
42,2,114.165289256198,453.165289256198,47.9494214876033,190.329421487603,0.025
42,3,119.891666666667,454.525,50.3545,190.9005,0.05
43,2,675.984848484848,52.1818181818182,283.913636363636,21.9163636363636,0.025
43,3,681.546391752577,50.1340206185567,286.249484536082,21.0562886597938,0.05
44,3,943.098039215686,119.313725490196,396.101176470588,50.1117647058824,0.05
45,3,965.538461538462,229.288461538462,405.526153846154,96.3011538461539,0.05
46,1,74.3271028037383,324.654205607477,31.2173831775701,136.35476635514,0
46,2,77.8846153846154,324.515384615385,32.7115384615385,136.296461538462,0.025
46,3,73.8089887640449,321.561797752809,30.9997752808989,135.05595505618,0.05
46,4,75.1296296296296,315.5,31.5544444444444,132.51,0.075
47,1,134.04,141.38,56.2968,59.3796,0
47,2,133.5,140.666666666667,56.07,59.08,0.025
47,3,132.9,140.34,55.818,58.9428,0.05
47,4,133.529411764706,140.235294117647,56.0823529411765,58.8988235294118,0.075
48,1,473.641975308642,334.086419753086,198.92962962963,140.316296296296,0
48,2,477.812977099237,321.832061068702,200.681450381679,135.169465648855,0.025
48,3,475.280303030303,322.185606060606,199.617727272727,135.317954545455,0.05
48,4,474.489655172414,320.568965517241,199.285655172414,134.638965517241,0.075
49,1,549.491978609626,197.946524064171,230.786631016043,83.1375401069519,0
49,2,542.86,195.693333333333,228.0012,82.1912,0.025
49,3,543.022099447514,191.552486187845,228.069281767956,80.452044198895,0.05
49,4,544.757575757576,190.146464646465,228.798181818182,79.8615151515151,0.075
50,1,584.739130434783,654.095652173913,245.590434782609,274.720173913043,0
50,2,582.189189189189,651.094594594595,244.519459459459,273.45972972973,0.025
50,3,583.552447552448,645.216783216783,245.092027972028,270.991048951049,0.05
50,4,581.425806451613,643.509677419355,244.198838709677,270.274064516129,0.075
51,1,862.298245614035,101.491228070175,362.165263157895,42.6263157894737,0
51,2,860.506756756757,102.344594594595,361.412837837838,42.9847297297297,0.025
51,3,861.432584269663,104.252808988764,361.801685393258,43.7861797752809,0.05
51,4,865.056818181818,107.414772727273,363.323863636364,45.1142045454545,0.075
52,1,1034.70512820513,247.673076923077,434.576153846154,104.022692307692,0
52,2,1035.18300653595,247.745098039216,434.776862745098,104.052941176471,0.025
52,3,1036.27450980392,248.137254901961,435.235294117647,104.217647058824,0.05
52,4,1036.83561643836,248.582191780822,435.47095890411,104.404520547945,0.075
53,3,15.4601769911504,226,6.49327433628319,94.92,0.05
53,4,14.479674796748,221.333333333333,6.08146341463415,92.96,0.075
54,3,364.220588235294,246.5,152.972647058824,103.53,0.05
54,4,363.634408602151,247.021505376344,152.726451612903,103.749032258065,0.075
55,4,127.807692307692,693.596153846154,53.6792307692308,291.310384615385,0.075
56,4,131.792452830189,367.641509433962,55.3528301886792,154.409433962264,0.075
57,4,420.309523809524,698.103174603175,176.53,293.203333333333,0.075
58,4,968.275862068965,526.413793103448,406.675862068966,221.093793103448,0.075
59,1,135.740740740741,325.222222222222,57.0111111111111,136.593333333333,0
59,2,136.153846153846,324.480769230769,57.1846153846154,136.281923076923,0.025
59,3,135.8,324.5,57.036,136.29,0.05
59,4,136.647058823529,324.372549019608,57.3917647058824,136.236470588235,0.075
59,5,137.823529411765,323.647058823529,57.8858823529412,135.931764705882,0.1
60,1,188.529411764706,570.447058823529,79.1823529411765,239.587764705882,0
60,2,187.967032967033,570.714285714286,78.9461538461538,239.7,0.025
60,3,190.2,571.09,79.884,239.8578,0.05
60,4,192.489361702128,569.978723404255,80.8455319148936,239.391063829787,0.075
60,5,192.805555555556,568.361111111111,80.9783333333333,238.711666666667,0.1
61,1,1005.4328358209,149.865671641791,422.281791044776,62.9435820895522,0
61,2,1005.87878787879,150.469696969697,422.469090909091,63.1972727272727,0.025
61,3,1005.96721311475,150.918032786885,422.506229508197,63.3855737704918,0.05
61,4,1005.4262295082,150.377049180328,422.279016393443,63.1583606557377,0.075
61,5,1005.47619047619,149.936507936508,422.3,62.9733333333333,0.1
62,1,1114.96,5.984,468.2832,2.51328,0
62,2,1118.208,5.76,469.64736,2.4192,0.025
62,3,1119.13445378151,5.12605042016807,470.036470588235,2.15294117647059,0.05
62,4,1119.68965517241,5.77586206896552,470.269655172414,2.42586206896552,0.075
62,5,1121.56923076923,5.04615384615385,471.059076923077,2.11938461538462,0.1
63,1,1171.85981308411,651.373831775701,492.181121495327,273.577009345794,0
63,2,1170.30208333333,648.895833333333,491.526875,272.53625,0.025
63,3,1167.50704225352,647.845070422535,490.352957746479,272.094929577465,0.05
63,4,1165.82666666667,645.706666666667,489.6472,271.1968,0.075
63,5,1162.61904761905,647.142857142857,488.3,271.8,0.1
64,2,392.621794871795,687.967948717949,164.901153846154,288.946538461538,0.025
64,3,393.574468085106,683.326241134752,165.301276595745,286.997021276596,0.05
64,4,396.732026143791,685.437908496732,166.627450980392,287.883921568627,0.075
64,5,398.788461538462,686.794871794872,167.491153846154,288.453846153846,0.1
65,3,269.593220338983,532.847457627119,113.229152542373,223.79593220339,0.05
65,4,277.900763358779,531.587786259542,116.718320610687,223.266870229008,0.075
65,5,279.146341463415,528.743902439024,117.241463414634,222.07243902439,0.1
66,3,1066.78461538462,233.192307692308,448.049538461538,97.9407692307692,0.05
66,4,1064.56725146199,234.198830409357,447.118245614035,98.3635087719298,0.075
66,5,1062.82432432432,235.837837837838,446.386216216216,99.0518918918919,0.1
67,4,311.529411764706,391.705882352941,130.842352941176,164.516470588235,0.075
67,5,311.16,391.56,130.6872,164.4552,0.1
68,5,67.1929824561404,717.070175438596,28.2210526315789,301.169473684211,0.1
69,5,97.4285714285714,277.039682539683,40.92,116.356666666667,0.1
70,5,201.21186440678,151.330508474576,84.5089830508474,63.558813559322,0.1
71,5,544.977777777778,387.296296296296,228.890666666667,162.664444444444,0.1
72,5,631.989361702128,648.840425531915,265.435531914894,272.512978723404,0.1
73,5,686.546762589928,182.496402877698,288.34964028777,76.6484892086331,0.1
74,5,781.182795698925,583.064516129032,328.096774193548,244.887096774194,0.1
75,5,892.56,321.48,374.8752,135.0216,0.1
76,5,1215.68571428571,81.5785714285714,510.588,34.263,0.1
77,1,459.391025641026,459.134615384615,192.944230769231,192.836538461538,0
77,2,461.382716049383,458.913580246914,193.780740740741,192.743703703704,0.025
77,3,460.348571428571,457.645714285714,193.3464,192.2112,0.05
77,4,460.423611111111,457.326388888889,193.377916666667,192.077083333333,0.075
77,5,461.43795620438,456.897810218978,193.803941605839,191.897080291971,0.1
77,6,462.107142857143,458.184523809524,194.085,192.4375,0.125
78,1,484.608843537415,378.952380952381,203.535714285714,159.16,0
78,2,480.013274336283,378.283185840708,201.605575221239,158.878938053097,0.025
78,3,480.392282958199,379.440514469453,201.764758842444,159.36501607717,0.05
78,4,482.162962962963,379.088888888889,202.508444444444,159.217333333333,0.075
78,5,485.288944723618,379.994974874372,203.82135678392,159.597889447236,0.1
78,6,484.609819121447,384.643410852713,203.536124031008,161.55023255814,0.125
79,1,558.270833333333,322.385416666667,234.47375,135.401875,0
79,2,558.010489510489,322.475524475524,234.364405594406,135.43972027972,0.025
79,3,557.758741258741,322.70979020979,234.258671328671,135.538111888112,0.05
79,4,557.78021978022,322.912087912088,234.267692307692,135.623076923077,0.075
79,5,557.623287671233,322.732876712329,234.201780821918,135.547808219178,0.1
79,6,557.158249158249,322.447811447811,234.006464646465,135.428080808081,0.125
80,1,704.496453900709,234.241134751773,295.888510638298,98.3812765957447,0
80,2,704.414814814815,235.103703703704,295.854222222222,98.7435555555555,0.025
80,3,704.603305785124,235.289256198347,295.933388429752,98.8214876033058,0.05
80,4,704.253623188406,235.260869565217,295.78652173913,98.8095652173913,0.075
80,5,704.030534351145,236.083969465649,295.692824427481,99.1552671755725,0.1
80,6,703.829268292683,237.170731707317,295.608292682927,99.6117073170732,0.125
81,1,707.38,636.1,297.0996,267.162,0
81,2,707.42,635.62,297.1164,266.9604,0.025
81,3,707.803921568627,637.019607843137,297.277647058824,267.548235294118,0.05
81,4,708.36,636.5,297.5112,267.33,0.075
81,5,708.38,636.1,297.5196,267.162,0.1
81,6,708.38,636.1,297.5196,267.162,0.125
82,1,746.537037037037,106.041666666667,313.545555555556,44.5375,0
82,2,745.780748663102,105.909090909091,313.227914438503,44.4818181818182,0.025
82,3,745.185792349727,104.065573770492,312.978032786885,43.7075409836066,0.05
82,4,747.621848739496,97.781512605042,314.001176470588,41.0682352941176,0.075
82,5,747.193370165746,97.5414364640884,313.821215469613,40.9674033149171,0.1
82,6,744.171779141104,96.4846625766871,312.552147239264,40.5235582822086,0.125
83,1,1232.47368421053,596.210526315789,517.638947368421,250.408421052632,0
83,2,1231.54901960784,595.372549019608,517.250588235294,250.056470588235,0.025
83,3,1231.87272727273,595.454545454545,517.386545454545,250.090909090909,0.05
83,4,1231.96428571429,594.892857142857,517.425,249.855,0.075
83,5,1232.26,595.12,517.5492,249.9504,0.1
83,6,1232.19607843137,595.078431372549,517.522352941176,249.932941176471,0.125
84,1,1258.35443037975,658.911392405063,528.508860759494,276.742784810127,0
84,2,1258.37804878049,658.256097560976,528.518780487805,276.46756097561,0.025
84,3,1258.79545454545,658.647727272727,528.694090909091,276.632045454545,0.05
84,4,1257.8961038961,658.74025974026,528.316363636364,276.670909090909,0.075
84,5,1258.22857142857,658.557142857143,528.456,276.594,0.1
84,6,1259.55737704918,658.16393442623,529.014098360656,276.428852459016,0.125
85,2,753.982142857143,725.196428571429,316.6725,304.5825,0.025
85,3,752.349397590361,725.78313253012,315.986746987952,304.828915662651,0.05
85,4,751.538461538462,725.659340659341,315.646153846154,304.776923076923,0.075
85,5,751.569620253165,725.354430379747,315.659240506329,304.648860759494,0.1
85,6,753.01724137931,725.844827586207,316.26724137931,304.854827586207,0.125
86,3,608.542056074766,633.565420560748,255.587663551402,266.097476635514,0.05
86,4,605.870292887029,632.26359832636,254.465523012552,265.550711297071,0.075
86,5,602.928301886792,632.305660377358,253.229886792453,265.568377358491,0.1
86,6,602.099601593625,629.629482071713,252.881832669323,264.44438247012,0.125
87,6,129.726495726496,266.692307692308,54.4851282051282,112.010769230769,0.125
88,6,527.842105263158,400.359649122807,221.693684210526,168.151052631579,0.125
89,1,67.0941176470588,299.894117647059,28.1795294117647,125.955529411765,0
89,2,67.7831325301205,301.602409638554,28.4689156626506,126.673012048193,0.025
89,3,67.4473684210526,300.052631578947,28.3278947368421,126.022105263158,0.05
89,4,66.475,300.5625,27.9195,126.23625,0.075
89,5,64.5526315789474,301.328947368421,27.1121052631579,126.558157894737,0.1
89,6,61.9775280898876,300.359550561798,26.0305617977528,126.151011235955,0.125
89,7,59.0736842105263,298.073684210526,24.8109473684211,125.190947368421,0.15
90,1,365.327731092437,60.3697478991597,153.437647058824,25.3552941176471,0
90,2,364.126050420168,63.109243697479,152.932941176471,26.5058823529412,0.025
90,3,365.453237410072,66.4460431654676,153.49035971223,27.9073381294964,0.05
90,4,367.135714285714,67.2214285714286,154.197,28.233,0.075
90,5,367.898148148148,66.2222222222222,154.517222222222,27.8133333333333,0.1
90,6,368.040650406504,64.9024390243902,154.577073170732,27.2590243902439,0.125
90,7,370.098214285714,65.5089285714286,155.44125,27.51375,0.15
91,1,449.313432835821,17.1940298507463,188.711641791045,7.22149253731343,0
91,2,444.616822429907,18.5981308411215,186.739065420561,7.81121495327103,0.025
91,3,445.885245901639,19.8032786885246,187.271803278689,8.31737704918033,0.05
91,4,446.771428571429,23.8357142857143,187.644,10.011,0.075
91,5,448.296,25.56,188.28432,10.7352,0.1
91,6,446.483870967742,25.4086021505376,187.523225806452,10.6716129032258,0.125
91,7,438.663716814159,17.3097345132743,184.238761061947,7.27008849557522,0.15
92,1,609.284345047923,119.408945686901,255.899424920128,50.1517571884984,0
92,2,600.776978417266,116.920863309353,252.326330935252,49.1067625899281,0.025
92,3,601.685393258427,124.606741573034,252.707865168539,52.3348314606742,0.05
92,4,604.981595092025,129.441717791411,254.09226993865,54.3655214723926,0.075
92,5,602.969696969697,129.636363636364,253.247272727273,54.4472727272727,0.1
92,6,601.285714285714,131.392857142857,252.54,55.185,0.125
92,7,594.305263157895,124.052631578947,249.608210526316,52.1021052631579,0.15
93,1,930.705696202532,244.303797468354,390.896392405063,102.607594936709,0
93,2,929.103053435114,241.679389312977,390.223282442748,101.50534351145,0.025
93,3,929.478873239437,239.18779342723,390.381126760563,100.458873239437,0.05
93,4,926.972440944882,240.53937007874,389.32842519685,101.026535433071,0.075
93,5,927.524647887324,242.021126760563,389.560352112676,101.648873239437,0.1
93,6,925.283088235294,241.551470588235,388.618897058824,101.451617647059,0.125
93,7,924.124542124542,241.285714285714,388.132307692308,101.34,0.15
94,1,1066.06722689076,577.109243697479,447.748235294118,242.385882352941,0
94,2,1067.32432432432,585.297297297297,448.276216216216,245.824864864865,0.025
94,3,1062.20661157025,588.429752066116,446.126776859504,247.140495867769,0.05
94,4,1064.43621399177,594.588477366255,447.063209876543,249.727160493827,0.075
94,5,1067.4962406015,590.563909774436,448.348421052632,248.036842105263,0.1
94,6,1069.72511848341,593.492890995261,449.284549763033,249.267014218009,0.125
94,7,1066.5611814346,597.527426160338,447.955696202532,250.961518987342,0.15
95,1,1118.36842105263,244.666666666667,469.714736842105,102.76,0
95,2,1118.44827586207,244.568965517241,469.748275862069,102.718965517241,0.025
95,3,1118.57627118644,244.305084745763,469.802033898305,102.60813559322,0.05
95,4,1118.05882352941,244.490196078431,469.584705882353,102.685882352941,0.075
95,5,1117.75925925926,244.777777777778,469.458888888889,102.806666666667,0.1
95,6,1117.62745098039,245.117647058824,469.403529411765,102.949411764706,0.125
95,7,1118.01923076923,244.961538461538,469.568076923077,102.883846153846,0.15
96,1,1222.37398373984,412.113821138211,513.397073170732,173.087804878049,0
96,2,1226.05223880597,412.022388059701,514.941940298507,173.049402985075,0.025
96,3,1227.37671232877,407.534246575342,515.498219178082,171.164383561644,0.05
96,4,1224.85,407.271428571429,514.437,171.054,0.075
96,5,1221.22727272727,411.159090909091,512.915454545455,172.686818181818,0.1
96,6,1221.30681818182,414.693181818182,512.948863636364,174.171136363636,0.125
96,7,1216.36666666667,419.35,510.874,176.127,0.15
97,1,1280.58278145695,344.238410596026,537.84476821192,144.580132450331,0
97,2,1281.71270718232,347.624309392265,538.319337016575,146.002209944751,0.025
97,3,1282.87218045113,350.812030075188,538.806315789474,147.341052631579,0.05
97,4,1286.82278481013,353.253164556962,540.465569620253,148.366329113924,0.075
97,5,1286.3956043956,355.956043956044,540.286153846154,149.501538461538,0.1
97,6,1290.453125,356.921875,541.9903125,149.9071875,0.125
97,7,1292.10227272727,358.454545454545,542.682954545455,150.550909090909,0.15
98,2,367.678260869565,233.052173913043,154.424869565217,97.8819130434782,0.025
98,3,370.153846153846,234.711538461538,155.464615384615,98.5788461538461,0.05
98,4,372.229885057471,235.862068965517,156.336551724138,99.0620689655172,0.075
98,5,368.949438202247,238.52808988764,154.958764044944,100.181797752809,0.1
98,6,371.630057803468,235.011560693642,156.084624277457,98.7048554913295,0.125
98,7,372.954198473282,225.328244274809,156.640763358779,94.6378625954198,0.15
99,4,296.657142857143,200.057142857143,124.596,84.024,0.075
99,5,297.065420560748,201.130841121495,124.767476635514,84.474953271028,0.1
99,6,296.806201550388,202.325581395349,124.658604651163,84.9767441860465,0.125
99,7,295.551181102362,202.503937007874,124.131496062992,85.0516535433071,0.15
100,6,134.519230769231,140.153846153846,56.4980769230769,58.8646153846154,0.125
100,7,134.36,139.74,56.4312,58.6908,0.15
101,6,979.313253012048,623.012048192771,411.31156626506,261.665060240964,0.125
101,7,978.027777777778,621.597222222222,410.771666666667,261.070833333333,0.15
102,7,311.04,391.94,130.6368,164.6148,0.15
103,7,485.223529411765,517.741176470588,203.793882352941,217.451294117647,0.15
104,7,957.18,226.88,402.0156,95.2896,0.15
105,7,985.160305343511,589.526717557252,413.767328244275,247.601221374046,0.15
106,7,1124.81132075472,3.52830188679245,472.420754716981,1.48188679245283,0.15
107,1,332.488479262673,475.483870967742,139.645161290323,199.703225806452,0
107,2,331.679425837321,475.291866028708,139.305358851675,199.622583732057,0.025
107,3,331.825,476.18,139.3665,199.9956,0.05
107,4,331.72192513369,476.823529411765,139.32320855615,200.265882352941,0.075
107,5,332.913978494624,476.365591397849,139.823870967742,200.073548387097,0.1
107,6,333.11214953271,475.738317757009,139.907102803738,199.810093457944,0.125
107,7,333.303167420814,475.316742081448,139.987330316742,199.633031674208,0.15
107,8,333.763285024155,475.80193236715,140.180579710145,199.836811594203,0.175
108,1,542.564189189189,649.077702702703,227.876959459459,272.612635135135,0
108,2,547.630508474576,651.345762711864,230.004813559322,273.565220338983,0.025
108,3,550.658862876254,651.94983277592,231.276722408027,273.818929765886,0.05
108,4,552.238267148014,651.241877256318,231.940072202166,273.521588447653,0.075
108,5,546.535353535354,644.69696969697,229.544848484849,270.772727272727,0.1
108,6,544.048611111111,647.694444444444,228.500416666667,272.031666666667,0.125
108,7,535.390029325513,650.683284457478,224.863812316716,273.286979472141,0.15
108,8,532.987987987988,652.897897897898,223.854954954955,274.217117117117,0.175
109,1,812.384615384615,110.666666666667,341.201538461538,46.48,0
109,2,811.459770114943,114.609195402299,340.813103448276,48.1358620689655,0.025
109,3,812.655913978495,120.58064516129,341.315483870968,50.6438709677419,0.05
109,4,806.395833333333,123.458333333333,338.68625,51.8525,0.075
109,5,806.655737704918,123.819672131148,338.795409836066,52.004262295082,0.1
109,6,807.6875,116.53125,339.22875,48.943125,0.125
109,7,805.841121495327,108.439252336449,338.453271028037,45.5444859813084,0.15
109,8,800.054945054945,107.956043956044,336.023076923077,45.3415384615385,0.175
110,1,922.537735849057,649.424528301887,387.465849056604,272.758301886792,0
110,2,922.736842105263,649.715789473684,387.549473684211,272.880631578947,0.025
110,3,920.879310344828,647.362068965517,386.769310344828,271.892068965517,0.05
110,4,918.522388059701,646.626865671642,385.779402985075,271.58328358209,0.075
110,5,916.754545454545,641.936363636364,385.036909090909,269.613272727273,0.1
110,6,915.432203389831,640.228813559322,384.481525423729,268.896101694915,0.125
110,7,913.853658536585,639.49593495935,383.818536585366,268.588292682927,0.15
110,8,911.933333333333,638.083333333333,383.012,267.995,0.175
111,1,926.657894736842,273.111842105263,389.196315789474,114.706973684211,0
111,2,921.406451612903,282.077419354839,386.990709677419,118.472516129032,0.025
111,3,925.468992248062,280.624031007752,388.696976744186,117.862093023256,0.05
111,4,912.105263157895,276.621052631579,383.084210526316,116.180842105263,0.075
111,5,907.768595041322,272.595041322314,381.262809917355,114.489917355372,0.1
111,6,910.098484848485,272.75,382.241363636364,114.555,0.125
111,7,910.916129032258,269.277419354839,382.584774193548,113.096516129032,0.15
111,8,913.859459459459,263.886486486486,383.820972972973,110.832324324324,0.175
112,2,673.283018867925,449.584905660377,282.778867924528,188.825660377358,0.025
112,3,673.038461538462,449.153846153846,282.676153846154,188.644615384615,0.05
112,4,673.16,449.54,282.7272,188.8068,0.075
112,5,673.882352941176,450.176470588235,283.030588235294,189.074117647059,0.1
112,6,673.92,450.38,283.0464,189.1596,0.125
112,7,673.725490196078,450.333333333333,282.964705882353,189.14,0.15
112,8,673.769230769231,450.173076923077,282.983076923077,189.072692307692,0.175
113,5,4.3,716.675,1.806,301.0035,0.1
113,6,6.21296296296296,720.388888888889,2.60944444444444,302.563333333333,0.125
113,7,7.60402684563758,723.657718120805,3.19369127516779,303.936241610738,0.15
113,8,13.5666666666667,726.458333333333,5.698,305.1125,0.175
114,5,525.521582733813,410.643884892086,220.719064748201,172.470431654676,0.1
114,6,529.418604651163,417.511627906977,222.355813953488,175.35488372093,0.125
114,7,531.11914893617,411.306382978723,223.070042553191,172.748680851064,0.15
114,8,529.290322580645,404.120967741935,222.301935483871,169.730806451613,0.175
115,7,686.668918918919,186.972972972973,288.400945945946,78.5286486486486,0.15
115,8,680.870056497175,188.717514124294,285.965423728814,79.2613559322034,0.175
116,8,337.777070063694,451.885350318471,141.866369426752,189.791847133758,0.175
117,8,413.650485436893,374.26213592233,173.733203883495,157.190097087379,0.175
118,8,547.575757575758,545.893939393939,229.981818181818,229.275454545455,0.175
119,8,937.575,153.9625,393.7815,64.66425,0.175
120,8,1232.55769230769,595.230769230769,517.674230769231,249.996923076923,0.175
121,1,673.542483660131,710.823529411765,282.887843137255,298.545882352941,0
121,2,670.061452513967,712.312849162011,281.425810055866,299.171396648045,0.025
121,3,669.921052631579,715.730263157895,281.366842105263,300.606710526316,0.05
121,4,670.540983606557,717.147540983607,281.627213114754,301.201967213115,0.075
121,5,676.125,716.633333333333,283.9725,300.986,0.1
121,6,678.122950819672,718.131147540984,284.811639344262,301.615081967213,0.125
121,7,676.083333333333,722.284722222222,283.955,303.359583333333,0.15
121,8,668.673758865248,723.170212765957,280.842978723404,303.731489361702,0.175
121,9,666.401459854015,724.693430656934,279.888613138686,304.371240875912,0.2
122,1,695.569832402235,194.608938547486,292.139329608939,81.7357541899441,0
122,2,696.176100628931,195.672955974843,292.393962264151,82.182641509434,0.025
122,3,696.977941176471,195.764705882353,292.730735294118,82.2211764705882,0.05
122,4,692.887417218543,190.17880794702,291.012715231788,79.8750993377483,0.075
122,5,697.656804733728,196.360946745562,293.015857988166,82.4715976331361,0.1
122,6,695.013422818792,190.919463087248,291.905637583893,80.1861744966443,0.125
122,7,700.722972972973,195.648648648649,294.303648648649,82.1724324324324,0.15
122,8,701.446666666667,193.906666666667,294.6076,81.4408,0.175
122,9,692.017699115044,191.781710914454,290.647433628319,80.5483185840708,0.2
123,1,1008.02666666667,497.88,423.3712,209.1096,0
123,2,1005.73913043478,497.95652173913,422.410434782609,209.141739130435,0.025
123,3,1005.39716312057,497.489361702128,422.266808510638,208.945531914894,0.05
123,4,1005.13071895425,495.450980392157,422.154901960784,208.089411764706,0.075
123,5,1005.05,493.3125,422.121,207.19125,0.1
123,6,1005.28368794326,491.475177304965,422.21914893617,206.419574468085,0.125
123,7,1003.84962406015,489.954887218045,421.616842105263,205.781052631579,0.15
123,8,995.121527777778,494.163194444444,417.951041666667,207.548541666667,0.175
123,9,996.234657039711,493.202166064982,418.418555956679,207.144909747292,0.2
124,1,1115.98630136986,308.493150684931,468.714246575342,129.567123287671,0
124,2,1111.64705882353,308.176470588235,466.891764705882,129.434117647059,0.025
124,3,1113.3125,317.142857142857,467.59125,133.2,0.05
124,4,1110.30588235294,321.858823529412,466.328470588235,135.180705882353,0.075
124,5,1106.06666666667,312.555555555556,464.548,131.273333333333,0.1
124,6,1103.2358490566,312.075471698113,463.359056603774,131.071698113208,0.125
124,7,1103.60344827586,309.698275862069,463.513448275862,130.073275862069,0.15
124,8,1098.85567010309,309.958762886598,461.519381443299,130.182680412371,0.175
124,9,1098.06756756757,309.891891891892,461.188378378378,130.154594594595,0.2
125,4,396.666666666667,10.9929078014184,166.6,4.61702127659574,0.075
125,5,400.482517482517,16.1328671328671,168.202657342657,6.7758041958042,0.1
125,6,399.371212121212,11.6818181818182,167.735909090909,4.90636363636364,0.125
125,7,398.044303797468,14.4493670886076,167.178607594937,6.06873417721519,0.15
125,8,402.389380530973,21.0088495575221,169.003539823009,8.82371681415929,0.175
125,9,409.688311688312,18.9220779220779,172.069090909091,7.94727272727273,0.2
126,8,401.911949685535,680.660377358491,168.803018867925,285.877358490566,0.175
126,9,405.237288135593,677.957627118644,170.199661016949,284.74220338983,0.2
127,8,460.982035928144,459.491017964072,193.61245508982,192.98622754491,0.175
127,9,459.652694610778,460.101796407186,193.054131736527,193.242754491018,0.2
128,8,1206.85714285714,79.1020408163265,506.88,33.2228571428571,0.175
128,9,1204.08888888889,78.7555555555556,505.717333333333,33.0773333333333,0.2
129,9,63.6,718.52,26.712,301.7784,0.2
130,9,110.555555555556,430.968253968254,46.4333333333333,181.006666666667,0.2
131,9,363.855670103093,225.783505154639,152.819381443299,94.8290721649485,0.2
132,9,565.622641509434,478.905660377359,237.561509433962,201.140377358491,0.2
133,9,689.862068965517,31.2413793103448,289.742068965517,13.1213793103448,0.2
134,9,764.344827586207,229.448275862069,321.024827586207,96.368275862069,0.2
135,9,949.46,421.26,398.7732,176.9292,0.2
136,1,424.5,231.98275862069,178.29,97.4327586206897,0
136,2,424.816666666667,239.983333333333,178.423,100.793,0.025
136,3,433.876543209877,244.59670781893,182.228148148148,102.730617283951,0.05
136,4,442.031007751938,250.131782945736,185.653023255814,105.055348837209,0.075
136,5,439.022556390977,251.556390977444,184.389473684211,105.653684210526,0.1
136,6,436.735042735043,251.871794871795,183.428717948718,105.786153846154,0.125
136,7,437.517543859649,247.798245614035,183.757368421053,104.075263157895,0.15
136,8,435.962962962963,245.288888888889,183.104444444444,103.021333333333,0.175
136,9,431.628571428571,244.764285714286,181.284,102.801,0.2
136,10,431.236842105263,249.035087719298,181.119473684211,104.594736842105,0.225
137,1,821.028037383178,423.915887850467,344.831775700935,178.044672897196,0
137,2,817.701388888889,421.180555555556,343.434583333333,176.895833333333,0.025
137,3,814.838709677419,420.895161290323,342.232258064516,176.775967741935,0.05
137,4,814.169811320755,418.641509433962,341.951320754717,175.829433962264,0.075
137,5,815.673202614379,411.59477124183,342.582745098039,172.869803921569,0.1
137,6,813.804511278195,412.067669172932,341.797894736842,173.068421052632,0.125
137,7,815.08064516129,412.588709677419,342.333870967742,173.287258064516,0.15
137,8,813.030303030303,411.59595959596,341.472727272727,172.870303030303,0.175
137,9,808.873563218391,411.620689655172,339.726896551724,172.880689655172,0.2
137,10,805.524752475248,411.188118811881,338.320396039604,172.69900990099,0.225
138,1,1275.09836065574,203.811475409836,535.54131147541,85.6008196721312,0
138,2,1281.79591836735,201.462585034014,538.354285714286,84.6142857142857,0.025
138,3,1285.45454545455,199.214876033058,539.890909090909,83.6702479338843,0.05
138,4,1288.31404958678,196.438016528926,541.091900826446,82.5039669421488,0.075
138,5,1285.30434782609,191,539.827826086957,80.22,0.1
138,6,1286.46610169492,187.932203389831,540.315762711864,78.9315254237288,0.125
138,7,1292.51162790698,190.279069767442,542.85488372093,79.9172093023256,0.15
138,8,1293.16901408451,205.549295774648,543.130985915493,86.3307042253521,0.175
138,9,1292.79166666667,209.104166666667,542.9725,87.82375,0.2
138,10,1293.45882352941,213.764705882353,543.252705882353,89.7811764705882,0.225
139,6,79.970297029703,310.930693069307,33.5875247524752,130.590891089109,0.125
139,7,81.224,308.752,34.11408,129.67584,0.15
139,8,90.4245283018868,307.179245283019,37.9783018867925,129.015283018868,0.175
139,9,90.4838709677419,307.881720430108,38.0032258064516,129.310322580645,0.2
139,10,85.7758620689655,304.137931034483,36.0258620689655,127.737931034483,0.225
140,7,640.382113821138,649.20325203252,268.960487804878,272.665365853659,0.15
140,8,626.389380530973,649,263.083539823009,272.58,0.175
140,9,632.173184357542,651.251396648045,265.512737430168,273.525586592179,0.2
140,10,631.910891089109,654.425742574257,265.402574257426,274.858811881188,0.225
141,8,180.328947368421,581.342105263158,75.7381578947368,244.163684210526,0.175
141,9,177.928571428571,583.154761904762,74.73,244.925,0.2
141,10,177.418181818182,579.427272727273,74.5156363636364,243.359454545455,0.225
142,9,129.346153846154,694.942307692308,54.3253846153846,291.875769230769,0.2
142,10,129.346153846154,694.942307692308,54.3253846153846,291.875769230769,0.225
143,9,289.571428571429,4.28571428571429,121.62,1.8,0.2
143,10,287.433333333333,4.4,120.722,1.848,0.225
144,9,1118.03921568627,245.019607843137,469.576470588235,102.908235294118,0.2
144,10,1118.09615384615,244.769230769231,469.600384615385,102.803076923077,0.225
145,10,4.36986301369863,380.287671232877,1.83534246575342,159.720821917808,0.225
146,10,133.538461538462,139.653846153846,56.0861538461538,58.6546153846154,0.225
147,10,335.934343434343,475.060606060606,141.092424242424,199.525454545455,0.225
148,10,534.6,409.24,224.532,171.8808,0.225
149,10,781.965811965812,116.675213675214,328.425641025641,49.0035897435897,0.225
150,10,980.192307692308,582.903846153846,411.680769230769,244.819615384615,0.225
151,10,1130.34,2.4,474.7428,1.008,0.225
152,10,1293.65217391304,193.68115942029,543.333913043478,81.3460869565217,0.225
153,1,17.9411764705882,266.352941176471,7.53529411764706,111.868235294118,0
153,2,19.0116279069767,264.53488372093,7.98488372093023,111.104651162791,0.025
153,3,18.1866666666667,263.28,7.6384,110.5776,0.05
153,4,14.469696969697,262.969696969697,6.07727272727273,110.447272727273,0.075
153,5,8.41025641025641,266.897435897436,3.53230769230769,112.096923076923,0.1
153,6,5.41379310344828,267.080459770115,2.27379310344828,112.173793103448,0.125
153,7,4.30120481927711,266.180722891566,1.80650602409639,111.795903614458,0.15
153,8,4.09876543209877,269.938271604938,1.72148148148148,113.374074074074,0.175
153,9,5.8974358974359,267.5,2.47692307692308,112.35,0.2
153,10,8.69230769230769,259.730769230769,3.65076923076923,109.086923076923,0.225
153,11,5.83870967741935,258.58064516129,2.45225806451613,108.603870967742,0.25
154,1,64.9642857142857,368.221428571429,27.285,154.653,0
154,2,59.8012048192771,359.969879518072,25.1165060240964,151.18734939759,0.025
154,3,62.2462686567164,357.455223880597,26.1434328358209,150.131194029851,0.05
154,4,64.0491803278689,356.852459016393,26.9006557377049,149.878032786885,0.075
154,5,69.9886363636364,360.625,29.3952272727273,151.4625,0.1
154,6,71.8518518518518,355.87037037037,30.1777777777778,149.465555555556,0.125
154,7,69.6544117647059,354.441176470588,29.2548529411765,148.865294117647,0.15
154,8,69.8939393939394,352.704545454545,29.3554545454545,148.135909090909,0.175
154,9,65.7880794701987,350.64238410596,27.6309933774834,147.269801324503,0.2
154,10,70.6027397260274,347.08904109589,29.6531506849315,145.777397260274,0.225
154,11,72.1060606060606,343.780303030303,30.2845454545455,144.387727272727,0.25
155,1,244.178571428571,702,102.555,294.84,0
155,2,237.571428571429,709.32967032967,99.78,297.918461538462,0.025
155,3,239.188524590164,712.081967213115,100.459180327869,299.074426229508,0.05
155,4,239.468468468468,712.189189189189,100.576756756757,299.119459459459,0.075
155,5,243.651162790698,710.43023255814,102.333488372093,298.380697674419,0.1
155,6,243.854368932039,712.718446601942,102.418834951456,299.341747572816,0.125
155,7,243.828282828283,716.222222222222,102.407878787879,300.813333333333,0.15
155,8,246.520661157025,716.892561983471,103.53867768595,301.094876033058,0.175
155,9,248.773913043478,717.95652173913,104.485043478261,301.541739130435,0.2
155,10,250.083333333333,718.12962962963,105.035,301.614444444444,0.225
155,11,247.481818181818,719.072727272727,103.942363636364,302.010545454545,0.25
156,1,1140.5,544.707317073171,479.01,228.777073170732,0
156,2,1146.57009345794,543.018691588785,481.559439252336,228.06785046729,0.025
156,3,1149.24576271186,544.228813559322,482.683220338983,228.576101694915,0.05
156,4,1149.32786885246,545.868852459016,482.717704918033,229.264918032787,0.075
156,5,1152.35514018692,549.439252336449,483.989158878505,230.764485981308,0.1
156,6,1153.38679245283,549.971698113208,484.422452830189,230.988113207547,0.125
156,7,1158,545.352941176471,486.36,229.048235294118,0.15
156,8,1160.68503937008,550.267716535433,487.487716535433,231.112440944882,0.175
156,9,1164.91176470588,553.5,489.262941176471,232.47,0.2
156,10,1165.59701492537,552.5,489.550746268657,232.05,0.225
156,11,1170.62745098039,551.21568627451,491.663529411765,231.510588235294,0.25
157,1,1188.20481927711,64.9759036144578,499.046024096386,27.2898795180723,0
157,2,1192.31666666667,64.9833333333333,500.773,27.293,0.025
157,3,1194.01612903226,75.0483870967742,501.486774193548,31.5203225806452,0.05
157,4,1205.97769516729,79.9851301115242,506.51063197026,33.5937546468401,0.075
157,5,1199.86178861789,76.1626016260163,503.941951219512,31.9882926829268,0.1
157,6,1207.77777777778,75.587962962963,507.266666666667,31.7469444444444,0.125
157,7,1204.0985915493,69.4330985915493,505.721408450704,29.1619014084507,0.15
157,8,1203.42148760331,62.7685950413223,505.437024793388,26.3628099173554,0.175
157,9,1203.98333333333,63.6333333333333,505.673,26.726,0.2
157,10,1203.70512820513,73.6666666666667,505.556153846154,30.94,0.225
157,11,1206.01700680272,73.9285714285714,506.527142857143,31.05,0.25
158,4,191.5,4.14102564102564,80.43,1.73923076923077,0.075
158,5,187.019417475728,4.8252427184466,78.5481553398058,2.02660194174757,0.1
158,6,188.09009009009,6.63963963963964,78.9978378378378,2.78864864864865,0.125
158,7,185.985074626866,7.62686567164179,78.1137313432836,3.20328358208955,0.15
158,8,185.467213114754,4.37704918032787,77.8962295081967,1.8383606557377,0.175
158,9,187.52,4.872,78.7584,2.04624,0.2
158,10,184.90350877193,4.87719298245614,77.6594736842105,2.04842105263158,0.225
158,11,186.648351648352,3.73626373626374,78.3923076923077,1.56923076923077,0.25
159,5,567.548872180451,652.917293233083,238.370526315789,274.225263157895,0.1
159,6,569.45652173913,651.463768115942,239.171739130435,273.614782608696,0.125
159,7,570.757142857143,648.621428571429,239.718,272.421,0.15
159,8,569.428571428571,644.037593984962,239.16,270.495789473684,0.175
159,9,568.019867549669,641.033112582781,238.568344370861,269.233907284768,0.2
159,10,564.449275362319,639.746376811594,237.068695652174,268.69347826087,0.225
159,11,562.246575342466,637.691780821918,236.143561643836,267.830547945205,0.25
160,5,1163.73214285714,224.446428571429,488.7675,94.2675,0.1
160,6,1160.2380952381,220.047619047619,487.3,92.42,0.125
160,7,1158.49333333333,216.84,486.5672,91.0728,0.15
160,8,1157.97402597403,215.948051948052,486.349090909091,90.6981818181818,0.175
160,9,1155.20430107527,223.494623655914,485.185806451613,93.8677419354839,0.2
160,10,1155.84496124031,227.511627906977,485.45488372093,95.5548837209302,0.225
160,11,1156.54109589041,227.246575342466,485.747260273973,95.4435616438356,0.25
161,8,677.063829787234,557.914893617021,284.366808510638,234.324255319149,0.175
161,9,677.793333333333,553.646666666667,284.6732,232.5316,0.2
161,10,679.282051282051,554.467948717949,285.298461538462,232.876538461538,0.225
161,11,679.837037037037,552.881481481482,285.531555555556,232.210222222222,0.25
162,8,708.283018867925,636.037735849057,297.478867924528,267.135849056604,0.175
162,9,708.283018867925,636.037735849057,297.478867924528,267.135849056604,0.2
162,10,707.740740740741,636.222222222222,297.251111111111,267.213333333333,0.225
162,11,708.211538461538,637.057692307692,297.448846153846,267.564230769231,0.25
163,9,311.04,390.94,130.6368,164.1948,0.2
163,10,310.173076923077,392.153846153846,130.272692307692,164.704615384615,0.225
163,11,310.722222222222,392.833333333333,130.503333333333,164.99,0.25
164,9,467.755813953488,328.244186046512,196.457441860465,137.862558139535,0.2
164,10,469.487394957983,325.361344537815,197.184705882353,136.651764705882,0.225
164,11,467.426086956522,324.582608695652,196.318956521739,136.324695652174,0.25
165,10,15.6666666666667,4.15,6.58,1.743,0.225
165,11,14.2236842105263,3.78947368421053,5.97394736842105,1.59157894736842,0.25
166,10,993.981366459627,145.801242236025,417.472173913043,61.2365217391304,0.225
166,11,992.869791666667,148.296875,417.0053125,62.2846875,0.25
167,11,115.978260869565,428.434782608696,48.7108695652174,179.942608695652,0.25
168,11,153.478260869565,712.478260869565,64.4608695652174,299.240869565217,0.25
169,11,514.686274509804,68.4117647058823,216.168235294118,28.7329411764706,0.25
170,11,671.222222222222,727.481481481482,281.913333333333,305.542222222222,0.25
171,11,673.490196078431,450.882352941176,282.865882352941,189.370588235294,0.25
172,11,976.160714285714,597.071428571429,409.9875,250.77,0.25
173,1,540.136645962733,507.521739130435,226.857391304348,213.159130434783,0
173,2,540.194117647059,507.341176470588,226.881529411765,213.083294117647,0.025
173,3,540.075144508671,507.624277456647,226.831560693642,213.202196531792,0.05
173,4,539.860335195531,507.966480446927,226.741340782123,213.345921787709,0.075
173,5,540.118279569892,507.532258064516,226.849677419355,213.163548387097,0.1
173,6,539.647668393782,507.746113989637,226.652020725389,213.253367875648,0.125
173,7,539.715736040609,507.873096446701,226.680609137056,213.306700507614,0.15
173,8,539.645502645503,507.624338624339,226.651111111111,213.202222222222,0.175
173,9,539.861878453039,507.243093922652,226.741988950276,213.042099447514,0.2
173,10,540.38202247191,507.460674157303,226.960449438202,213.133483146067,0.225
173,11,540.283333333333,507.5,226.919,213.15,0.25
173,12,540.659574468085,507.345744680851,227.077021276596,213.085212765957,0.275
174,1,596.028301886792,6.14150943396226,250.331886792453,2.57943396226415,0
174,2,596.675675675676,6.08108108108108,250.603783783784,2.55405405405405,0.025
174,3,596.689075630252,6.5546218487395,250.609411764706,2.75294117647059,0.05
174,4,596.223300970874,5.41747572815534,250.413786407767,2.27533980582524,0.075
174,5,597.223300970874,5.41747572815534,250.833786407767,2.27533980582524,0.1
174,6,596.642105263158,4.78947368421053,250.589684210526,2.01157894736842,0.125
174,7,595.12037037037,4.77777777777778,249.950555555556,2.00666666666667,0.15
174,8,593.948453608247,4.45360824742268,249.458350515464,1.87051546391753,0.175
174,9,594.117021276596,4.51063829787234,249.52914893617,1.89446808510638,0.2
174,10,595.142857142857,3.90909090909091,249.96,1.64181818181818,0.225
174,11,595.9375,3.484375,250.29375,1.4634375,0.25
174,12,597.410714285714,3.16071428571429,250.9125,1.3275,0.275
175,5,692.115646258503,26.952380952381,290.688571428571,11.32,0.1
175,6,691.369426751592,26.4777070063694,290.375159235669,11.1206369426752,0.125
175,7,692.242574257426,20.3861386138614,290.741881188119,8.56217821782178,0.15
175,8,692.14364640884,19.2541436464088,290.700331491713,8.08674033149171,0.175
175,9,698.626865671642,13.8507462686567,293.42328358209,5.81731343283582,0.2
175,10,697,10.0151515151515,292.74,4.20636363636364,0.225
175,11,699.025,7.275,293.5905,3.0555,0.25
175,12,702.010989010989,5.03296703296703,294.844615384615,2.11384615384615,0.275
176,8,105.834782608696,284.426086956522,44.4506086956522,119.458956521739,0.175
176,9,107.758333333333,281.825,45.2585,118.3665,0.2
176,10,102.397959183673,277.918367346939,43.0071428571429,116.725714285714,0.225
176,11,99.8705882352941,273.082352941176,41.9456470588235,114.694588235294,0.25
176,12,105.267857142857,272.571428571429,44.2125,114.48,0.275
177,8,286.784,534.408,120.44928,224.45136,0.175
177,9,288.88,535.312,121.3296,224.83104,0.2
177,10,287.966386554622,537.72268907563,120.945882352941,225.843529411765,0.225
177,11,289.594827586207,538.336206896552,121.629827586207,226.101206896552,0.25
177,12,289.859649122807,538.5,121.741052631579,226.17,0.275
178,10,351.295566502463,437.379310344828,147.544137931034,183.699310344828,0.225
178,11,363.4375,436.947916666667,152.64375,183.518125,0.25
178,12,360.041666666667,434.486111111111,151.2175,182.484166666667,0.275
179,10,660.801242236025,121.403726708075,277.53652173913,50.9895652173913,0.225
179,11,657.781914893617,117.026595744681,276.268404255319,49.151170212766,0.25
179,12,655.152046783626,118.146198830409,275.163859649123,49.6214035087719,0.275
180,11,763.847457627119,229.491525423729,320.81593220339,96.3864406779661,0.25
180,12,763.843137254902,229.960784313725,320.814117647059,96.5835294117647,0.275
181,12,222,727.246575342466,93.24,305.443561643836,0.275
182,12,805.606557377049,727.934426229508,338.354754098361,305.732459016393,0.275
183,12,998.071895424837,492.797385620915,419.190196078431,206.974901960784,0.275
184,12,1233.34615384615,594.865384615385,518.005384615385,249.843461538462,0.275
185,1,1120.30894308943,708.715447154472,470.529756097561,297.660487804878,0
185,2,1121.4776119403,710.671641791045,471.020597014925,298.482089552239,0.025
185,3,1124.2375,713.3,472.17975,299.586,0.05
185,4,1122.93373493976,715.246987951807,471.632168674699,300.403734939759,0.075
185,5,1128.96,714.624,474.1632,300.14208,0.1
185,6,1133.59677419355,712.701612903226,476.11064516129,299.334677419355,0.125
185,7,1132.7,718.746153846154,475.734,301.873384615385,0.15
185,8,1133.7619047619,723.727891156463,476.18,303.965714285714,0.175
185,9,1132.23846153846,724.684615384615,475.540153846154,304.367538461538,0.2
185,10,1138.34513274336,720.088495575221,478.104955752212,302.437168141593,0.225
185,11,1137.44094488189,725.220472440945,477.725196850394,304.592598425197,0.25
185,12,1135.30337078652,726.797752808989,476.827415730337,305.255056179775,0.275
185,13,1135,727.625,476.7,305.6025,0.3
186,9,437.411764705882,102.364705882353,183.712941176471,42.9931764705882,0.2
186,10,433.975903614458,105.120481927711,182.269879518072,44.1506024096386,0.225
186,11,435.607843137255,109.009803921569,182.955294117647,45.7841176470588,0.25
186,12,432.035460992908,111.886524822695,181.454893617021,46.9923404255319,0.275
186,13,429.607476635514,109.177570093458,180.435140186916,45.8545794392523,0.3
187,9,507.174418604651,539.395348837209,213.013255813953,226.546046511628,0.2
187,10,507.258278145695,540.324503311258,213.048476821192,226.936291390728,0.225
187,11,511.787878787879,542.145454545455,214.950909090909,227.701090909091,0.25
187,12,513.060240963855,539.951807228916,215.485301204819,226.779759036145,0.275
187,13,514.309677419355,535.735483870968,216.010064516129,225.008903225806,0.3
188,11,365.420560747664,216.009345794393,153.476635514019,90.7239252336448,0.25
188,12,365.904,213.16,153.67968,89.5272,0.275
188,13,367.451851851852,218.266666666667,154.329777777778,91.672,0.3
189,12,1089.82352941176,619.25,457.725882352941,260.085,0.275
189,13,1084.34146341463,615.792682926829,455.423414634146,258.632926829268,0.3
190,13,2.15384615384615,16.1153846153846,0.904615384615384,6.76846153846154,0.3
191,13,87.6929133858268,348.417322834646,36.8310236220472,146.335275590551,0.3
192,13,309.173076923077,392.153846153846,129.852692307692,164.704615384615,0.3
193,13,345.052631578947,623.736842105263,144.922105263158,261.969473684211,0.3
194,13,560.457489878543,393.279352226721,235.392145748988,165.177327935223,0.3
195,13,621.222857142857,620.948571428571,260.9136,260.7984,0.3
196,13,647.602409638554,658.915662650602,271.993012048193,276.744578313253,0.3
197,13,690.44,29.88,289.9848,12.5496,0.3
198,13,907.630136986301,632.246575342466,381.204657534247,265.543561643836,0.3
199,13,1175.06722689076,234.857142857143,493.528235294118,98.64,0.3
200,1,146.289473684211,88.280701754386,61.4415789473684,37.0778947368421,0
200,2,146.317757009346,85.7663551401869,61.4534579439252,36.0218691588785,0.025
200,3,149.095238095238,78.7261904761905,62.62,33.065,0.05
200,4,143.756944444444,77.0416666666667,60.3779166666667,32.3575,0.075
200,5,139.614173228346,76.6141732283465,58.6379527559055,32.1779527559055,0.1
200,6,134.861111111111,77.3611111111111,56.6416666666667,32.4916666666667,0.125
200,7,134.338461538462,76.6153846153846,56.4221538461538,32.1784615384615,0.15
200,8,140.739130434783,72.231884057971,59.1104347826087,30.3373913043478,0.175
200,9,140.469230769231,64.4769230769231,58.9970769230769,27.0803076923077,0.2
200,10,142.813186813187,63.5604395604396,59.9815384615385,26.6953846153846,0.225
200,11,139.01,64.49,58.3842,27.0858,0.25
200,12,129.061224489796,64.5204081632653,54.2057142857143,27.0985714285714,0.275
200,13,124.176,59.76,52.15392,25.0992,0.3
200,14,128.816666666667,61.1333333333333,54.103,25.676,0.325
201,1,450.194029850746,506.427860696517,189.081492537313,212.699701492537,0
201,2,449.89847715736,505.147208121827,188.957360406091,212.161827411168,0.025
201,3,450.992481203008,504.46992481203,189.416842105263,211.877368421053,0.05
201,4,459.162962962963,508.855555555556,192.848444444444,213.719333333333,0.075
201,5,458.904238618524,508.513343799058,192.73978021978,213.575604395604,0.1
201,6,458.751926040062,508.989214175655,192.675808936826,213.775469953775,0.125
201,7,454.015065913371,504.854990583804,190.686327683616,212.039096045198,0.15
201,8,462.867256637168,506.394437420986,194.404247787611,212.685663716814,0.175
201,9,456.901960784314,502.630718954248,191.898823529412,211.104901960784,0.2
201,10,457.215415019763,502.081027667984,192.0304743083,210.874031620553,0.225
201,11,456.616842105263,502.517894736842,191.779073684211,211.057515789474,0.25
201,12,455.854545454545,502.772727272727,191.458909090909,211.164545454545,0.275
201,13,450.286842105263,503.673684210526,189.120473684211,211.542947368421,0.3
201,14,449.45,503.195454545455,188.769,211.342090909091,0.325
202,1,613.398496240602,308.548872180451,257.627368421053,129.590526315789,0
202,2,611.929487179487,309.673076923077,257.010384615385,130.062692307692,0.025
202,3,610.733668341708,313.572864321608,256.508140703518,131.700603015075,0.05
202,4,609.445945945946,314.608108108108,255.967297297297,132.135405405405,0.075
202,5,611.356020942408,316.628272251309,256.769528795811,132.98387434555,0.1
202,6,615.108786610879,316.18410041841,258.345690376569,132.797322175732,0.125
202,7,615.899598393574,316.987951807229,258.677831325301,133.134939759036,0.15
202,8,615.237288135593,319.60593220339,258.399661016949,134.234491525424,0.175
202,9,613.448559670782,320.835390946502,257.648395061728,134.750864197531,0.2
202,10,613.737903225806,322.08064516129,257.769919354839,135.273870967742,0.225
202,11,613.713541666667,321.015625,257.7596875,134.8265625,0.25
202,12,611.989473684211,320.973684210526,257.035578947368,134.808947368421,0.275
202,13,614.305418719212,325.497536945813,258.008275862069,136.708965517241,0.3
202,14,618.495798319328,329.054621848739,259.768235294118,138.202941176471,0.325
203,1,758.595890410959,132.698630136986,318.610273972603,55.7334246575343,0
203,2,759.536842105263,135.315789473684,319.005473684211,56.8326315789474,0.025
203,3,755.607594936709,135.708860759494,317.355189873418,56.9977215189873,0.05
203,4,752.461538461538,136.730769230769,316.033846153846,57.4269230769231,0.075
203,5,747.368932038835,134.679611650485,313.894951456311,56.5654368932039,0.1
203,6,749.701923076923,136.182692307692,314.874807692308,57.1967307692308,0.125
203,7,748.313043478261,135.347826086957,314.29147826087,56.8460869565217,0.15
203,8,748.785123966942,136.173553719008,314.489752066116,57.1928925619835,0.175
203,9,752.321428571429,139.910714285714,315.975,58.7625,0.2
203,10,748.302752293578,144.779816513761,314.287155963303,60.8075229357798,0.225
203,11,751.81914893617,145.808510638298,315.764042553191,61.2395744680851,0.25
203,12,748.708333333333,148.888888888889,314.4575,62.5333333333333,0.275
203,13,746.518248175183,153.248175182482,313.537664233577,64.3642335766423,0.3
203,14,743.376068376068,150.350427350427,312.217948717949,63.1471794871795,0.325
204,1,992.913580246914,663.037037037037,417.023703703704,278.475555555556,0
204,2,985.434782608696,665.052173913043,413.882608695652,279.321913043478,0.025
204,3,984.18018018018,666.711711711712,413.355675675676,280.018918918919,0.05
204,4,982.057692307692,666.644230769231,412.464230769231,279.990576923077,0.075
204,5,984.938596491228,669.026315789474,413.674210526316,280.991052631579,0.1
204,6,985.847328244275,670.549618320611,414.055877862595,281.630839694656,0.125
204,7,987.426470588235,674.647058823529,414.719117647059,283.351764705882,0.15
204,8,985.911504424779,677.336283185841,414.082831858407,284.481238938053,0.175
204,9,981.3,674.9875,412.146,283.49475,0.2
204,10,979.227722772277,677.316831683168,411.275643564356,284.473069306931,0.225
204,11,979.540322580645,679.459677419355,411.406935483871,285.373064516129,0.25
204,12,980.233009708738,682.155339805825,411.69786407767,286.505242718447,0.275
204,13,981.112359550562,682.022471910112,412.067191011236,286.449438202247,0.3
204,14,978.012820512821,684.294871794872,410.765384615385,287.403846153846,0.325
205,1,1149.92523364486,692.682242990654,482.968598130841,290.926542056075,0
205,2,1152.20238095238,692.071428571429,483.925,290.67,0.025
205,3,1154.94117647059,693.563025210084,485.075294117647,291.296470588235,0.05
205,4,1157.85593220339,693.559322033898,486.299491525424,291.294915254237,0.075
205,5,1158.76543209877,692.098765432099,486.681481481481,290.681481481481,0.1
205,6,1158.78888888889,687.722222222222,486.691333333333,288.843333333333,0.125
205,7,1164.93243243243,688.945945945946,489.271621621622,289.357297297297,0.15
205,8,1168.54237288136,688.110169491525,490.787796610169,289.006271186441,0.175
205,9,1170.63909774436,687.127819548872,491.668421052632,288.593684210526,0.2
205,10,1173.56140350877,687.131578947368,492.895789473684,288.595263157895,0.225
205,11,1172.76595744681,688.202127659574,492.56170212766,289.044893617021,0.25
205,12,1175.24,686.92,493.6008,288.5064,0.275
205,13,1178.60952380952,686.933333333333,495.016,288.512,0.3
205,14,1182.53225806452,689.540322580645,496.663548387097,289.606935483871,0.325
206,1,1189.3642384106,643.086092715232,499.53298013245,270.096158940397,0
206,2,1188.39455782313,642.809523809524,499.125714285714,269.98,0.025
206,3,1186.47260273973,643.075342465753,498.318493150685,270.091643835616,0.05
206,4,1186.42105263158,648.947368421053,498.296842105263,272.557894736842,0.075
206,5,1186.85802469136,644.722222222222,498.48037037037,270.783333333333,0.1
206,6,1186.14375,642.8625,498.180375,270.00225,0.125
206,7,1184.45142857143,642.52,497.4696,269.8584,0.15
206,8,1184.6972972973,642.4,497.572864864865,269.808,0.175
206,9,1183.41148325359,643.641148325359,497.032822966507,270.329282296651,0.2
206,10,1184.27179487179,643.466666666667,497.394153846154,270.256,0.225
206,11,1183.67512690355,643.634517766497,497.143553299492,270.326497461929,0.25
206,12,1183.74519230769,644.024038461538,497.172980769231,270.490096153846,0.275
206,13,1184.14361702128,645.441489361702,497.340319148936,271.085425531915,0.3
206,14,1182.29577464789,648.985915492958,496.564225352113,272.574084507042,0.325
207,3,730.5,673.16,306.81,282.7272,0.05
207,4,730.54,673.4,306.8268,282.828,0.075
207,5,730.5,673.666666666667,306.81,282.94,0.1
207,6,730.5,673.5,306.81,282.87,0.125
207,7,730.235294117647,673.529411764706,306.698823529412,282.882352941176,0.15
207,8,730.235294117647,673.529411764706,306.698823529412,282.882352941176,0.175
207,9,730.5,673.5,306.81,282.87,0.2
207,10,730.56862745098,673.529411764706,306.838823529412,282.882352941176,0.225
207,11,730.653846153846,674.346153846154,306.874615384615,283.225384615385,0.25
207,12,730.4,674.46,306.768,283.2732,0.275
207,13,730.078431372549,674.490196078431,306.632941176471,283.285882352941,0.3
207,14,730,674.769230769231,306.6,283.403076923077,0.325
208,7,187.014563106796,571.54854368932,78.5461165048544,240.050388349515,0.15
208,8,185.661654135338,561.872180451128,77.9778947368421,235.986315789474,0.175
208,9,185.8125,559.8828125,78.04125,235.15078125,0.2
208,10,186.139534883721,560.573643410853,78.1786046511628,235.440930232558,0.225
208,11,183.25306122449,566.257142857143,76.9662857142857,237.828,0.25
208,12,187.046728971963,564.210280373832,78.5596261682243,236.968317757009,0.275
208,13,188.210227272727,561.068181818182,79.0482954545455,235.648636363636,0.3
208,14,192.233009708738,560.640776699029,80.7378640776699,235.469126213592,0.325
209,12,596.8,634.4,250.656,266.448,0.275
209,13,598.545454545455,635.969696969697,251.389090909091,267.107272727273,0.3
209,14,595.48,641.704,250.1016,269.51568,0.325
210,13,132.711538461538,139.115384615385,55.7388461538461,58.4284615384615,0.3
210,14,132.641509433962,139.132075471698,55.7094339622641,58.4354716981132,0.325
211,13,149.465909090909,713.102272727273,62.7756818181818,299.502954545455,0.3
211,14,148.135922330097,718.834951456311,62.2170873786408,301.91067961165,0.325
212,13,252.181818181818,724.173553719008,105.916363636364,304.152892561983,0.3
212,14,250.943396226415,725.339622641509,105.396226415094,304.642641509434,0.325
213,13,489.618181818182,440.890909090909,205.639636363636,185.174181818182,0.3
213,14,492.672727272727,444.327272727273,206.922545454545,186.617454545455,0.325
214,13,674.346153846154,451.057692307692,283.225384615385,189.444230769231,0.3
214,14,673.909090909091,450.981818181818,283.041818181818,189.412363636364,0.325
215,14,132.185185185185,366.574074074074,55.5177777777778,153.961111111111,0.325
216,14,579.454545454545,133.19696969697,243.370909090909,55.9427272727273,0.325
217,14,636.421052631579,327.046052631579,267.296842105263,137.359342105263,0.325
218,14,906.720238095238,252.369047619048,380.8225,105.995,0.325
219,14,1054.88028169014,588.838028169014,443.049718309859,247.311971830986,0.325
220,1,30.619512195122,378.326829268293,12.8601951219512,158.897268292683,0
220,2,34.6332046332046,378.818532818533,14.5459459459459,159.103783783784,0.025
220,3,33.5701754385965,378.614035087719,14.0994736842105,159.017894736842,0.05
220,4,32.9606986899563,377.886462882096,13.8434934497817,158.71231441048,0.075
220,5,32.139896373057,375.227979274611,13.4987564766839,157.595751295337,0.1
220,6,31.8984771573604,373.299492385787,13.3973604060914,156.78578680203,0.125
220,7,31.5990783410138,371.838709677419,13.2716129032258,156.172258064516,0.15
220,8,33.7682926829268,374.085365853659,14.1826829268293,157.115853658537,0.175
220,9,28.0722891566265,377.10843373494,11.7903614457831,158.385542168675,0.2
220,10,28.7164179104478,377.388059701493,12.0608955223881,158.502985074627,0.225
220,11,27.1038961038961,374.168831168831,11.3836363636364,157.150909090909,0.25
220,12,26.978021978022,371.769230769231,11.3307692307692,156.143076923077,0.275
220,13,27.8351648351648,372.164835164835,11.6907692307692,156.309230769231,0.3
220,14,28.8411214953271,369.672897196262,12.1132710280374,155.26261682243,0.325
220,15,30.247619047619,368.066666666667,12.704,154.588,0.35
221,1,112.344155844156,438.542207792208,47.1845454545455,184.187727272727,0
221,2,112.294685990338,434.840579710145,47.163768115942,182.633043478261,0.025
221,3,112.696428571429,433.214285714286,47.3325,181.95,0.05
221,4,113.607669616519,437.221238938053,47.715221238938,183.632920353982,0.075
221,5,115.767741935484,436.470967741936,48.6224516129032,183.317806451613,0.1
221,6,117.126245847176,435.514950166113,49.193023255814,182.916279069767,0.125
221,7,118.061349693252,437.21472392638,49.5857668711656,183.63018404908,0.15
221,8,119.445141065831,439.253918495298,50.1669592476489,184.486645768025,0.175
221,9,120.607594936709,442.105485232068,50.6551898734177,185.684303797468,0.2
221,10,116.013333333333,438.65,48.7256,184.233,0.225
221,11,113.8,443.125925925926,47.796,186.112888888889,0.25
221,12,113.508305647841,434.940199335548,47.673488372093,182.67488372093,0.275
221,13,115.722972972973,433.712837837838,48.6036486486486,182.159391891892,0.3
221,14,110.929824561404,431.280701754386,46.5905263157895,181.137894736842,0.325
221,15,111.203389830508,429.694915254237,46.7054237288136,180.47186440678,0.35
222,1,420.546875,581.34375,176.6296875,244.164375,0
222,2,420.672131147541,581.704918032787,176.682295081967,244.31606557377,0.025
222,3,420.949152542373,581.237288135593,176.798644067797,244.119661016949,0.05
222,4,420.949152542373,581.237288135593,176.798644067797,244.119661016949,0.075
222,5,420.741379310345,581.034482758621,176.711379310345,244.034482758621,0.1
222,6,421.054545454545,580.509090909091,176.842909090909,243.813818181818,0.125
222,7,420.593220338983,580.322033898305,176.649152542373,243.735254237288,0.15
222,8,420.7,580.233333333333,176.694,243.698,0.175
222,9,420.943396226415,580.905660377358,176.796226415094,243.980377358491,0.2
222,10,420.25,580.615384615385,176.505,243.858461538462,0.225
222,11,420.160714285714,580.053571428571,176.4675,243.6225,0.25
222,12,419.920634920635,580.047619047619,176.366666666667,243.62,0.275
222,13,420.169811320755,580.698113207547,176.471320754717,243.89320754717,0.3
222,14,420.245614035088,579.947368421053,176.503157894737,243.577894736842,0.325
222,15,421.145454545455,579.309090909091,176.881090909091,243.309818181818,0.35
223,1,597.7,682.14,251.034,286.4988,0
223,2,599.85,683.225,251.937,286.9545,0.025
223,3,597.026548672566,676.902654867257,250.751150442478,284.299115044248,0.05
223,4,599.294573643411,672.22480620155,251.703720930233,282.334418604651,0.075
223,5,595.212121212121,671.424242424242,249.989090909091,281.998181818182,0.1
223,6,593.304761904762,683.590476190476,249.188,287.108,0.125
223,7,592.633802816901,677.647887323944,248.906197183099,284.612112676056,0.15
223,8,590.198113207547,666.367924528302,247.88320754717,279.874528301887,0.175
223,9,589.163265306122,661.714285714286,247.448571428571,277.92,0.2
223,10,600.888888888889,661.444444444444,252.373333333333,277.806666666667,0.225
223,11,604.522388059701,662.201492537313,253.899402985075,278.124626865672,0.25
223,12,604.60162601626,655.585365853659,253.932682926829,275.345853658537,0.275
223,13,603.72,653.4,253.5624,274.428,0.3
223,14,596.333333333333,654.833333333333,250.46,275.03,0.325
223,15,584.30487804878,660.560975609756,245.408048780488,277.435609756098,0.35
224,1,944.540229885057,463.724137931034,396.706896551724,194.764137931034,0
224,2,943.643410852713,467.031007751938,396.33023255814,196.153023255814,0.025
224,3,946.532894736842,467.493421052632,397.543815789474,196.347236842105,0.05
224,4,948.677966101695,472.957627118644,398.444745762712,198.64220338983,0.075
224,5,950.036697247706,474.311926605505,399.015412844037,199.211009174312,0.1
224,6,942.027397260274,476.904109589041,395.651506849315,200.299726027397,0.125
224,7,936.339869281046,473.993464052288,393.262745098039,199.077254901961,0.15
224,8,935.216981132075,477.518867924528,392.791132075472,200.557924528302,0.175
224,9,931.510204081633,477.928571428571,391.234285714286,200.73,0.2
224,10,932.829457364341,481.705426356589,391.788372093023,202.316279069767,0.225
224,11,937.74375,481.61875,393.852375,202.279875,0.25
224,12,940.518181818182,488.527272727273,395.017636363636,205.181454545455,0.275
224,13,942.923728813559,492.271186440678,396.027966101695,206.753898305085,0.3
224,14,934.746478873239,496.387323943662,392.593521126761,208.482676056338,0.325
224,15,927.964788732394,491.147887323944,389.745211267606,206.282112676056,0.35
225,1,1140.48760330579,654.867768595041,479.00479338843,275.044462809917,0
225,2,1142.14383561644,653.36301369863,479.700410958904,274.412465753425,0.025
225,3,1144.10476190476,647.628571428571,480.524,272.004,0.05
225,4,1143.92134831461,644.595505617978,480.446966292135,270.730112359551,0.075
225,5,1144.41176470588,651.401960784314,480.652941176471,273.588823529412,0.1
225,6,1155.19512195122,652.105691056911,485.181951219512,273.884390243902,0.125
225,7,1158.28971962617,652.61214953271,486.481682242991,274.097102803738,0.15
225,8,1157.59624413146,651.75117370892,486.190422535211,273.735492957746,0.175
225,9,1151.26119402985,649.022388059701,483.529701492537,272.589402985075,0.2
225,10,1154.38888888889,642.522222222222,484.843333333333,269.859333333333,0.225
225,11,1157.62831858407,638.646017699115,486.20389380531,268.231327433628,0.25
225,12,1154.62162162162,642.378378378378,484.941081081081,269.798918918919,0.275
225,13,1153.35294117647,640.252100840336,484.408235294118,268.905882352941,0.3
225,14,1161.11538461538,640.769230769231,487.668461538461,269.123076923077,0.325
225,15,1166.29007633588,639.63358778626,489.841832061069,268.646106870229,0.35
226,3,83.7844827586207,61.2931034482759,35.1894827586207,25.7431034482759,0.05
226,4,88.062015503876,64.2325581395349,36.9860465116279,26.9776744186047,0.075
226,5,83.2647058823529,70.2058823529412,34.9711764705882,29.4864705882353,0.1
226,6,71.8358208955224,67.5597014925373,30.1710447761194,28.3750746268657,0.125
226,7,68.2957746478873,71.556338028169,28.6842253521127,30.053661971831,0.15
226,8,70.4428571428571,68.6,29.586,28.812,0.175
226,9,71.5374149659864,66.1972789115646,30.0457142857143,27.8028571428571,0.2
226,10,71.8427672955975,63.7295597484277,30.1739622641509,26.7664150943396,0.225
226,11,68.2043795620438,66.6569343065693,28.6458394160584,27.9959124087591,0.25
226,12,66.9398496240601,72.8796992481203,28.1147368421053,30.6094736842105,0.275
226,13,62.3071895424837,74.3267973856209,26.1690196078431,31.2172549019608,0.3
226,14,61.7835820895522,73.365671641791,25.9491044776119,30.8135820895522,0.325
226,15,62.5403225806452,70.7822580645161,26.266935483871,29.7285483870968,0.35
227,3,775.807692307692,241.019230769231,325.839230769231,101.228076923077,0.05
227,4,775.571428571429,241.285714285714,325.74,101.34,0.075
227,5,775.490566037736,241.547169811321,325.706037735849,101.449811320755,0.1
227,6,775.654545454545,241.418181818182,325.774909090909,101.395636363636,0.125
227,7,775.551724137931,241.637931034483,325.731724137931,101.487931034483,0.15
227,8,776.211538461538,241.346153846154,326.008846153846,101.365384615385,0.175
227,9,776.211538461538,241.346153846154,326.008846153846,101.365384615385,0.2
227,10,776.264150943396,240.867924528302,326.030943396226,101.164528301887,0.225
227,11,776.555555555556,241.351851851852,326.153333333333,101.367777777778,0.25
227,12,776.56,241.74,326.1552,101.5308,0.275
227,13,776.192307692308,241.865384615385,326.000769230769,101.583461538462,0.3
227,14,776.259259259259,241.740740740741,326.028888888889,101.531111111111,0.325
227,15,776.843137254902,241.509803921569,326.274117647059,101.434117647059,0.35
228,11,406.5,25.125,170.73,10.5525,0.25
228,12,399.637254901961,30.3137254901961,167.847647058824,12.7317647058824,0.275
228,13,399.941176470588,35.3071895424837,167.975294117647,14.8290196078431,0.3
228,14,396.924369747899,37.4285714285714,166.708235294118,15.72,0.325
228,15,399.216666666667,35.9,167.671,15.078,0.35
229,12,427.840707964602,6.5929203539823,179.693097345133,2.76902654867257,0.275
229,13,423.786324786325,6.70940170940171,177.990256410256,2.81794871794872,0.3
229,14,421.036036036036,5.05405405405405,176.835135135135,2.1227027027027,0.325
229,15,422.283783783784,4.64864864864865,177.359189189189,1.95243243243243,0.35
230,14,435.102189781022,684.802919708029,182.742919708029,287.617226277372,0.325
230,15,433.257575757576,684.325757575758,181.968181818182,287.416818181818,0.35
231,14,1186.71929824561,95.9824561403509,498.422105263158,40.3126315789474,0.325
231,15,1190.94488188976,89.488188976378,500.196850393701,37.5850393700787,0.35
232,15,75.5,381.5,31.71,160.23,0.35
233,15,130.818181818182,695.8,54.9436363636364,292.236,0.35
234,15,272.975806451613,608.862903225806,114.649838709677,255.722419354839,0.35
235,15,289.403846153846,727.25,121.549615384615,305.445,0.35
236,1,74.4609375,281.9140625,31.27359375,118.40390625,0
236,2,76.312925170068,280.734693877551,32.0514285714286,117.908571428571,0.025
236,3,83.7899159663866,283.323529411765,35.1917647058824,118.995882352941,0.05
236,4,86.2387543252595,281.418685121107,36.220276816609,118.195847750865,0.075
236,5,81.1724137931034,284.422413793103,34.0924137931034,119.457413793103,0.1
236,6,89.2767857142857,283.040178571429,37.49625,118.876875,0.125
236,7,93.744769874477,286.765690376569,39.3728033472803,120.441589958159,0.15
236,8,87.1486486486486,288.702702702703,36.6024324324324,121.255135135135,0.175
236,9,89.8650793650794,289.579365079365,37.7433333333333,121.623333333333,0.2
236,10,94.0071428571429,289.028571428571,39.483,121.392,0.225
236,11,90.3219696969697,294.742424242424,37.9352272727273,123.791818181818,0.25
236,12,93.1523178807947,294.225165562914,39.1239735099338,123.574569536424,0.275
236,13,97.7352941176471,293.955882352941,41.0488235294118,123.461470588235,0.3
236,14,104.538461538462,294.153846153846,43.9061538461538,123.544615384615,0.325
236,15,101.594405594406,297.265734265734,42.6696503496504,124.851608391608,0.35
236,16,97.9926470588235,300.294117647059,41.1569117647059,126.123529411765,0.375
237,1,287.41935483871,217.251612903226,120.716129032258,91.2456774193548,0
237,2,294.819852941176,207.654411764706,123.824338235294,87.2148529411765,0.025
237,3,302.31190926276,211.672967863894,126.971001890359,88.9026465028355,0.05
237,4,307.109677419355,218.716129032258,128.986064516129,91.8607741935484,0.075
237,5,307.484615384615,220.253846153846,129.143538461538,92.5066153846154,0.1
237,6,306.314487632509,219.275618374558,128.652084805654,92.0957597173145,0.125
237,7,304.209003215434,218.816720257235,127.767781350482,91.9030225080386,0.15
237,8,299.226730310263,213.389021479714,125.67522673031,89.6233890214797,0.175
237,9,296.750684931507,211.986301369863,124.635287671233,89.0342465753425,0.2
237,10,296.45652173913,211.19806763285,124.511739130435,88.7031884057971,0.225
237,11,295.134408602151,201.661290322581,123.956451612903,84.6977419354839,0.25
237,12,298.745762711864,199.830508474576,125.473220338983,83.928813559322,0.275
237,13,300.659751037344,202.294605809129,126.277095435685,84.963734439834,0.3
237,14,301.695340501792,200.326164874552,126.712043010753,84.1369892473118,0.325
237,15,303.008658008658,200.636363636364,127.263636363636,84.2672727272727,0.35
237,16,295.907216494845,199.422680412371,124.281030927835,83.7575257731959,0.375
238,1,1130.87931034483,452.775862068966,474.969310344828,190.165862068966,0
238,2,1130.59259259259,451.407407407407,474.848888888889,189.591111111111,0.025
238,3,1129.64150943396,452.320754716981,474.449433962264,189.974716981132,0.05
238,4,1128.56,450.5,473.9952,189.21,0.075
238,5,1130.2641509434,449.471698113208,474.710943396226,188.778113207547,0.1
238,6,1131.16363636364,447.872727272727,475.088727272727,188.106545454545,0.125
238,7,1132.07547169811,446.471698113208,475.471698113208,187.518113207547,0.15
238,8,1132.38983050847,448.661016949153,475.603728813559,188.437627118644,0.175
238,9,1131.60377358491,448.660377358491,475.27358490566,188.437358490566,0.2
238,10,1132.52542372881,449.067796610169,475.660677966102,188.608474576271,0.225
238,11,1131.36842105263,447.842105263158,475.174736842105,188.093684210526,0.25
238,12,1131.91228070175,447.263157894737,475.403157894737,187.850526315789,0.275
238,13,1131.68518518519,447.277777777778,475.307777777778,187.856666666667,0.3
238,14,1132.67924528302,446.415094339623,475.725283018868,187.494339622642,0.325
238,15,1133.94230769231,445.653846153846,476.255769230769,187.174615384615,0.35
238,16,1133.76470588235,445.529411764706,476.181176470588,187.122352941176,0.375
239,1,1250.67741935484,135.658986175115,525.284516129032,56.9767741935484,0
239,2,1249.84955752212,134.575221238938,524.936814159292,56.521592920354,0.025
239,3,1250.00471698113,134.462264150943,525.001981132075,56.4741509433962,0.05
239,4,1250.43043478261,134.473913043478,525.180782608696,56.4790434782609,0.075
239,5,1250.77168949772,134.13698630137,525.324109589041,56.3375342465753,0.1
239,6,1251.0511627907,134.511627906977,525.441488372093,56.4948837209302,0.125
239,7,1250.35211267606,134.549295774648,525.147887323944,56.5107042253521,0.15
239,8,1249.77375565611,134.212669683258,524.904977375566,56.3693212669683,0.175
239,9,1249.69266055046,134.669724770642,524.870917431193,56.5612844036697,0.2
239,10,1249.96428571429,134.955357142857,524.985,56.68125,0.225
239,11,1249.74647887324,135.638497652582,524.893521126761,56.9681690140845,0.25
239,12,1248.49545454545,136.327272727273,524.368090909091,57.2574545454545,0.275
239,13,1248.19909502262,135.619909502262,524.243619909502,56.9603619909502,0.3
239,14,1248.54205607477,136.102803738318,524.387663551402,57.1631775700935,0.325
239,15,1248.60185185185,135.990740740741,524.412777777778,57.1161111111111,0.35
239,16,1249.06896551724,136.25,524.608965517241,57.225,0.375
240,2,618,124.098765432099,259.56,52.1214814814815,0.025
240,3,621,122.891666666667,260.82,51.6145,0.05
240,4,625.880733944954,116.275229357798,262.869908256881,48.8355963302752,0.075
240,5,630.578125,118.8671875,264.8428125,49.92421875,0.1
240,6,632.047619047619,121.272108843537,265.46,50.9342857142857,0.125
240,7,630.03007518797,127.398496240602,264.612631578947,53.5073684210526,0.15
240,8,634.991803278689,127.680327868852,266.696557377049,53.625737704918,0.175
240,9,648.208588957055,129.312883435583,272.247607361963,54.3114110429448,0.2
240,10,637.313043478261,122.191304347826,267.67147826087,51.320347826087,0.225
240,11,632.44,114.826666666667,265.6248,48.2272,0.25
240,12,637.888888888889,113.103703703704,267.913333333333,47.5035555555556,0.275
240,13,649.11811023622,115.956692913386,272.629606299213,48.701811023622,0.3
240,14,646.590697674419,117.218604651163,271.568093023256,49.2318139534884,0.325
240,15,643.636771300448,119.636771300448,270.327443946188,50.2474439461883,0.35
240,16,649.139896373057,124.575129533679,272.638756476684,52.3215544041451,0.375
241,14,226,726.924242424242,94.92,305.308181818182,0.325
241,15,226.870967741935,724.483870967742,95.2858064516129,304.283225806452,0.35
241,16,222.220779220779,725.779220779221,93.3327272727273,304.827272727273,0.375
242,14,360.698412698413,436.31746031746,151.493333333333,183.253333333333,0.325
242,15,362.925373134328,437.671641791045,152.428656716418,183.822089552239,0.35
242,16,361.098360655738,435.983606557377,151.66131147541,183.113114754098,0.375
243,14,709.634615384615,638.326923076923,298.046538461538,268.097307692308,0.325
243,15,709.72,637.8,298.0824,267.876,0.35
243,16,709.607142857143,637.339285714286,298.035,267.6825,0.375
244,14,907.089743589744,237.115384615385,380.977692307692,99.5884615384615,0.325
244,15,899.362068965517,235.965517241379,377.732068965517,99.1055172413793,0.35
244,16,892.728155339806,235.825242718447,374.945825242718,99.0466019417476,0.375
245,15,12.3255813953488,4.48837209302326,5.17674418604651,1.88511627906977,0.35
245,16,13.1603053435114,5.58778625954198,5.52732824427481,2.34687022900763,0.375
246,15,598.927272727273,3.03636363636364,251.549454545455,1.27527272727273,0.35
246,16,598.42,2.94,251.3364,1.2348,0.375
247,15,942.752475247525,176.366336633663,395.95603960396,74.0738613861386,0.35
247,16,947.169642857143,178.142857142857,397.81125,74.82,0.375
248,15,983.922480620155,577.410852713178,413.247441860465,242.512558139535,0.35
248,16,991.0234375,576.34375,416.22984375,242.064375,0.375
249,16,142.073170731707,722.768292682927,59.6707317073171,303.562682926829,0.375
250,16,311.872340425532,197.372340425532,130.986382978723,82.8963829787234,0.375
251,16,491.416666666667,441.25,206.395,185.325,0.375
252,16,514.74,68.52,216.1908,28.7784,0.375
253,16,673.622641509434,451.377358490566,282.921509433962,189.578490566038,0.375
254,16,979.479674796748,686.284552845528,411.381463414634,288.239512195122,0.375
255,1,255.722580645161,108.658064516129,107.403483870968,45.6363870967742,0
255,2,252.351145038168,99.7175572519084,105.987480916031,41.8813740458015,0.025
255,3,245.578571428571,101.842857142857,103.143,42.774,0.05
255,4,238.157480314961,102.094488188976,100.026141732283,42.8796850393701,0.075
255,5,241.330985915493,107.288732394366,101.359014084507,45.0612676056338,0.1
255,6,246.873015873016,113.214285714286,103.686666666667,47.55,0.125
255,7,245.45,120.085714285714,103.089,50.436,0.15
255,8,247.705426356589,123.441860465116,104.036279069767,51.8455813953488,0.175
255,9,245.270676691729,119.330827067669,103.013684210526,50.1189473684211,0.2
255,10,241.656050955414,119.133757961783,101.495541401274,50.036178343949,0.225
255,11,235.761904761905,125.068027210884,99.02,52.5285714285714,0.25
255,12,236.21,133.36,99.2082,56.0112,0.275
255,13,242.751773049645,133.631205673759,101.955744680851,56.1251063829787,0.3
255,14,248.871621621622,139.209459459459,104.526081081081,58.467972972973,0.325
255,15,243.608974358974,144.467948717949,102.315769230769,60.6765384615385,0.35
255,16,243.044444444444,145.918518518519,102.078666666667,61.2857777777778,0.375
255,17,239.352459016393,141.819672131148,100.528032786885,59.564262295082,0.4
256,1,1249.70769230769,643.907692307692,524.877230769231,270.441230769231,0
256,2,1249.75862068966,643.793103448276,524.898620689655,270.393103448276,0.025
256,3,1250.43333333333,643.783333333333,525.182,270.389,0.05
256,4,1249.96610169492,644.440677966102,524.985762711864,270.665084745763,0.075
256,5,1250,644.379310344828,525,270.639310344828,0.1
256,6,1249.93103448276,644.5,524.971034482759,270.69,0.125
256,7,1249.11475409836,644.114754098361,524.628196721311,270.528196721311,0.15
256,8,1249.29824561404,643.894736842105,524.705263157895,270.435789473684,0.175
256,9,1248.30357142857,644.107142857143,524.2875,270.525,0.2
256,10,1247.38888888889,644.425925925926,523.903333333333,270.658888888889,0.225
256,11,1248.28571428571,644.464285714286,524.28,270.675,0.25
256,12,1248.69811320755,644.433962264151,524.45320754717,270.662264150943,0.275
256,13,1250.23214285714,643.392857142857,525.0975,270.225,0.3
256,14,1250.01754385965,645.140350877193,525.007368421053,270.958947368421,0.325
256,15,1249.38461538462,645.557692307692,524.741538461538,271.134230769231,0.35
256,16,1249.38461538462,646.557692307692,524.741538461538,271.554230769231,0.375
256,17,1248.38461538462,647.423076923077,524.321538461538,271.917692307692,0.4
257,2,311.025862068966,272.413793103448,130.630862068966,114.413793103448,0.025
257,3,317.294964028777,266.920863309353,133.263884892086,112.106762589928,0.05
257,4,317.946308724832,269.046979865772,133.53744966443,112.999731543624,0.075
257,5,320.123711340206,259.283505154639,134.451958762887,108.899072164948,0.1
257,6,325.432432432432,258.297297297297,136.681621621622,108.484864864865,0.125
257,7,321.47619047619,256.87074829932,135.02,107.885714285714,0.15
257,8,319.405555555556,251.072222222222,134.150333333333,105.450333333333,0.175
257,9,316.797297297297,245.081081081081,133.054864864865,102.934054054054,0.2
257,10,321.659259259259,242.674074074074,135.096888888889,101.923111111111,0.225
257,11,329.383720930233,246.552325581395,138.341162790698,103.551976744186,0.25
257,12,331.50641025641,238.576923076923,139.232692307692,100.202307692308,0.275
257,13,329.455696202532,233.740506329114,138.371392405063,98.1710126582278,0.3
257,14,318.016806722689,223.647058823529,133.567058823529,93.9317647058824,0.325
257,15,308.581081081081,224.560810810811,129.604054054054,94.3155405405405,0.35
257,16,304.784722222222,216.5,128.009583333333,90.93,0.375
257,17,302.120481927711,214.481927710843,126.890602409639,90.0824096385542,0.4
258,12,13.6693227091633,713.33764940239,5.74111553784861,299.601812749004,0.275
258,13,4.27272727272727,723.136363636364,1.79454545454545,303.717272727273,0.3
258,14,5.3125,719.604166666667,2.23125,302.23375,0.325
258,15,12.1756756756757,719.662162162162,5.11378378378378,302.258108108108,0.35
258,16,6.80985915492958,722.19014084507,2.86014084507042,303.31985915493,0.375
258,17,4.11267605633803,725.69014084507,1.72732394366197,304.78985915493,0.4
259,12,1108.92592592593,286.759259259259,465.748888888889,120.438888888889,0.275
259,13,1107.52830188679,286.924528301887,465.161886792453,120.508301886792,0.3
259,14,1107.24528301887,288.301886792453,465.043018867925,121.08679245283,0.325
259,15,1107.63461538462,288.980769230769,465.206538461538,121.371923076923,0.35
259,16,1107.62,289.14,465.2004,121.4388,0.375
259,17,1108.32727272727,289.890909090909,465.497454545455,121.754181818182,0.4
260,14,119.235849056604,421.735849056604,50.0790566037736,177.129056603774,0.325
260,15,126.661157024793,420.03305785124,53.1976859504132,176.413884297521,0.35
260,16,131.275510204082,417.204081632653,55.1357142857143,175.225714285714,0.375
260,17,127.716981132075,416.518867924528,53.6411320754717,174.937924528302,0.4
261,15,1290.46846846847,177.612612612613,541.996756756757,74.5972972972973,0.35
261,16,1291.43362831858,173.991150442478,542.402123893805,73.0762831858407,0.375
261,17,1293.56338028169,172.098591549296,543.29661971831,72.2814084507042,0.4
262,16,612.883248730965,327.583756345178,257.410964467005,137.585177664975,0.375
262,17,610.583756345178,325.888324873096,256.445177664975,136.873096446701,0.4
263,16,899.853658536585,633.341463414634,377.938536585366,266.003414634146,0.375
263,17,895.338129496403,632.424460431655,376.042014388489,265.618273381295,0.4
264,17,130.264150943396,693.77358490566,54.7109433962264,291.384905660377,0.4
265,17,419.942307692308,580.115384615385,176.375769230769,243.648461538462,0.4
266,17,756.469512195122,221.268292682927,317.717195121951,92.9326829268293,0.4
267,17,776.745098039216,241.627450980392,326.232941176471,101.483529411765,0.4
268,1,528.078431372549,7.73856209150327,221.792941176471,3.25019607843137,0
268,2,527.863636363636,7.85064935064935,221.702727272727,3.29727272727273,0.025
268,3,527.806451612903,7.83225806451613,221.678709677419,3.28954838709677,0.05
268,4,527.796052631579,7.70394736842105,221.674342105263,3.23565789473684,0.075
268,5,528.348684210526,7.60526315789474,221.906447368421,3.19421052631579,0.1
268,6,528.701298701299,7.55844155844156,222.054545454545,3.17454545454545,0.125
268,7,528.142857142857,7.31818181818182,221.82,3.07363636363636,0.15
268,8,527.807453416149,7.63354037267081,221.679130434783,3.20608695652174,0.175
268,9,527.642857142857,7.77380952380952,221.61,3.265,0.2
268,10,527.511904761905,7.49404761904762,221.555,3.1475,0.225
268,11,527.547169811321,7.17610062893082,221.569811320755,3.01396226415094,0.25
268,12,527.526315789474,7.28947368421053,221.561052631579,3.06157894736842,0.275
268,13,528.5,7.58974358974359,221.97,3.18769230769231,0.3
268,14,529.671428571429,8.38571428571429,222.462,3.522,0.325
268,15,529.857142857143,9.36842105263158,222.54,3.93473684210526,0.35
268,16,529.853846153846,10.2692307692308,222.538615384615,4.31307692307692,0.375
268,17,529.686131386861,10.4160583941606,222.468175182482,4.37474452554745,0.4
268,18,529.025641025641,10.6538461538462,222.190769230769,4.47461538461538,0.425
269,1,843.840336134454,678.689075630252,354.412941176471,285.049411764706,0
269,2,841.704,676.936,353.51568,284.31312,0.025
269,3,838.04958677686,674.04132231405,351.980826446281,283.097355371901,0.05
269,4,834.931818181818,675.780303030303,350.671363636364,283.827727272727,0.075
269,5,833.431506849315,676.102739726027,350.041232876712,283.963150684931,0.1
269,6,832.73275862069,676.741379310345,349.74775862069,284.231379310345,0.125
269,7,833.941176470588,672.386554621849,350.255294117647,282.402352941176,0.15
269,8,829.983050847458,670.737288135593,348.592881355932,281.709661016949,0.175
269,9,824.651851851852,670.192592592593,346.353777777778,281.480888888889,0.2
269,10,824.092105263158,669.197368421053,346.118684210526,281.062894736842,0.225
269,11,823.041095890411,667.91095890411,345.677260273973,280.522602739726,0.25
269,12,820.472222222222,666.842592592593,344.598333333333,280.073888888889,0.275
269,13,817.678260869565,669.452173913043,343.424869565217,281.169913043478,0.3
269,14,815.761904761905,666.452380952381,342.62,279.91,0.325
269,15,812.062068965517,665.041379310345,341.066068965517,279.317379310345,0.35
269,16,809.852112676056,665.908450704225,340.137887323944,279.681549295775,0.375
269,17,807.955752212389,668.902654867257,339.341415929204,280.939115044248,0.4
269,18,806.323076923077,662.569230769231,338.655692307692,278.279076923077,0.425
270,1,1117.10236220472,116.755905511811,469.182992125984,49.0374803149606,0
270,2,1113.90654205607,112.485981308411,467.840747663551,47.2441121495327,0.025
270,3,1111.21854304636,109.105960264901,466.71178807947,45.8245033112583,0.05
270,4,1111,109.385714285714,466.62,45.942,0.075
270,5,1109.38260869565,109.521739130435,465.940695652174,45.9991304347826,0.1
270,6,1108.21333333333,118.453333333333,465.4496,49.7504,0.125
270,7,1106.31506849315,123.164383561644,464.652328767123,51.7290410958904,0.15
270,8,1106.56944444444,123.840277777778,464.759166666667,52.0129166666667,0.175
270,9,1101.81981981982,124.675675675676,462.764324324324,52.3637837837838,0.2
270,10,1099.95454545455,118.522727272727,461.980909090909,49.7795454545454,0.225
270,11,1096.61842105263,118.526315789474,460.579736842105,49.7810526315789,0.25
270,12,1095.08474576271,118,459.935593220339,49.56,0.275
270,13,1094.88983050847,120.601694915254,459.853728813559,50.6527118644068,0.3
270,14,1094.34730538922,127.137724550898,459.625868263473,53.3978443113772,0.325
270,15,1092.96527777778,127.597222222222,459.045416666667,53.5908333333333,0.35
270,16,1091.54676258993,129.489208633094,458.44964028777,54.3854676258993,0.375
270,17,1089.51724137931,127.862068965517,457.59724137931,53.7020689655172,0.4
270,18,1089.08391608392,126.258741258741,457.415244755245,53.0286713286713,0.425
271,8,423.56880733945,92.1009174311927,177.898899082569,38.6823853211009,0.175
271,9,422.902654867257,85.4867256637168,177.619115044248,35.9044247787611,0.2
271,10,426.915887850467,83.5233644859813,179.304672897196,35.0798130841121,0.225
271,11,429.880597014925,82.5223880597015,180.549850746269,34.6594029850746,0.25
271,12,425.673684210526,82.2842105263158,178.782947368421,34.5593684210526,0.275
271,13,422.642857142857,71.9017857142857,177.51,30.19875,0.3
271,14,421.090909090909,70.6818181818182,176.858181818182,29.6863636363636,0.325
271,15,428.855072463768,72.4927536231884,180.119130434783,30.4469565217391,0.35
271,16,430.888888888889,65.0555555555556,180.973333333333,27.3233333333333,0.375
271,17,433.948275862069,62.3620689655172,182.258275862069,26.1920689655172,0.4
271,18,430.775510204082,61.4081632653061,180.925714285714,25.7914285714286,0.425
272,13,892.980769230769,318.057692307692,375.051923076923,133.584230769231,0.3
272,14,893.137254901961,318.647058823529,375.117647058824,133.831764705882,0.325
272,15,893.283018867925,319.056603773585,375.178867924528,134.003773584906,0.35
272,16,893.333333333333,320.017543859649,375.2,134.407368421053,0.375
272,17,892.593220338983,319.932203389831,374.889152542373,134.371525423729,0.4
272,18,891.546875,320.21875,374.4496875,134.491875,0.425
273,13,953.518518518518,420.074074074074,400.477777777778,176.431111111111,0.3
273,14,952.826923076923,419.115384615385,400.187307692308,176.028461538462,0.325
273,15,952.134615384615,417.942307692308,399.896538461538,175.535769230769,0.35
273,16,951.109090909091,417.727272727273,399.465818181818,175.445454545455,0.375
273,17,951.310344827586,417.362068965517,399.550344827586,175.292068965517,0.4
273,18,950.777777777778,417.444444444444,399.326666666667,175.326666666667,0.425
274,15,1082.94117647059,628.529411764706,454.835294117647,263.982352941176,0.35
274,16,1087.66666666667,635.797619047619,456.82,267.035,0.375
274,17,1088.05555555556,640.238095238095,456.983333333333,268.9,0.4
274,18,1085.12295081967,638.909836065574,455.751639344262,268.342131147541,0.425
275,16,308.927272727273,390.690909090909,129.749454545455,164.090181818182,0.375
275,17,307.166666666667,392.416666666667,129.01,164.815,0.4
275,18,306.402985074627,393.164179104478,128.689253731343,165.128955223881,0.425
276,16,460.076923076923,459.871794871795,193.232307692308,193.146153846154,0.375
276,17,461.032894736842,459.177631578947,193.633815789474,192.854605263158,0.4
276,18,459.903409090909,460.1875,193.159431818182,193.27875,0.425
277,17,253.833333333333,727.513888888889,106.61,305.555833333333,0.4
277,18,256.95652173913,727.927536231884,107.921739130435,305.729565217391,0.425
278,17,371.991803278689,211.811475409836,156.236557377049,88.9608196721312,0.4
278,18,371.713114754098,210.877049180328,156.119508196721,88.5683606557377,0.425
279,17,411.385714285714,30.7857142857143,172.782,12.93,0.4
279,18,414.126315789474,31.6947368421053,173.933052631579,13.3117894736842,0.425
280,17,742.045454545455,90.8636363636364,311.659090909091,38.1627272727273,0.4
280,18,741.557692307692,91.4230769230769,311.454230769231,38.3976923076923,0.425
281,18,135.880597014925,727.89552238806,57.0698507462687,305.716119402985,0.425
282,18,369.037037037037,234.37037037037,154.995555555556,98.4355555555556,0.425
283,18,666.789915966387,645.974789915966,280.051764705882,271.309411764706,0.425
284,18,709.36,637.5,297.9312,267.75,0.425
285,18,765.960784313726,296.078431372549,321.703529411765,124.352941176471,0.425
286,18,1208.81188118812,77.5247524752475,507.70099009901,32.560396039604,0.425
287,1,335.078260869565,203.286956521739,140.732869565217,85.3805217391304,0
287,2,335.778761061947,203.601769911504,141.027079646018,85.5127433628319,0.025
287,3,336.218181818182,210.8,141.211636363636,88.536,0.05
287,4,339.125,205.652777777778,142.4325,86.3741666666667,0.075
287,5,341.682692307692,202.423076923077,143.506730769231,85.0176923076923,0.1
287,6,341.740740740741,200.435185185185,143.531111111111,84.1827777777778,0.125
287,7,340.571428571429,198.5,143.04,83.37,0.15
287,8,343.887755102041,198.163265306122,144.432857142857,83.2285714285714,0.175
287,9,346.095652173913,198.417391304348,145.360173913043,83.3353043478261,0.2
287,10,345.74358974359,203.145299145299,145.212307692308,85.3210256410256,0.225
287,11,347.313432835821,205.059701492537,145.871641791045,86.1250746268657,0.25
287,12,347.647058823529,200.6,146.011764705882,84.252,0.275
287,13,351.636363636364,198.218181818182,147.687272727273,83.2516363636364,0.3
287,14,354.336363636364,199.5,148.821272727273,83.79,0.325
287,15,350.607594936709,200.936708860759,147.255189873418,84.393417721519,0.35
287,16,354.241935483871,202.387096774194,148.781612903226,85.0025806451613,0.375
287,17,354.237623762376,196.584158415842,148.779801980198,82.5653465346535,0.4
287,18,355.141732283465,194.590551181102,149.159527559055,81.728031496063,0.425
287,19,359.32967032967,189.593406593407,150.918461538462,79.6292307692308,0.45
288,1,503.426229508197,201.549180327869,211.439016393443,84.6506557377049,0
288,2,503.658536585366,201.943089430894,211.536585365854,84.8160975609756,0.025
288,3,504.201680672269,202.260504201681,211.764705882353,84.9494117647059,0.05
288,4,504.414634146341,201.609756097561,211.854146341463,84.6760975609756,0.075
288,5,504.328125,201.9296875,211.8178125,84.81046875,0.1
288,6,505.233333333333,201.441666666667,212.198,84.6055,0.125
288,7,505.5,201.173076923077,212.31,84.4926923076923,0.15
288,8,504.892857142857,201.616071428571,212.055,84.67875,0.175
288,9,504.148148148148,201.657407407407,211.742222222222,84.6961111111111,0.2
288,10,504.162393162393,201.803418803419,211.748205128205,84.7574358974359,0.225
288,11,504.05504587156,201.697247706422,211.703119266055,84.7128440366972,0.25
288,12,503.777777777778,201.957264957265,211.586666666667,84.8220512820513,0.275
288,13,504.426086956522,201.173913043478,211.858956521739,84.4930434782609,0.3
288,14,504.948717948718,201.273504273504,212.078461538462,84.5348717948718,0.325
288,15,505.731092436975,201.605042016807,212.407058823529,84.6741176470588,0.35
288,16,506.2,203.35,212.604,85.407,0.375
288,17,504.63025210084,203.966386554622,211.944705882353,85.6658823529412,0.4
288,18,504.209302325581,202.744186046512,211.767906976744,85.1525581395349,0.425
288,19,503.950819672131,203.106557377049,211.659344262295,85.3047540983606,0.45
289,1,689.966101694915,624.61581920904,289.785762711864,262.338644067797,0
289,2,691.787709497207,621.290502793296,290.550837988827,260.942011173184,0.025
289,3,692.2625,622.0375,290.75025,261.25575,0.05
289,4,695.060869565217,624,291.925565217391,262.08,0.075
289,5,695.864705882353,621.411764705882,292.263176470588,260.992941176471,0.1
289,6,693.936781609195,619.637931034483,291.453448275862,260.247931034483,0.125
289,7,688.544041450777,617.362694300518,289.188497409326,259.292331606218,0.15
289,8,685.27358490566,618.240566037736,287.814905660377,259.661037735849,0.175
289,9,685.155440414508,615.80829015544,287.765284974093,258.639481865285,0.2
289,10,688.970414201183,613.473372781065,289.367573964497,257.658816568047,0.225
289,11,691.611428571429,616.325714285714,290.4768,258.8568,0.25
289,12,695.226519337017,619.408839779006,291.995138121547,260.151712707182,0.275
289,13,700.554285714286,620.177142857143,294.2328,260.4744,0.3
289,14,699.255681818182,620.403409090909,293.687386363636,260.569431818182,0.325
289,15,696.259259259259,621.711111111111,292.428888888889,261.118666666667,0.35
289,16,692.152542372881,624.415254237288,290.70406779661,262.254406779661,0.375
289,17,688.919075144509,626.560693641619,289.346011560694,263.15549132948,0.4
289,18,690.36875,629.18125,289.954875,264.256125,0.425
289,19,695.729323308271,629.796992481203,292.206315789474,264.514736842105,0.45
290,1,917.15234375,297.94140625,385.203984375,125.135390625,0
290,2,918.58,309.51,385.8036,129.9942,0.025
290,3,916.258064516129,318.236559139785,384.828387096774,133.65935483871,0.05
290,4,915.040404040404,319.181818181818,384.31696969697,134.056363636364,0.075
290,5,910.662068965517,318.896551724138,382.478068965517,133.936551724138,0.1
290,6,909.6,313.592857142857,382.032,131.709,0.125
290,7,909.13125,311.60625,381.835125,130.874625,0.15
290,8,907.402877697842,308.287769784173,381.109208633094,129.480863309353,0.175
290,9,915.072580645161,307.217741935484,384.330483870968,129.031451612903,0.2
290,10,918.986486486486,309.344594594595,385.974324324324,129.92472972973,0.225
290,11,921.257352941176,307.933823529412,386.928088235294,129.332205882353,0.25
290,12,922.040540540541,303.993243243243,387.257027027027,127.677162162162,0.275
290,13,920.351724137931,296.213793103448,386.547724137931,124.409793103448,0.3
290,14,921.269230769231,293.608974358974,386.933076923077,123.315769230769,0.325
290,15,917.262626262626,294.363636363636,385.250303030303,123.632727272727,0.35
290,16,912.537037037037,302.157407407407,383.265555555556,126.906111111111,0.375
290,17,910.805084745763,307.872881355932,382.53813559322,129.306610169492,0.4
290,18,907.532786885246,306.795081967213,381.163770491803,128.85393442623,0.425
290,19,903.278787878788,304.642424242424,379.377090909091,127.949818181818,0.45
291,1,1115.78723404255,45.6808510638298,468.630638297872,19.1859574468085,0
291,2,1116.20202020202,38.7878787878788,468.804848484848,16.2909090909091,0.025
291,3,1115.453125,35.65625,468.4903125,14.975625,0.05
291,4,1116.71818181818,33.0363636363636,469.021636363636,13.8752727272727,0.075
291,5,1116.34117647059,28.0941176470588,468.863294117647,11.7995294117647,0.1
291,6,1123.48598130841,28,471.864112149533,11.76,0.125
291,7,1126.88793103448,31.0258620689655,473.292931034483,13.0308620689655,0.15
291,8,1130.53731343284,25.365671641791,474.825671641791,10.6535820895522,0.175
291,9,1135.94444444444,27.6944444444444,477.096666666667,11.6316666666667,0.2
291,10,1136.10169491525,23.4067796610169,477.162711864407,9.83084745762712,0.225
291,11,1128.73224043716,10.672131147541,474.067540983607,4.48229508196721,0.25
291,12,1129.02614379085,8.10457516339869,474.190980392157,3.40392156862745,0.275
291,13,1127.68548387097,5.05645161290323,473.627903225806,2.12370967741935,0.3
291,14,1130.51612903226,5.09032258064516,474.816774193548,2.13793548387097,0.325
291,15,1133.29696969697,8.15151515151515,475.984727272727,3.42363636363636,0.35
291,16,1140.46625766871,6.45398773006135,478.995828220859,2.71067484662577,0.375
291,17,1144.60115606936,6.69364161849711,480.732485549133,2.81132947976879,0.4
291,18,1144.264,4.472,480.59088,1.87824,0.425
291,19,1141.63218390805,4.73563218390805,479.485517241379,1.98896551724138,0.45
292,12,966.696721311475,483.647540983607,406.01262295082,203.131967213115,0.275
292,13,964.503816793893,480.595419847328,405.091603053435,201.850076335878,0.3
292,14,963.497076023392,477.46783625731,404.668771929825,200.53649122807,0.325
292,15,963.978021978022,475.252747252747,404.870769230769,199.606153846154,0.35
292,16,965.899224806202,473.899224806202,405.677674418605,199.037674418605,0.375
292,17,968.526717557252,474.259541984733,406.781221374046,199.189007633588,0.4
292,18,971.021276595745,476.290780141844,407.828936170213,200.042127659574,0.425
292,19,973.906666666667,475.84,409.0408,199.8528,0.45
293,12,970.631578947368,195.721804511278,407.665263157895,82.2031578947368,0.275
293,13,974.470198675497,192.523178807947,409.277483443709,80.8597350993378,0.3
293,14,969.633540372671,189.44099378882,407.246086956522,79.5652173913043,0.325
293,15,968.358333333333,187.066666666667,406.7105,78.568,0.35
293,16,961.818181818182,188.441558441558,403.963636363636,79.1454545454545,0.375
293,17,951.731182795699,187.867383512545,399.727096774194,78.9043010752688,0.4
293,18,947.314176245211,188.011494252874,397.871954022989,78.9648275862069,0.425
293,19,941.449814126394,192.550185873606,395.408921933085,80.8710780669145,0.45
294,13,460.589552238806,308.634328358209,193.447611940299,129.626417910448,0.3
294,14,458.914634146341,308.128048780488,192.744146341463,129.413780487805,0.325
294,15,456.06015037594,308.270676691729,191.545263157895,129.473684210526,0.35
294,16,451.327102803738,307.981308411215,189.55738317757,129.35214953271,0.375
294,17,452.076271186441,304.14406779661,189.872033898305,127.740508474576,0.4
294,18,447.802816901408,301.591549295775,188.077183098592,126.668450704225,0.425
294,19,445.087719298246,301.695906432749,186.936842105263,126.712280701754,0.45
295,13,1171.79646017699,559.929203539823,492.154513274336,235.170265486726,0.3
295,14,1176.39130434783,560.04347826087,494.084347826087,235.218260869565,0.325
295,15,1179.91603053435,562.335877862595,495.564732824427,236.18106870229,0.35
295,16,1182.25,561.652173913043,496.545,235.893913043478,0.375
295,17,1183.5,565.867647058824,497.07,237.664411764706,0.4
295,18,1183.31666666667,566.3,496.993,237.846,0.425
295,19,1186.98571428571,562.328571428571,498.534,236.178,0.45
296,14,1203.67961165049,425.893203883495,505.545436893204,178.875145631068,0.325
296,15,1205.26966292135,430.393258426966,506.213258426966,180.765168539326,0.35
296,16,1202.21428571429,434.232142857143,504.93,182.3775,0.375
296,17,1205.94897959184,430,506.498571428571,180.6,0.4
296,18,1206.91578947368,432.431578947368,506.904631578947,181.621263157895,0.425
296,19,1199.17821782178,435.742574257426,503.654851485149,183.011881188119,0.45
297,15,296.41935483871,542.118279569892,124.496129032258,227.689677419355,0.35
297,16,300.198198198198,540.495495495495,126.083243243243,227.008108108108,0.375
297,17,300.898305084746,537.881355932203,126.377288135593,225.910169491525,0.4
297,18,303.483606557377,539.106557377049,127.463114754098,226.424754098361,0.425
297,19,307.537037037037,539.861111111111,129.165555555556,226.741666666667,0.45
298,17,50.6344086021505,70.505376344086,21.2664516129032,29.6122580645161,0.4
298,18,46.0860215053763,67.1505376344086,19.3561290322581,28.2032258064516,0.425
298,19,46.2479338842975,74.297520661157,19.424132231405,31.2049586776859,0.45
299,17,403.1875,350.357142857143,169.33875,147.15,0.4
299,18,405.623287671233,349.082191780822,170.361780821918,146.614520547945,0.425
299,19,408.097744360902,352.977443609023,171.401052631579,148.250526315789,0.45
300,17,545.940298507463,673.761194029851,229.294925373134,282.979701492537,0.4
300,18,548.760330578512,673.289256198347,230.479338842975,282.781487603306,0.425
300,19,547.833333333333,671.930555555556,230.09,282.210833333333,0.45
301,19,110.28125,429.015625,46.318125,180.1865625,0.45
302,19,263.316666666667,615.4,110.593,258.468,0.45
303,19,325.2,402.16,136.584,168.9072,0.45
304,19,403.44,474,169.4448,199.08,0.45
305,19,604.426470588235,327.872549019608,253.859117647059,137.706470588235,0.45
306,19,776.961538461538,240.884615384615,326.323846153846,101.171538461538,0.45
307,1,4.92391304347826,101.538043478261,2.06804347826087,42.6459782608696,0
307,2,4.97422680412371,101.056701030928,2.08917525773196,42.4438144329897,0.025
307,3,5.23949579831933,102.890756302521,2.20058823529412,43.2141176470588,0.05
307,4,5.73151750972763,102.785992217899,2.4072373540856,43.1701167315175,0.075
307,5,5.53068592057762,104.13357400722,2.3228880866426,43.7361010830325,0.1
307,6,5.18039215686275,105.933333333333,2.17576470588235,44.492,0.125
307,7,4.931330472103,106.974248927039,2.07115879828326,44.9291845493562,0.15
307,8,5.10344827586207,100.241379310345,2.14344827586207,42.1013793103448,0.175
307,9,5.37888198757764,99.1180124223603,2.25913043478261,41.6295652173913,0.2
307,10,6.08152173913043,99.2771739130435,2.55423913043478,41.6964130434783,0.225
307,11,5.575,100.31875,2.3415,42.133875,0.25
307,12,5.36912751677852,99.7248322147651,2.25503355704698,41.8844295302013,0.275
307,13,3.89830508474576,99.0084745762712,1.63728813559322,41.5835593220339,0.3
307,14,3.72727272727273,98.8909090909091,1.56545454545455,41.5341818181818,0.325
307,15,4.8,97.7806451612903,2.016,41.0678709677419,0.35
307,16,4.37606837606838,99.6666666666667,1.83794871794872,41.86,0.375
307,17,4.6890756302521,99.4789915966387,1.96941176470588,41.7811764705882,0.4
307,18,4.34821428571429,99.1071428571429,1.82625,41.625,0.425
307,19,3.91139240506329,100.53164556962,1.64278481012658,42.2232911392405,0.45
307,20,3.96341463414634,99.5243902439024,1.66463414634146,41.800243902439,0.475
308,1,5.69281045751634,233.790849673203,2.39098039215686,98.1921568627451,0
308,2,9.95617529880478,232.127490039841,4.18159362549801,97.4935458167331,0.025
308,3,5.32515337423313,233.840490797546,2.23656441717791,98.2130061349693,0.05
308,4,6.64497041420118,234.05325443787,2.7908875739645,98.3023668639053,0.075
308,5,10.2712418300654,227.937908496732,4.31392156862745,95.7339215686275,0.1
308,6,5.47826086956522,234.490683229814,2.30086956521739,98.4860869565217,0.125
308,7,5.66101694915254,235.327683615819,2.37762711864407,98.8376271186441,0.15
308,8,5.80571428571429,234.354285714286,2.4384,98.4288,0.175
308,9,5.04458598726115,233.866242038217,2.11872611464968,98.223821656051,0.2
308,10,6.01234567901235,233.907407407407,2.52518518518518,98.2411111111111,0.225
308,11,5.8159509202454,233.319018404908,2.44269938650307,97.9939877300613,0.25
308,12,6.12121212121212,233.539393939394,2.57090909090909,98.0865454545454,0.275
308,13,6.25,234.598484848485,2.625,98.5313636363636,0.3
308,14,5.92307692307692,234.355029585799,2.48769230769231,98.4291124260355,0.325
308,15,5.59756097560976,234.786585365854,2.3509756097561,98.6103658536585,0.35
308,16,5.07446808510638,233.313829787234,2.13127659574468,97.9918085106383,0.375
308,17,5.31578947368421,234.538011695906,2.23263157894737,98.5059649122807,0.4
308,18,5.67484662576687,234.165644171779,2.38343558282209,98.3495705521472,0.425
308,19,5.60337552742616,237.489451476793,2.35341772151899,99.7455696202532,0.45
308,20,5.04301075268817,235.666666666667,2.11806451612903,98.98,0.475
309,1,4.96078431372549,482.843137254902,2.08352941176471,202.794117647059,0
309,2,4.43269230769231,485.105769230769,1.86173076923077,203.744423076923,0.025
309,3,4.73214285714286,486.625,1.9875,204.3825,0.05
309,4,4.9,487.9,2.058,204.918,0.075
309,5,5.62280701754386,491.19298245614,2.36157894736842,206.301052631579,0.1
309,6,7.20661157024793,492.900826446281,3.02677685950413,207.018347107438,0.125
309,7,5.65354330708661,494.322834645669,2.37448818897638,207.615590551181,0.15
309,8,5.69911504424779,497.212389380531,2.39362831858407,208.829203539823,0.175
309,9,7.02941176470588,497.5,2.95235294117647,208.95,0.2
309,10,8.1304347826087,496.678260869565,3.41478260869565,208.604869565217,0.225
309,11,8.00884955752212,498.991150442478,3.36371681415929,209.576283185841,0.25
309,12,7.49107142857143,500.696428571429,3.14625,210.2925,0.275
309,13,6.76923076923077,502.846153846154,2.84307692307692,211.195384615385,0.3
309,14,6.47244094488189,504.889763779528,2.71842519685039,212.053700787402,0.325
309,15,5.56756756756757,508.099099099099,2.33837837837838,213.401621621622,0.35
309,16,7.74666666666667,508.926666666667,3.2536,213.7492,0.375
309,17,6.30357142857143,509.366071428571,2.6475,213.93375,0.4
309,18,6.05607476635514,510.140186915888,2.54355140186916,214.258878504673,0.425
309,19,5.82352941176471,508.5,2.44588235294118,213.57,0.45
309,20,5.67326732673267,510.841584158416,2.38277227722772,214.553465346535,0.475
310,1,17.9139465875371,293.038575667656,7.52385756676558,123.076201780415,0
310,2,23.6551724137931,287.206896551724,9.9351724137931,120.626896551724,0.025
310,3,27.2,285.2,11.424,119.784,0.05
310,4,32.3116883116883,284.623376623377,13.5709090909091,119.541818181818,0.075
310,5,27.6475409836066,279.172131147541,11.6119672131148,117.252295081967,0.1
310,6,21.6111111111111,272.674603174603,9.07666666666667,114.523333333333,0.125
310,7,20.3309352517986,274.172661870504,8.5389928057554,115.152517985612,0.15
310,8,24.9915254237288,276.872881355932,10.4964406779661,116.286610169492,0.175
310,9,29.1666666666667,272.944444444444,12.25,114.636666666667,0.2
310,10,28.0967741935484,267.978494623656,11.8006451612903,112.550967741935,0.225
310,11,19.5641025641026,267.230769230769,8.21692307692308,112.236923076923,0.25
310,12,10.605504587156,262.389908256881,4.4543119266055,110.20376146789,0.275
310,13,18.3095238095238,266.547619047619,7.69,111.95,0.3
310,14,18.1963190184049,265.59509202454,7.64245398773006,111.549938650307,0.325
310,15,20.7028985507246,263.355072463768,8.69521739130435,110.609130434783,0.35
310,16,19.987012987013,260.831168831169,8.39454545454545,109.549090909091,0.375
310,17,18.4913294797688,257.231213872832,7.76635838150289,108.03710982659,0.4
310,18,19.7094594594595,253.831081081081,8.27797297297297,106.609054054054,0.425
310,19,22.4888888888889,254.407407407407,9.44533333333333,106.851111111111,0.45
310,20,25.3684210526316,251.5,10.6547368421053,105.63,0.475
311,1,18.7151898734177,118.955696202532,7.86037974683544,49.9613924050633,0
311,2,18.4451219512195,119.384146341463,7.7469512195122,50.1413414634146,0.025
311,3,18.8085106382979,119.41134751773,7.89957446808511,50.1527659574468,0.05
311,4,18.8263888888889,119.631944444444,7.90708333333333,50.2454166666667,0.075
311,5,18.5816993464052,119.712418300654,7.8043137254902,50.2792156862745,0.1
311,6,19.8021978021978,119.307692307692,8.31692307692308,50.1092307692308,0.125
311,7,19.8372093023256,118.645348837209,8.33162790697675,49.8310465116279,0.15
311,8,15.037037037037,119.367003367003,6.31555555555556,50.1341414141414,0.175
311,9,14.4398734177215,119.506329113924,6.06474683544304,50.1926582278481,0.2
311,10,16.1866295264624,122.710306406685,6.79838440111421,51.5383286908078,0.225
311,11,16.7914110429448,122.843558282209,7.05239263803681,51.5942944785276,0.25
311,12,15.6190476190476,121.615646258503,6.56,51.0785714285714,0.275
311,13,16.5652173913043,121.678260869565,6.95739130434783,51.1048695652174,0.3
311,14,16.7175,123.055,7.02135,51.6831,0.325
311,15,16.1450777202073,123.215025906736,6.78093264248705,51.750310880829,0.35
311,16,15.6581196581197,122.566951566952,6.57641025641026,51.4781196581197,0.375
311,17,21.1283185840708,121.022123893805,8.87389380530973,50.8292920353982,0.4
311,18,20.7692307692308,120.597285067873,8.72307692307692,50.6508597285068,0.425
311,19,23.8408163265306,122.134693877551,10.0131428571429,51.2965714285714,0.45
311,20,21.2228915662651,118.596385542169,8.91361445783132,49.8104819277108,0.475
312,1,28.0102040816327,350.734693877551,11.7642857142857,147.308571428571,0
312,2,27.4226804123711,353.329896907216,11.5175257731959,148.398556701031,0.025
312,3,23.4444444444444,352.777777777778,9.84666666666667,148.166666666667,0.05
312,4,21.017094017094,348.196581196581,8.82717948717949,146.242564102564,0.075
312,5,13.9938271604938,347.283950617284,5.87740740740741,145.859259259259,0.1
312,6,11.5074626865672,345.649253731343,4.83313432835821,145.172686567164,0.125
312,7,8.94285714285714,349.228571428571,3.756,146.676,0.15
312,8,14.7671232876712,360.671232876712,6.20219178082192,151.481917808219,0.175
312,9,16.0506329113924,364.025316455696,6.74126582278481,152.890632911392,0.2
312,10,8.78571428571429,367.042857142857,3.69,154.158,0.225
312,11,5.36842105263158,377.526315789474,2.25473684210526,158.561052631579,0.25
312,12,3.48421052631579,368.136842105263,1.46336842105263,154.617473684211,0.275
312,13,5.0625,368.729166666667,2.12625,154.86625,0.3
312,14,7.26168224299065,369.429906542056,3.04990654205607,155.160560747664,0.325
312,15,6.95774647887324,371.971830985916,2.92225352112676,156.228169014085,0.35
312,16,8.34615384615385,378.307692307692,3.50538461538462,158.889230769231,0.375
312,17,8.53435114503817,382.435114503817,3.58442748091603,160.622748091603,0.4
312,18,12.2328767123288,386.424657534247,5.13780821917808,162.298356164384,0.425
312,19,15.7443609022556,386.473684210526,6.61263157894737,162.318947368421,0.45
312,20,13.808,385.736,5.79936,162.00912,0.475
313,1,35.3867924528302,6.65566037735849,14.8624528301887,2.79537735849057,0
313,2,36.7179487179487,7.08717948717949,15.4215384615385,2.97661538461538,0.025
313,3,34.5857142857143,6.90476190476191,14.526,2.9,0.05
313,4,33.3294797687861,8.60693641618497,13.9983815028902,3.61491329479769,0.075
313,5,27.4864864864865,11.2432432432432,11.5443243243243,4.72216216216216,0.1
313,6,23.4793388429752,12.5206611570248,9.86132231404959,5.25867768595041,0.125
313,7,23.3357142857143,13.2214285714286,9.801,5.553,0.15
313,8,24.5438596491228,14.046783625731,10.3084210526316,5.89964912280702,0.175
313,9,24.7848837209302,15.8313953488372,10.4096511627907,6.64918604651163,0.2
313,10,28.2380952380952,15.3877551020408,11.86,6.46285714285714,0.225
313,11,29.7972972972973,16.1013513513514,12.5148648648649,6.76256756756757,0.25
313,12,31.1641791044776,17.8582089552239,13.0889552238806,7.50044776119403,0.275
313,13,30.8759689922481,18.968992248062,12.9679069767442,7.96697674418605,0.3
313,14,29.2063492063492,20.9920634920635,12.2666666666667,8.81666666666667,0.325
313,15,26.9507042253521,24.2676056338028,11.3192957746479,10.1923943661972,0.35
313,16,26.3095238095238,26.984126984127,11.05,11.3333333333333,0.375
313,17,26.8823529411765,27.125,11.2905882352941,11.3925,0.4
313,18,28.3310344827586,26.4275862068966,11.8990344827586,11.0995862068966,0.425
313,19,29.351724137931,27.5310344827586,12.327724137931,11.5630344827586,0.45
313,20,30.1756756756757,28.4189189189189,12.6737837837838,11.9359459459459,0.475
314,1,41.0714285714286,443.744047619048,17.25,186.3725,0
314,2,40.7132867132867,444.65034965035,17.0995804195804,186.753146853147,0.025
314,3,39.8506493506493,444.915584415584,16.7372727272727,186.864545454545,0.05
314,4,39.9036144578313,441.66265060241,16.7595180722892,185.498313253012,0.075
314,5,39.4121621621622,438.202702702703,16.5531081081081,184.045135135135,0.1
314,6,40.7380952380952,439.420634920635,17.11,184.556666666667,0.125
314,7,42.5839416058394,441.29197080292,17.8852554744526,185.342627737226,0.15
314,8,43.2335766423358,438.56204379562,18.158102189781,184.196058394161,0.175
314,9,43.288,436.256,18.18096,183.22752,0.2
314,10,45.6153846153846,437.276923076923,19.1584615384615,183.656307692308,0.225
314,11,47.6171875,438.21875,19.99921875,184.051875,0.25
314,12,48.8870967741936,436.040322580645,20.5325806451613,183.136935483871,0.275
314,13,49.9716312056738,433.347517730496,20.988085106383,182.005957446809,0.3
314,14,51.2684563758389,434.234899328859,21.5327516778523,182.378657718121,0.325
314,15,53.2116788321168,435.598540145985,22.348905109489,182.951386861314,0.35
314,16,55.3503184713376,434.12101910828,23.2471337579618,182.330828025478,0.375
314,17,58.1549295774648,430.570422535211,24.4250704225352,180.839577464789,0.4
314,18,58.7230769230769,427.807692307692,24.6636923076923,179.679230769231,0.425
314,19,55.3758389261745,426.832214765101,23.2578523489933,179.269530201342,0.45
314,20,53.2516129032258,426.148387096774,22.3656774193548,178.982322580645,0.475
315,1,48.9607843137255,221.915032679739,20.5635294117647,93.2043137254902,0
315,2,49.2828947368421,222.052631578947,20.6988157894737,93.2621052631579,0.025
315,3,48.7797619047619,222.660714285714,20.4875,93.5175,0.05
315,4,48.1509433962264,222.836477987421,20.2233962264151,93.591320754717,0.075
315,5,45.1510416666667,225.703125,18.9634375,94.7953125,0.1
315,6,45.713567839196,226.582914572864,19.1996984924623,95.164824120603,0.125
315,7,45.9364161849711,227.167630057803,19.2932947976879,95.4104046242775,0.15
315,8,44.2467532467532,229.619047619048,18.5836363636364,96.44,0.175
315,9,44.3739130434783,229,18.6370434782609,96.18,0.2
315,10,44.6824034334764,229.103004291845,18.7666094420601,96.2232618025751,0.225
315,11,44.8508064516129,229.576612903226,18.8373387096774,96.4221774193548,0.25
315,12,46.9735682819383,227.898678414097,19.7288986784141,95.7174449339207,0.275
315,13,47.5445544554455,226.90099009901,19.9687128712871,95.2984158415842,0.3
315,14,47.6612903225806,226.41935483871,20.0177419354839,95.0961290322581,0.325
315,15,47.3202247191011,226.455056179775,19.8744943820225,95.1111235955056,0.35
315,16,46.7005649717514,226.802259887006,19.6142372881356,95.2569491525424,0.375
315,17,46.413612565445,227.178010471204,19.4937172774869,95.4147643979058,0.4
315,18,45.989417989418,228.05291005291,19.3155555555556,95.7822222222222,0.425
315,19,44.6090909090909,228.481818181818,18.7358181818182,95.9623636363636,0.45
315,20,44.5571428571429,228.104761904762,18.714,95.804,0.475
316,1,50.8207547169811,305.603773584906,21.3447169811321,128.35358490566,0
316,2,51.4,306.789473684211,21.588,128.851578947368,0.025
316,3,51.6,306.73,21.672,128.8266,0.05
316,4,51.3913043478261,308.04347826087,21.584347826087,129.378260869565,0.075
316,5,49.9673913043478,308.141304347826,20.9863043478261,129.419347826087,0.1
316,6,49.5365853658537,308.40243902439,20.8053658536585,129.529024390244,0.125
316,7,50.3111111111111,307.333333333333,21.1306666666667,129.08,0.15
316,8,54.282722513089,303.115183246073,22.7987434554974,127.308376963351,0.175
316,9,53.5681818181818,302.829545454545,22.4986363636364,127.188409090909,0.2
316,10,50.7906976744186,307.488372093023,21.3320930232558,129.14511627907,0.225
316,11,50.9512195121951,308.878048780488,21.399512195122,129.728780487805,0.25
316,12,50.1728395061728,309.049382716049,21.0725925925926,129.800740740741,0.275
316,13,49.5822784810127,309.126582278481,20.8245569620253,129.833164556962,0.3
316,14,50.8461538461538,309.807692307692,21.3553846153846,130.119230769231,0.325
316,15,50.0361445783133,308.951807228916,21.0151807228916,129.759759036145,0.35
316,16,49.7051282051282,307.128205128205,20.8761538461538,128.993846153846,0.375
316,17,48.3378378378378,306.783783783784,20.3018918918919,128.849189189189,0.4
316,18,49.2714285714286,306.5,20.694,128.73,0.425
316,19,50.1818181818182,307.415584415584,21.0763636363636,129.114545454545,0.45
316,20,50.7906976744186,307.674418604651,21.3320930232558,129.223255813954,0.475
317,1,56.5766423357664,204,23.7621897810219,85.68,0
317,2,56.6197183098592,203.091549295775,23.7802816901408,85.2984507042253,0.025
317,3,58.4421768707483,202.380952380952,24.5457142857143,85,0.05
317,4,64.5677419354839,197.122580645161,27.1184516129032,82.7914838709677,0.075
317,5,66.7410071942446,194.028776978417,28.0312230215827,81.4920863309353,0.1
317,6,67.0573770491803,193.877049180328,28.1640983606557,81.4283606557377,0.125
317,7,65.4485294117647,191.154411764706,27.4883823529412,80.2848529411765,0.15
317,8,63.171974522293,188.375796178344,26.5322292993631,79.1178343949045,0.175
317,9,67.5821917808219,179.150684931507,28.3845205479452,75.2432876712329,0.2
317,10,66.7391304347826,177.45652173913,28.0304347826087,74.5317391304348,0.225
317,11,74.0697674418605,179.406976744186,31.1093023255814,75.3509302325581,0.25
317,12,79.3851851851852,180.422222222222,33.3417777777778,75.7773333333333,0.275
317,13,83.5964912280702,181.5,35.1105263157895,76.23,0.3
317,14,84.9416666666667,182.325,35.6755,76.5765,0.325
317,15,82.0810810810811,178.540540540541,34.4740540540541,74.987027027027,0.35
317,16,75.4866666666667,179.94,31.7044,75.5748,0.375
317,17,71.2093023255814,184.790697674419,29.9079069767442,77.6120930232558,0.4
317,18,70.3414634146341,186.967479674797,29.5434146341463,78.5263414634146,0.425
317,19,70.0069444444444,188.083333333333,29.4029166666667,78.995,0.45
317,20,71.0416666666667,190.428571428571,29.8375,79.98,0.475
318,1,62.575,37.5833333333333,26.2815,15.785,0
318,2,69.5255972696246,49.1467576791809,29.2007508532423,20.641638225256,0.025
318,3,63.7013888888889,45.5555555555556,26.7545833333333,19.1333333333333,0.05
318,4,65.1655629139073,42.112582781457,27.3695364238411,17.6872847682119,0.075
318,5,67.2251655629139,42.7152317880795,28.2345695364238,17.9403973509934,0.1
318,6,66.3557046979866,42.0536912751678,27.8693959731544,17.6625503355705,0.125
318,7,63.027027027027,42.9662162162162,26.4713513513513,18.0458108108108,0.15
318,8,65.7083333333333,44.7708333333333,27.5975,18.80375,0.175
318,9,67.936170212766,46.2127659574468,28.5331914893617,19.4093617021277,0.2
318,10,67.6111111111111,44.1041666666667,28.3966666666667,18.52375,0.225
318,11,67.6241134751773,47.4326241134752,28.4021276595745,19.9217021276596,0.25
318,12,65.8041958041958,49.6923076923077,27.6377622377622,20.8707692307692,0.275
318,13,67.1118881118881,48.1048951048951,28.186993006993,20.2040559440559,0.3
318,14,67.0965517241379,46.7103448275862,28.1805517241379,19.6183448275862,0.325
318,15,68.3673469387755,47.6190476190476,28.7142857142857,20,0.35
318,16,68.46,46.8066666666667,28.7532,19.6588,0.375
318,17,68.3424657534247,48.958904109589,28.7038356164384,20.5627397260274,0.4
318,18,70.4533333333333,52.62,29.5904,22.1004,0.425
318,19,72.8161764705882,48.7941176470588,30.5827941176471,20.4935294117647,0.45
318,20,72.6714285714286,49.4357142857143,30.522,20.763,0.475
319,1,60.6,342.323076923077,25.452,143.775692307692,0
319,2,62.8,340.248,26.376,142.90416,0.025
319,3,63.8402777777778,336.958333333333,26.8129166666667,141.5225,0.05
319,4,65.5479452054795,335.143835616438,27.5301369863014,140.760410958904,0.075
319,5,70.0805369127517,323.43288590604,29.4338255033557,135.841812080537,0.1
319,6,68.982905982906,330.102564102564,28.9728205128205,138.643076923077,0.125
319,7,70.3220338983051,328.406779661017,29.5352542372881,137.930847457627,0.15
319,8,70.4098360655738,324.737704918033,29.572131147541,136.389836065574,0.175
319,9,72.1489361702128,321.943262411348,30.3025531914894,135.216170212766,0.2
319,10,72.3,319.564285714286,30.366,134.217,0.225
319,11,73.6785714285714,316.728571428571,30.945,133.026,0.25
319,12,77.7720588235294,313.955882352941,32.6642647058824,131.861470588235,0.275
319,13,79.6950354609929,311.333333333333,33.471914893617,130.76,0.3
319,14,80.2101449275362,311.021739130435,33.6882608695652,130.629130434783,0.325
319,15,80.968,309.936,34.00656,130.17312,0.35
319,16,80.4621212121212,308.075757575758,33.7940909090909,129.391818181818,0.375
319,17,90.276,303.008,37.91592,127.26336,0.4
319,18,82.5333333333333,301.486666666667,34.664,126.6244,0.425
319,19,83.2608695652174,298.746376811594,34.9695652173913,125.47347826087,0.45
319,20,84.8389261744966,296.463087248322,35.6323489932886,124.514496644295,0.475
320,1,63.5585585585586,548.198198198198,26.6945945945946,230.243243243243,0
320,2,65.5757575757576,542.136363636364,27.5418181818182,227.697272727273,0.025
320,3,65.9765625,536.7734375,27.71015625,225.44484375,0.05
320,4,61.0692307692308,538.476923076923,25.6490769230769,226.160307692308,0.075
320,5,57.1,537.953846153846,23.982,225.940615384615,0.1
320,6,58.7899159663866,538.571428571429,24.6917647058824,226.2,0.125
320,7,61.3697478991597,541.09243697479,25.7752941176471,227.258823529412,0.15
320,8,59.0084033613445,542.53781512605,24.7835294117647,227.865882352941,0.175
320,9,57.632,539.608,24.20544,226.63536,0.2
320,10,56.1532258064516,538.032258064516,23.5843548387097,225.973548387097,0.225
320,11,59.787037037037,534.305555555556,25.1105555555556,224.408333333333,0.25
320,12,55.3884297520661,531.578512396694,23.2631404958678,223.262975206612,0.275
320,13,50.6492537313433,534.708955223881,21.2726865671642,224.57776119403,0.3
320,14,47.6,532.088,19.992,223.47696,0.325
320,15,49.1848739495798,530.218487394958,20.6576470588235,222.691764705882,0.35
320,16,51.8034188034188,527.91452991453,21.7574358974359,221.724102564103,0.375
320,17,51.5,523.849056603774,21.63,220.016603773585,0.4
320,18,50.25,521.191176470588,21.105,218.900294117647,0.425
320,19,45.2919708029197,525.890510948905,19.0226277372263,220.87401459854,0.45
320,20,43.1338582677165,529.543307086614,18.1162204724409,222.408188976378,0.475
321,1,64.6666666666667,717.647058823529,27.16,301.411764705882,0
321,2,69.3065326633166,707.120603015075,29.108743718593,296.990653266332,0.025
321,3,70.6425120772947,707.381642512077,29.6698550724638,297.100289855072,0.05
321,4,72.1173184357542,707.178770949721,30.2892737430168,297.015083798883,0.075
321,5,75.8809523809524,700.888888888889,31.87,294.373333333333,0.1
321,6,73.3157894736842,699.691729323308,30.7926315789474,293.87052631579,0.125
321,7,70.7416666666667,695.3,29.7115,292.026,0.15
321,8,72.6597222222222,694.180555555556,30.5170833333333,291.555833333333,0.175
321,9,71.8129496402878,693.021582733813,30.1614388489209,291.069064748201,0.2
321,10,70.7478260869565,689.504347826087,29.7140869565217,289.591826086956,0.225
321,11,73.008,690.84,30.66336,290.1528,0.25
321,12,71.7816901408451,686.760563380282,30.1483098591549,288.439436619718,0.275
321,13,72.5723684210526,685.75,30.4803947368421,288.015,0.3
321,14,72.8278145695364,684.284768211921,30.5876821192053,287.399602649007,0.325
321,15,72.2828947368421,681.914473684211,30.3588157894737,286.404078947368,0.35
321,16,73.2014925373134,680.059701492537,30.7446268656716,285.625074626866,0.375
321,17,70.4159292035398,680.398230088496,29.5746902654867,285.767256637168,0.4
321,18,68.0380952380952,678.447619047619,28.576,284.948,0.425
321,19,69.1875,676.225,29.05875,284.0145,0.45
321,20,69.25,675.057692307692,29.085,283.524230769231,0.475
322,1,89.8035087719298,589.373684210526,37.7174736842105,247.536947368421,0
322,2,90.0035587188612,590.062277580071,37.8014946619217,247.82615658363,0.025
322,3,89.222602739726,589.340753424658,37.4734931506849,247.523116438356,0.05
322,4,88.1109243697479,588.16974789916,37.0065882352941,247.031294117647,0.075
322,5,86.870458135861,587.728278041074,36.4855924170616,246.845876777251,0.1
322,6,86.0776545166403,587.293185419968,36.1526148969889,246.663137876387,0.125
322,7,86.7579617834395,587.46178343949,36.4383439490446,246.733949044586,0.15
322,8,86.5517799352751,588.221682847896,36.3517475728155,247.053106796116,0.175
322,9,85.2804487179487,588.75,35.8177884615385,247.275,0.2
322,10,85.4746268656716,588.580597014925,35.8993432835821,247.203850746269,0.225
322,11,86.093415007657,588.738131699847,36.1592343032159,247.270015313936,0.25
322,12,91.0364372469636,587.937246963563,38.2353036437247,246.933643724696,0.275
322,13,90.9916317991632,587.728033472803,38.2164853556485,246.845774058577,0.3
322,14,90.6234309623431,587.462343096234,38.0618410041841,246.734184100418,0.325
322,15,90.9747899159664,586.682773109244,38.2094117647059,246.406764705882,0.35
322,16,90.7465886939571,586.686159844055,38.113567251462,246.408187134503,0.375
322,17,90.8238866396761,586.338056680162,38.146032388664,246.261983805668,0.4
322,18,90.8270833333333,585.85625,38.147375,246.059625,0.425
322,19,90.5203619909502,585.891402714932,38.0185520361991,246.074389140272,0.45
322,20,90.7061310782241,585.651162790698,38.0965750528541,245.973488372093,0.475
323,1,83.2991452991453,624.004273504274,34.985641025641,262.081794871795,0
323,2,87.8684210526316,627.201754385965,36.9047368421053,263.424736842105,0.025
323,3,90.8942307692308,631.875,38.1755769230769,265.3875,0.05
323,4,86.3125,632.758928571429,36.25125,265.75875,0.075
323,5,88.6759259259259,634.861111111111,37.2438888888889,266.641666666667,0.1
323,6,88.5,641.367346938776,37.17,269.374285714286,0.125
323,7,88.3131313131313,644.050505050505,37.0915151515151,270.501212121212,0.15
323,8,92.6076923076923,642.253846153846,38.8952307692308,269.746615384615,0.175
323,9,94.0634920634921,638.714285714286,39.5066666666667,268.26,0.2
323,10,97.4193548387097,637.951612903226,40.9161290322581,267.939677419355,0.225
323,11,103.576576576577,633.873873873874,43.5021621621622,266.227027027027,0.25
323,12,104.032520325203,629.317073170732,43.6936585365854,264.313170731707,0.275
323,13,109.677083333333,632.260416666667,46.064375,265.549375,0.3
323,14,103.491525423729,634.635593220339,43.4664406779661,266.546949152542,0.325
323,15,100.840336134454,634.957983193277,42.3529411764706,266.682352941176,0.35
323,16,103.776785714286,637.357142857143,43.58625,267.69,0.375
323,17,105.21568627451,641.852941176471,44.1905882352941,269.578235294118,0.4
323,18,105.398058252427,645.009708737864,44.2671844660194,270.904077669903,0.425
323,19,108.508333333333,644.475,45.5735,270.6795,0.45
323,20,109.579365079365,640.444444444444,46.0233333333333,268.986666666667,0.475
324,1,89.4537037037037,490.87037037037,37.5705555555556,206.165555555556,0
324,2,82.8559322033898,489,34.7994915254237,205.38,0.025
324,3,74.8918918918919,487.972972972973,31.4545945945946,204.948648648649,0.05
324,4,71.0819672131148,494.065573770492,29.8544262295082,207.507540983607,0.075
324,5,69,500.057971014493,28.98,210.024347826087,0.1
324,6,63.3934426229508,492.991803278689,26.6252459016393,207.056557377049,0.125
324,7,64.3867924528302,489.254716981132,27.0424528301887,205.486981132075,0.15
324,8,68.7631578947368,486.802631578947,28.8805263157895,204.457105263158,0.175
324,9,61.8235294117647,486.117647058824,25.9658823529412,204.169411764706,0.2
324,10,55.9454545454545,486.481818181818,23.4970909090909,204.322363636364,0.225
324,11,57.4788732394366,491.746478873239,24.1411267605634,206.533521126761,0.25
324,12,53.2444444444444,496.088888888889,22.3626666666667,208.357333333333,0.275
324,13,47.743119266055,491.522935779817,20.0521100917431,206.439633027523,0.3
324,14,48.8493150684931,490.13698630137,20.5167123287671,205.857534246575,0.325
324,15,52.5714285714286,481.328571428571,22.08,202.158,0.35
324,16,48.7933884297521,478.421487603306,20.4932231404959,200.937024793388,0.375
324,17,48.5294117647059,476.661764705882,20.3823529411765,200.197941176471,0.4
324,18,43.3787878787879,482.651515151515,18.2190909090909,202.713636363636,0.425
324,19,38.25,487.616666666667,16.065,204.799,0.45
324,20,34.7614678899083,486.642201834862,14.5998165137615,204.389724770642,0.475
325,1,93.6808510638298,370.331914893617,39.3459574468085,155.539404255319,0
325,2,92.175355450237,367.9336492891,38.7136492890995,154.532132701422,0.025
325,3,94.2937853107345,366.706214689266,39.6033898305085,154.016610169492,0.05
325,4,100.190607734807,364.616022099447,42.0800552486188,153.138729281768,0.075
325,5,99.8067796610169,365.047457627119,41.9188474576271,153.31993220339,0.1
325,6,100.446428571429,362.067857142857,42.1875,152.0685,0.125
325,7,98.6033333333333,360.25,41.4134,151.305,0.15
325,8,96.1529850746269,360.880597014925,40.3842537313433,151.569850746269,0.175
325,9,96.9127516778524,362.758389261745,40.703355704698,152.358523489933,0.2
325,10,95.4299363057325,363.073248407643,40.0805732484076,152.49076433121,0.225
325,11,92.5269709543568,360.597510373444,38.8613278008299,151.450954356846,0.25
325,12,89.7667731629393,359.543130990415,37.7020447284345,151.008115015974,0.275
325,13,95.2262996941896,362.706422018349,39.9950458715596,152.336697247706,0.3
325,14,89.8796296296296,360.54012345679,37.7494444444444,151.426851851852,0.325
325,15,90.8357771260997,359.533724340176,38.1510263929619,151.004164222874,0.35
325,16,95.8698630136986,366.657534246575,40.2653424657534,153.996164383562,0.375
325,17,95.8701298701299,367.032467532468,40.2654545454545,154.153636363636,0.4
325,18,93.4607329842932,368.44502617801,39.2535078534031,154.746910994764,0.425
325,19,94.1504424778761,365.716814159292,39.543185840708,153.601061946903,0.45
325,20,94.5573770491803,365.122950819672,39.7140983606557,153.351639344262,0.475
326,1,92.4111111111111,449.5,38.8126666666667,188.79,0
326,2,90.4,444.906666666667,37.968,186.8608,0.025
326,3,88.4883720930233,444.616279069767,37.1651162790698,186.738837209302,0.05
326,4,86.5588235294118,447.852941176471,36.3547058823529,188.098235294118,0.075
326,5,85.1538461538462,452.711538461538,35.7646153846154,190.138846153846,0.1
326,6,86.2173913043478,456.565217391304,36.2113043478261,191.757391304348,0.125
326,7,85.7075471698113,458.584905660377,35.9971698113208,192.605660377358,0.15
326,8,84.05,458.92,35.301,192.7464,0.175
326,9,77.4624277456647,458.57225433526,32.5342196531792,192.600346820809,0.2
326,10,75.251572327044,459.106918238994,31.6056603773585,192.824905660377,0.225
326,11,74.6103896103896,459.168831168831,31.3363636363636,192.850909090909,0.25
326,12,75.5086705202312,459.005780346821,31.7136416184971,192.782427745665,0.275
326,13,75.8806818181818,458.392045454545,31.8698863636364,192.524659090909,0.3
326,14,76.6927710843374,456.487951807229,32.2109638554217,191.724939759036,0.325
326,15,78.4214876033058,453.504132231405,32.9370247933884,190.47173553719,0.35
326,16,72.0300751879699,453.947368421053,30.2526315789474,190.657894736842,0.375
326,17,68.4154929577465,452.549295774648,28.7345070422535,190.070704225352,0.4
326,18,66.3294117647059,451.617647058824,27.8583529411765,189.679411764706,0.425
326,19,67.875,447.4609375,28.5075,187.93359375,0.45
326,20,70.4485294117647,445.073529411765,29.5883823529412,186.930882352941,0.475
327,1,97.472,105.504,40.93824,44.31168,0
327,2,98.2686567164179,111.440298507463,41.2728358208955,46.8049253731343,0.025
327,3,94.6417910447761,110.201492537313,39.749552238806,46.2846268656716,0.05
327,4,91.3714285714286,105.764285714286,38.376,44.421,0.075
327,5,94.5681818181818,102.397727272727,39.7186363636364,43.0070454545454,0.1
327,6,97.6230769230769,94.7538461538462,41.0016923076923,39.7966153846154,0.125
327,7,92.7291666666667,90.1041666666667,38.94625,37.84375,0.15
327,8,90.6666666666667,88.5227272727273,38.08,37.1795454545454,0.175
327,9,88.0985915492958,95.7323943661972,37.0014084507042,40.2076056338028,0.2
327,10,87.4248366013072,99.5686274509804,36.718431372549,41.8188235294118,0.225
327,11,82.9365079365079,101.269841269841,34.8333333333333,42.5333333333333,0.25
327,12,78.9197080291971,102.262773722628,33.1462773722628,42.9503649635037,0.275
327,13,77.4375,97.296875,32.52375,40.8646875,0.3
327,14,78.6635514018692,94.8317757009346,33.038691588785,39.8293457943925,0.325
327,15,78.8378378378378,88.2297297297297,33.1118918918919,37.0564864864865,0.35
327,16,65.7003610108303,75.841155234657,27.5941516245487,31.853285198556,0.375
327,17,72.5918367346939,80.5034013605442,30.4885714285714,33.8114285714286,0.4
327,18,73.1726190476191,79.0416666666667,30.7325,33.1975,0.425
327,19,66.8707482993197,77.6598639455782,28.0857142857143,32.6171428571429,0.45
327,20,59.6308243727599,77.9283154121864,25.0449462365591,32.7298924731183,0.475
328,1,114.314049586777,213.661157024793,48.0119008264463,89.7376859504132,0
328,2,114.157894736842,213.5,47.9463157894737,89.67,0.025
328,3,113.8671875,213.4453125,47.82421875,89.64703125,0.05
328,4,114.014184397163,212.843971631206,47.8859574468085,89.3944680851064,0.075
328,5,113.781954887218,212.924812030075,47.7884210526316,89.4284210526316,0.1
328,6,113.772413793103,213.041379310345,47.7844137931034,89.4773793103448,0.125
328,7,113.627450980392,212.993464052288,47.7235294117647,89.4572549019608,0.15
328,8,113.205128205128,213.217948717949,47.5461538461538,89.5515384615385,0.175
328,9,112.872727272727,214.121212121212,47.4065454545455,89.9309090909091,0.2
328,10,113.325,214.28125,47.5965,89.998125,0.225
328,11,113.549668874172,213.701986754967,47.6908609271523,89.7548344370861,0.25
328,12,113.317073170732,213.957317073171,47.5931707317073,89.8620731707317,0.275
328,13,113.751824817518,213.569343065693,47.7757664233577,89.6991240875912,0.3
328,14,113.664233576642,213.459854014599,47.7389781021898,89.6531386861314,0.325
328,15,113.744680851064,213.283687943262,47.7727659574468,89.5791489361702,0.35
328,16,113.582677165354,212.771653543307,47.7047244094488,89.364094488189,0.375
328,17,113.208955223881,213.268656716418,47.5477611940298,89.5728358208955,0.4
328,18,113.007407407407,213.488888888889,47.4631111111111,89.6653333333333,0.425
328,19,112.75,213.477272727273,47.355,89.6604545454545,0.45
328,20,112.827067669173,213.834586466165,47.3873684210526,89.8105263157895,0.475
329,1,116.519230769231,491.461538461538,48.9380769230769,206.413846153846,0
329,2,116.606060606061,490.888888888889,48.9745454545455,206.173333333333,0.025
329,3,116.19387755102,490.908163265306,48.8014285714286,206.181428571429,0.05
329,4,116.438775510204,491,48.9042857142857,206.22,0.075
329,5,116.242990654206,490.579439252336,48.8220560747664,206.043364485981,0.1
329,6,115.324074074074,490.611111111111,48.4361111111111,206.056666666667,0.125
329,7,115.93,490.26,48.6906,205.9092,0.15
329,8,115.93,490.28,48.6906,205.9176,0.175
329,9,115.826923076923,491.067307692308,48.6473076923077,206.248269230769,0.2
329,10,116.752475247525,491.316831683168,49.0360396039604,206.353069306931,0.225
329,11,116.613861386139,490.445544554455,48.9778217821782,205.987128712871,0.25
329,12,116.924528301887,490.679245283019,49.1083018867925,206.085283018868,0.275
329,13,117.1,490.26,49.182,205.9092,0.3
329,14,117.10101010101,489.20202020202,49.1824242424242,205.464848484848,0.325
329,15,117.669902912621,487.660194174757,49.421359223301,204.817281553398,0.35
329,16,116.632075471698,487.396226415094,48.9854716981132,204.70641509434,0.375
329,17,116.207920792079,487.920792079208,48.8073267326733,204.926732673267,0.4
329,18,116.363636363636,488.707070707071,48.8727272727273,205.25696969697,0.425
329,19,117.759615384615,489.288461538462,49.4590384615385,205.501153846154,0.45
329,20,117.851485148515,488.168316831683,49.4976237623762,205.030693069307,0.475
330,1,121.37037037037,252.307407407407,50.9755555555556,105.969111111111,0
330,2,120.823529411765,252.264705882353,50.7458823529412,105.951176470588,0.025
330,3,122.870292887029,253.364016736402,51.6055230125523,106.412887029289,0.05
330,4,125.653696498054,255.793774319066,52.7745525291829,107.433385214008,0.075
330,5,125.748936170213,257.587234042553,52.8145531914894,108.186638297872,0.1
330,6,117.538461538462,252.223076923077,49.3661538461538,105.933692307692,0.125
330,7,121.989932885906,260.98322147651,51.2357718120805,109.612953020134,0.15
330,8,117.230088495575,255,49.2366371681416,107.1,0.175
330,9,114.944444444444,255.412698412698,48.2766666666667,107.273333333333,0.2
330,10,115.627450980392,258.637254901961,48.5635294117647,108.627647058824,0.225
330,11,116.078260869565,258.426086956522,48.7528695652174,108.538956521739,0.25
330,12,113.901515151515,259.310606060606,47.8386363636364,108.910454545455,0.275
330,13,113.449339207048,264.405286343612,47.6487224669604,111.050220264317,0.3
330,14,116.15,261.627777777778,48.783,109.883666666667,0.325
330,15,115.831730769231,264.173076923077,48.6493269230769,110.952692307692,0.35
330,16,114.908571428571,264.102857142857,48.2616,110.9232,0.375
330,17,111.039215686275,263.504901960784,46.6364705882353,110.672058823529,0.4
330,18,111.90234375,261.80859375,46.998984375,109.959609375,0.425
330,19,114.849785407725,264.334763948498,48.2369098712446,111.020600858369,0.45
330,20,111.903225806452,272.225806451613,46.9993548387097,114.334838709677,0.475
331,1,126.365384615385,388.201923076923,53.0734615384615,163.044807692308,0
331,2,127.52427184466,387.466019417476,53.5601941747573,162.73572815534,0.025
331,3,126.142857142857,388.210084033613,52.98,163.048235294118,0.05
331,4,125.952,388.624,52.89984,163.22208,0.075
331,5,125.982142857143,388.508928571429,52.9125,163.17375,0.1
331,6,125.783783783784,388.684684684685,52.8291891891892,163.247567567568,0.125
331,7,125.373913043478,388.104347826087,52.6570434782609,163.003826086957,0.15
331,8,125.529914529915,387.179487179487,52.7225641025641,162.615384615385,0.175
331,9,126.56880733945,386.706422018349,53.1588990825688,162.416697247706,0.2
331,10,126.581818181818,386.927272727273,53.1643636363636,162.509454545455,0.225
331,11,126.25641025641,387.17094017094,53.0276923076923,162.611794871795,0.25
331,12,124.926229508197,387.860655737705,52.4690163934426,162.901475409836,0.275
331,13,125.092592592593,387.583333333333,52.5388888888889,162.785,0.3
331,14,125.504854368932,387.912621359223,52.7120388349515,162.923300970874,0.325
331,15,125.131313131313,387.414141414141,52.5551515151515,162.713939393939,0.35
331,16,125.478260869565,386.965217391304,52.7008695652174,162.525391304348,0.375
331,17,125.698275862069,386.801724137931,52.793275862069,162.456724137931,0.4
331,18,125.066037735849,386.622641509434,52.5277358490566,162.381509433962,0.425
331,19,125.081081081081,386.675675675676,52.5340540540541,162.403783783784,0.45
331,20,125.318584070796,385.769911504425,52.6338053097345,162.023362831858,0.475
332,1,131.746268656716,404.134328358209,55.3334328358209,169.736417910448,0
332,2,131.439716312057,403.617021276596,55.2046808510638,169.51914893617,0.025
332,3,132.233082706767,404.375939849624,55.5378947368421,169.837894736842,0.05
332,4,131.951219512195,405.455284552846,55.4195121951219,170.291219512195,0.075
332,5,131.235294117647,406.220588235294,55.1188235294118,170.612647058824,0.1
332,6,129.279411764706,406.036764705882,54.2973529411765,170.535441176471,0.125
332,7,128.899224806202,406.007751937984,54.1376744186046,170.523255813953,0.15
332,8,129.36,405.664,54.3312,170.37888,0.175
332,9,128.887218045113,406.526315789474,54.1326315789474,170.741052631579,0.2
332,10,128.607692307692,406.084615384615,54.0152307692308,170.555538461538,0.225
332,11,129.712121212121,405.583333333333,54.4790909090909,170.345,0.25
332,12,128.027027027027,405.527027027027,53.7713513513513,170.321351351351,0.275
332,13,125.496402877698,402.920863309353,52.7084892086331,169.226762589928,0.3
332,14,123.953846153846,401.846153846154,52.0606153846154,168.775384615385,0.325
332,15,122.504273504273,401.700854700855,51.4517948717949,168.714358974359,0.35
332,16,123.955555555556,402.577777777778,52.0613333333333,169.082666666667,0.375
332,17,124.055555555556,402.293650793651,52.1033333333333,168.963333333333,0.4
332,18,126.982222222222,405.902222222222,53.3325333333333,170.478933333333,0.425
332,19,126.847715736041,404.142131979695,53.2760406091371,169.739695431472,0.45
332,20,126.502564102564,402.48717948718,53.1310769230769,169.044615384615,0.475
333,1,138.192307692308,47.9692307692308,58.0407692307692,20.1470769230769,0
333,2,137.278571428571,48.5428571428571,57.657,20.388,0.025
333,3,136.632653061224,47.6938775510204,57.3857142857143,20.0314285714286,0.05
333,4,136.376,48.32,57.27792,20.2944,0.075
333,5,134.787671232877,47.8424657534247,56.6108219178082,20.0938356164384,0.1
333,6,135.4140625,47.5078125,56.87390625,19.95328125,0.125
333,7,135.365671641791,47.8955223880597,56.8535820895522,20.1161194029851,0.15
333,8,135.612403100775,47.4263565891473,56.9572093023256,19.9190697674419,0.175
333,9,135.146153846154,46.3076923076923,56.7613846153846,19.4492307692308,0.2
333,10,135.04958677686,45.8264462809917,56.720826446281,19.2471074380165,0.225
333,11,135.704,45.88,56.99568,19.2696,0.25
333,12,136.282442748092,47.3435114503817,57.2386259541985,19.8842748091603,0.275
333,13,136.346774193548,46.9274193548387,57.2656451612903,19.7095161290323,0.3
333,14,136.8828125,46.6015625,57.49078125,19.57265625,0.325
333,15,135.721153846154,48.8509615384615,57.0028846153846,20.5174038461538,0.35
333,16,132.841698841699,47.8532818532819,55.7935135135135,20.0983783783784,0.375
333,17,132.351449275362,46.5217391304348,55.5876086956522,19.5391304347826,0.4
333,18,139.119047619048,43.3253968253968,58.43,18.1966666666667,0.425
333,19,137.622047244094,44.1181102362205,57.8012598425197,18.5296062992126,0.45
333,20,138.168,45.48,58.03056,19.1016,0.475
334,1,144.476923076923,362.761538461538,60.6803076923077,152.359846153846,0
334,2,140.256157635468,365.586206896552,58.9075862068966,153.546206896552,0.025
334,3,138.51256281407,362.366834170854,58.1752763819095,152.194070351759,0.05
334,4,139.928057553957,356.877697841727,58.7697841726619,149.888633093525,0.075
334,5,136.720930232558,359.772093023256,57.4227906976744,151.104279069767,0.1
334,6,134.701492537313,359.626865671642,56.5746268656716,151.04328358209,0.125
334,7,133.115740740741,357.921296296296,55.9086111111111,150.326944444444,0.15
334,8,132.496350364963,351.175182481752,55.6484671532847,147.493576642336,0.175
334,9,134.135714285714,348.935714285714,56.337,146.553,0.2
334,10,130.738372093023,346.755813953488,54.9101162790698,145.637441860465,0.225
334,11,128.720238095238,343.797619047619,54.0625,144.395,0.25
334,12,129.86,344.88,54.5412,144.8496,0.275
334,13,129.88,343.22,54.5496,144.1524,0.3
334,14,130.807453416149,339.863354037267,54.9391304347826,142.742608695652,0.325
334,15,127.418604651163,339.046511627907,53.5158139534884,142.399534883721,0.35
334,16,123.171641791045,336.477611940299,51.7320895522388,141.320597014925,0.375
334,17,121.905660377358,333.603773584906,51.2003773584906,140.11358490566,0.4
334,18,122.676691729323,330.390977443609,51.5242105263158,138.764210526316,0.425
334,19,123.967105263158,327.223684210526,52.0661842105263,137.433947368421,0.45
334,20,120.906040268456,325.167785234899,50.7805369127517,136.570469798658,0.475
335,1,147.283333333333,471.525,61.859,198.0405,0
335,2,147.69918699187,472.056910569106,62.0336585365854,198.263902439024,0.025
335,3,147.913793103448,472.310344827586,62.1237931034483,198.370344827586,0.05
335,4,147.5234375,471.984375,61.95984375,198.2334375,0.075
335,5,147.053435114504,470.931297709924,61.7624427480916,197.791145038168,0.1
335,6,147.60162601626,471.040650406504,61.9926829268293,197.837073170732,0.125
335,7,147.450819672131,470.672131147541,61.9293442622951,197.682295081967,0.15
335,8,147.345588235294,470.830882352941,61.8851470588235,197.748970588235,0.175
335,9,147.2578125,471.046875,61.84828125,197.8396875,0.2
335,10,147.28125,470.421875,61.858125,197.5771875,0.225
335,11,146.856115107914,470.05035971223,61.6795683453237,197.421151079137,0.25
335,12,146.3984375,469.5859375,61.48734375,197.22609375,0.275
335,13,145.671875,469.2734375,61.1821875,197.09484375,0.3
335,14,145.766423357664,469.401459854015,61.221897810219,197.148613138686,0.325
335,15,145.763779527559,468.795275590551,61.2207874015748,196.894015748031,0.35
335,16,145.597014925373,468.276119402985,61.1507462686567,196.675970149254,0.375
335,17,146.388888888889,468.309523809524,61.4833333333333,196.69,0.4
335,18,146.661417322835,468.023622047244,61.5977952755905,196.569921259843,0.425
335,19,146.274809160305,467.740458015267,61.4354198473282,196.450992366412,0.45
335,20,147.165289256198,467.165289256198,61.8094214876033,196.209421487603,0.475
336,1,157.806451612903,720.951612903226,66.2787096774194,302.799677419355,0
336,2,157.345132743363,723.446902654867,66.0849557522124,303.847699115044,0.025
336,3,162.901639344262,725.22131147541,68.4186885245902,304.592950819672,0.05
336,4,160.055248618785,725.690607734807,67.2232044198895,304.790055248619,0.075
336,5,162.207207207207,725.612612612613,68.127027027027,304.757297297297,0.1
336,6,161.933333333333,725.742857142857,68.012,304.812,0.125
336,7,162.824742268041,725.60824742268,68.3863917525773,304.755463917526,0.15
336,8,158.459459459459,725.675675675676,66.552972972973,304.783783783784,0.175
336,9,159.954081632653,723.790816326531,67.1807142857143,303.992142857143,0.2
336,10,159.944186046512,722.172093023256,67.1765581395349,303.312279069767,0.225
336,11,164.84375,727.078125,69.234375,305.3728125,0.25
336,12,159.817204301075,718.790322580645,67.1232258064516,301.891935483871,0.275
336,13,165.601769911504,725.699115044248,69.5527433628318,304.793628318584,0.3
336,14,166.342281879195,723.993288590604,69.8637583892617,304.077181208054,0.325
336,15,155.086956521739,722.162055335968,65.1365217391304,303.308063241107,0.35
336,16,166.340425531915,726.042553191489,69.8629787234043,304.937872340425,0.375
336,17,166.663157894737,725.915789473684,69.9985263157895,304.884631578947,0.4
336,18,166.325,726.6375,69.8565,305.18775,0.425
336,19,165.95652173913,726.195652173913,69.7017391304348,305.002173913043,0.45
336,20,165.5,725.760416666667,69.51,304.819375,0.475
337,1,162.20202020202,437.858585858586,68.1248484848485,183.900606060606,0
337,2,161.6875,439.419642857143,67.90875,184.55625,0.025
337,3,160.207407407407,438.703703703704,67.2871111111111,184.255555555556,0.05
337,4,159.84375,439.6171875,67.134375,184.63921875,0.075
337,5,159.031007751938,438.124031007752,66.7930232558139,184.012093023256,0.1
337,6,156.450381679389,433.809160305344,65.7091603053435,182.199847328244,0.125
337,7,156.365671641791,433.925373134328,65.6735820895522,182.248656716418,0.15
337,8,156.557251908397,433.297709923664,65.7540458015267,181.985038167939,0.175
337,9,157.284615384615,434.607692307692,66.0595384615385,182.535230769231,0.2
337,10,154.838926174497,434.771812080537,65.0323489932886,182.604161073825,0.225
337,11,154.48951048951,435.832167832168,64.8855944055944,183.04951048951,0.25
337,12,153.022900763359,437.526717557252,64.2696183206107,183.761221374046,0.275
337,13,148.520833333333,435.885416666667,62.37875,183.071875,0.3
337,14,151.546666666667,436.94,63.6496,183.5148,0.325
337,15,152.122302158273,436.345323741007,63.8913669064748,183.265035971223,0.35
337,16,151.970802919708,437.496350364964,63.8277372262774,183.748467153285,0.375
337,17,148.135135135135,435.369369369369,62.2167567567568,182.855135135135,0.4
337,18,147.433962264151,435.77358490566,61.9222641509434,183.024905660377,0.425
337,19,147.638095238095,436.142857142857,62.008,183.18,0.45
337,20,146.240384615385,436.211538461538,61.4209615384615,183.208846153846,0.475
338,1,169.216417910448,317.902985074627,71.0708955223881,133.519253731343,0
338,2,167.903703703704,314.466666666667,70.5195555555556,132.076,0.025
338,3,166.692307692308,313.216783216783,70.0107692307692,131.551048951049,0.05
338,4,167.652173913043,314.391304347826,70.4139130434783,132.044347826087,0.075
338,5,166.704225352113,311.971830985916,70.0157746478873,131.028169014085,0.1
338,6,164.887755102041,309.418367346939,69.2528571428571,129.955714285714,0.125
338,7,173.111111111111,309.222222222222,72.7066666666667,129.873333333333,0.15
338,8,172.964539007092,309.13475177305,72.6451063829787,129.836595744681,0.175
338,9,169.166666666667,304.509259259259,71.05,127.893888888889,0.2
338,10,172.458064516129,306.309677419355,72.4323870967742,128.650064516129,0.225
338,11,176.48951048951,309.006993006993,74.1255944055944,129.782937062937,0.25
338,12,177.720779220779,307.668831168831,74.6427272727273,129.220909090909,0.275
338,13,178.25,306.034722222222,74.865,128.534583333333,0.3
338,14,177.992907801418,307.241134751773,74.7570212765957,129.041276595745,0.325
338,15,177.419117647059,306.720588235294,74.5160294117647,128.822647058824,0.35
338,16,178.94776119403,304.60447761194,75.1580597014925,127.933880597015,0.375
338,17,178.026490066225,305,74.7711258278146,128.1,0.4
338,18,174.882352941176,306.640522875817,73.4505882352941,128.789019607843,0.425
338,19,174.065088757396,304.597633136095,73.1073372781065,127.93100591716,0.45
338,20,173.889502762431,303.618784530387,73.033591160221,127.519889502762,0.475
339,1,170.140776699029,650.364077669903,71.4591262135922,273.152912621359,0
339,2,173.417355371901,652.078512396694,72.8352892561984,273.872975206612,0.025
339,3,173.643724696356,655.63967611336,72.9303643724696,275.368663967611,0.05
339,4,173.259689922481,655.387596899225,72.7690697674419,275.262790697674,0.075
339,5,171.712328767123,654,72.1191780821918,274.68,0.1
339,6,168.536170212766,654.974468085106,70.7851914893617,275.089276595745,0.125
339,7,166.347014925373,658.055970149254,69.8657462686567,276.383507462687,0.15
339,8,167.713147410359,659.908366533865,70.4395219123506,277.161513944223,0.175
339,9,171.696808510638,664.88829787234,72.1126595744681,279.253085106383,0.2
339,10,168.538461538462,666.350427350427,70.7861538461539,279.867179487179,0.225
339,11,166.079470198675,670.754966887417,69.7533774834437,281.717086092715,0.25
339,12,164.895833333333,672.256944444444,69.25625,282.347916666667,0.275
339,13,160.430656934307,674.583941605839,67.3808759124088,283.325255474453,0.3
339,14,154.907142857143,674.814285714286,65.061,283.422,0.325
339,15,156.521428571429,677.2,65.739,284.424,0.35
339,16,160.537313432836,680.932835820896,67.425671641791,285.991791044776,0.375
339,17,159.993788819876,682.285714285714,67.1973913043478,286.56,0.4
339,18,159.212903225806,683.767741935484,66.8694193548387,287.182451612903,0.425
339,19,158.222222222222,685.143790849673,66.4533333333333,287.760392156863,0.45
339,20,152.858064516129,687.174193548387,64.2003870967742,288.613161290323,0.475
340,1,172.04347826087,402.271739130435,72.2582608695652,168.954130434783,0
340,2,171.258064516129,402.161290322581,71.9283870967742,168.907741935484,0.025
340,3,171.714285714286,401.923076923077,72.12,168.807692307692,0.05
340,4,172.225806451613,402.096774193548,72.3348387096774,168.88064516129,0.075
340,5,172.720430107527,401.967741935484,72.5425806451613,168.826451612903,0.1
340,6,172.526315789474,402.484210526316,72.4610526315789,169.043368421053,0.125
340,7,172.372340425532,402.393617021277,72.3963829787234,169.005319148936,0.15
340,8,171.381443298969,402.443298969072,71.980206185567,169.02618556701,0.175
340,9,171.520408163265,402.336734693878,72.0385714285714,168.981428571429,0.2
340,10,171.721649484536,402.319587628866,72.1230927835051,168.974226804124,0.225
340,11,171.845360824742,401.845360824742,72.1750515463918,168.775051546392,0.25
340,12,172.049019607843,402.166666666667,72.2605882352941,168.91,0.275
340,13,172.175257731959,403.010309278351,72.3136082474227,169.264329896907,0.3
340,14,172.112244897959,403.642857142857,72.2871428571429,169.53,0.325
340,15,171.887755102041,403.438775510204,72.1928571428571,169.444285714286,0.35
340,16,172.204301075269,403.52688172043,72.3258064516129,169.481290322581,0.375
340,17,172.922222222222,403.244444444444,72.6273333333333,169.362666666667,0.4
340,18,172.733333333333,403.111111111111,72.548,169.306666666667,0.425
340,19,173.158415841584,402.722772277228,72.7265346534653,169.143564356436,0.45
340,20,173.224489795918,403.387755102041,72.7542857142857,169.422857142857,0.475
341,1,174.439655172414,103.034482758621,73.2646551724138,43.2744827586207,0
341,2,180.363636363636,103.670454545455,75.7527272727273,43.5415909090909,0.025
341,3,183.025806451613,101.81935483871,76.8708387096774,42.7641290322581,0.05
341,4,180.871951219512,99.1646341463415,75.9662195121951,41.6491463414634,0.075
341,5,179.084337349398,97.5722891566265,75.215421686747,40.9803614457831,0.1
341,6,178.206106870229,93.8931297709924,74.8465648854962,39.4351145038168,0.125
341,7,175.589928057554,96.6402877697842,73.7477697841727,40.5889208633093,0.15
341,8,166.57264957265,100.589743589744,69.9605128205128,42.2476923076923,0.175
341,9,163.564885496183,98.5648854961832,68.6972519083969,41.3972519083969,0.2
341,10,161.247863247863,99.4871794871795,67.7241025641026,41.7846153846154,0.225
341,11,164.536363636364,96.2636363636364,69.1052727272727,40.4307272727273,0.25
341,12,168.833333333333,95.2826086956522,70.91,40.0186956521739,0.275
341,13,168.398550724638,92.3985507246377,70.7273913043478,38.8073913043478,0.3
341,14,170.573913043478,89.1565217391304,71.6410434782609,37.4457391304348,0.325
341,15,166.803418803419,86.1367521367521,70.0574358974359,36.1774358974359,0.35
341,16,161.126050420168,92.2436974789916,67.6729411764706,38.7423529411765,0.375
341,17,158.65873015873,96.6031746031746,66.6366666666667,40.5733333333333,0.4
341,18,154.475,94.8333333333333,64.8795,39.83,0.425
341,19,153.055555555556,95.9444444444444,64.2833333333333,40.2966666666667,0.45
341,20,149.513043478261,94.4086956521739,62.7954782608696,39.651652173913,0.475
342,1,192.503846153846,589.346153846154,80.8516153846154,247.525384615385,0
342,2,193.764150943396,590.429245283019,81.3809433962264,247.980283018868,0.025
342,3,194.986425339367,589.239819004525,81.8942986425339,247.4807239819,0.05
342,4,194.574561403509,588.320175438596,81.7213157894737,247.094473684211,0.075
342,5,195.166666666667,588.148648648649,81.97,247.022432432432,0.1
342,6,194.669444444444,579.719444444444,81.7611666666667,243.482166666667,0.125
342,7,200.816091954023,586.086206896552,84.3427586206897,246.156206896552,0.15
342,8,200.522471910112,585.640449438202,84.2194382022472,245.968988764045,0.175
342,9,201.223404255319,586.223404255319,84.513829787234,246.213829787234,0.2
342,10,200.97311827957,586.537634408602,84.4087096774194,246.345806451613,0.225
342,11,201.472222222222,584.705555555556,84.6183333333333,245.576333333333,0.25
342,12,202.994047619048,582.47619047619,85.2575,244.64,0.275
342,13,202.821229050279,582.536312849162,85.1849162011173,244.665251396648,0.3
342,14,201.422857142857,583.028571428571,84.5976,244.872,0.325
342,15,197.497487437186,573.311557788945,82.9489447236181,240.790854271357,0.35
342,16,199.759213759214,573.70515970516,83.8988697788698,240.956167076167,0.375
342,17,203.023364485981,572.761682242991,85.2698130841121,240.559906542056,0.4
342,18,204.518427518428,572.113022113022,85.8977395577396,240.287469287469,0.425
342,19,204.8,572.816129032258,86.016,240.582774193548,0.45
342,20,203.703081232493,571.221288515406,85.5552941176471,239.912941176471,0.475
343,1,203.51376146789,159.669724770642,85.4757798165138,67.0612844036697,0
343,2,206.560975609756,160.99512195122,86.7556097560976,67.6179512195122,0.025
343,3,206.238095238095,160.868131868132,86.62,67.5646153846154,0.05
343,4,202.956349206349,160.47619047619,85.2416666666667,67.4,0.075
343,5,205.478723404255,169.063829787234,86.3010638297872,71.0068085106383,0.1
343,6,202.116465863454,158.265060240964,84.8889156626506,66.4713253012048,0.125
343,7,202.611814345992,155.599156118143,85.0969620253164,65.3516455696203,0.15
343,8,208.542056074766,151.336448598131,87.5876635514019,63.5613084112149,0.175
343,9,211.915887850467,154.018691588785,89.0046728971963,64.6878504672897,0.2
343,10,212.652631578947,151.621052631579,89.3141052631579,63.6808421052632,0.225
343,11,215.0625,146.8671875,90.32625,61.68421875,0.25
343,12,213.751824817518,145.416058394161,89.7757664233577,61.0747445255474,0.275
343,13,210.294117647059,144.411764705882,88.3235294117647,60.6529411764706,0.3
343,14,211.580952380952,143.67619047619,88.864,60.344,0.325
343,15,214.369127516779,142.959731543624,90.035033557047,60.0430872483222,0.35
343,16,215.655405405405,142.912162162162,90.5752702702703,60.0231081081081,0.375
343,17,219.066666666667,144.352380952381,92.008,60.628,0.4
343,18,225.367857142857,143.996428571429,94.6545,60.4785,0.425
343,19,223.282527881041,143.654275092937,93.7786617100372,60.3347955390335,0.45
343,20,219.380281690141,137.915492957746,92.1397183098591,57.9245070422535,0.475
344,1,203.298969072165,426.010309278351,85.3855670103093,178.924329896907,0
344,2,203.673076923077,421.403846153846,85.5426923076923,176.989615384615,0.025
344,3,206.530973451327,418.778761061947,86.7430088495575,175.887079646018,0.05
344,4,208.685714285714,421.933333333333,87.648,177.212,0.075
344,5,211.765306122449,427.377551020408,88.9414285714286,179.498571428571,0.1
344,6,215.5,425.9375,90.51,178.89375,0.125
344,7,217.454545454545,423.434343434343,91.3309090909091,177.842424242424,0.15
344,8,215.125,418.829545454545,90.3525,175.908409090909,0.175
344,9,217.892561983471,416.404958677686,91.5148760330578,174.890082644628,0.2
344,10,222.775700934579,418.121495327103,93.5657943925234,175.611028037383,0.225
344,11,222.219047619048,421.571428571429,93.332,177.06,0.25
344,12,222.954954954955,423.990990990991,93.6410810810811,178.076216216216,0.275
344,13,226.147826086957,421.791304347826,94.9820869565217,177.152347826087,0.3
344,14,226.814432989691,419.092783505155,95.2620618556701,176.018969072165,0.325
344,15,226.03125,415.364583333333,94.933125,174.453125,0.35
344,16,230.471698113208,415.433962264151,96.7981132075472,174.482264150943,0.375
344,17,232.91452991453,416.42735042735,97.8241025641026,174.899487179487,0.4
344,18,232.94,420.54,97.8348,176.6268,0.425
344,19,237.144230769231,421.086538461538,99.6005769230769,176.856346153846,0.45
344,20,239.108910891089,419.108910891089,100.425742574257,176.025742574257,0.475
345,1,218.727272727273,464.477272727273,91.8654545454545,195.080454545455,0
345,2,215.929752066116,469.615702479339,90.6904958677686,197.238595041322,0.025
345,3,211.040983606557,472.762295081967,88.6372131147541,198.560163934426,0.05
345,4,208.261261261261,471.513513513513,87.4697297297297,198.035675675676,0.075
345,5,199.991379310345,472.034482758621,83.9963793103448,198.254482758621,0.1
345,6,197.240384615385,467.75,82.8409615384615,196.455,0.125
345,7,203.875,461.908333333333,85.6275,194.0015,0.15
345,8,204.679389312977,452.81679389313,85.9653435114504,190.183053435115,0.175
345,9,200.708333333333,450.513888888889,84.2975,189.215833333333,0.2
345,10,198.56880733945,446.587155963303,83.3988990825688,187.566605504587,0.225
345,11,194.056910569106,453.219512195122,81.5039024390244,190.352195121951,0.25
345,12,190.045112781955,460.165413533835,79.818947368421,193.269473684211,0.275
345,13,184.613793103448,456.71724137931,77.5377931034483,191.82124137931,0.3
345,14,184.051851851852,456.214814814815,77.3017777777778,191.610222222222,0.325
345,15,181.033898305085,454.669491525424,76.0342372881356,190.961186440678,0.35
345,16,188.109243697479,449.46218487395,79.0058823529412,188.774117647059,0.375
345,17,196,444.96694214876,82.32,186.886115702479,0.4
345,18,192.909722222222,436.027777777778,81.0220833333333,183.131666666667,0.425
345,19,189.369127516779,434.456375838926,79.535033557047,182.471677852349,0.45
345,20,187.651376146789,431.733944954128,78.8135779816514,181.328256880734,0.475
346,1,220.310650887574,230.452662721893,92.5304733727811,96.7901183431953,0
346,2,220.854489164087,227.588235294118,92.7588854489164,95.5870588235294,0.025
346,3,219.400584795322,223.783625730994,92.1482456140351,93.9891228070175,0.05
346,4,216.918781725888,230.355329949239,91.1058883248731,96.7492385786802,0.075
346,5,216.947867298578,232.383886255924,91.1181042654028,97.6012322274882,0.1
346,6,218.256038647343,234.676328502415,91.6675362318841,98.5640579710145,0.125
346,7,217.400966183575,235.642512077295,91.3084057971014,98.9698550724638,0.15
346,8,217.051643192488,236.835680751174,91.1616901408451,99.4709859154929,0.175
346,9,214.890909090909,238.072727272727,90.2541818181818,99.9905454545454,0.2
346,10,213.55,238.536363636364,89.691,100.185272727273,0.225
346,11,215.156097560976,235.141463414634,90.3655609756098,98.7594146341463,0.25
346,12,215.1875,233.845833333333,90.37875,98.21525,0.275
346,13,213.852173913043,233.85652173913,89.8179130434783,98.2197391304348,0.3
346,14,214.093333333333,235.782222222222,89.9192,99.0285333333333,0.325
346,15,214.414937759336,235.182572614108,90.0542738589212,98.7766804979253,0.35
346,16,213.299145299145,235.615384615385,89.585641025641,98.9584615384615,0.375
346,17,212.891509433962,239.240566037736,89.4144339622641,100.481037735849,0.4
346,18,212.058295964126,240.713004484305,89.0644843049327,101.099461883408,0.425
346,19,210.495238095238,240.914285714286,88.408,101.184,0.45
346,20,210.40990990991,241.900900900901,88.3721621621622,101.598378378378,0.475
347,1,219.327586206897,641.586206896552,92.1175862068965,269.466206896552,0
347,2,228.605263157895,638.964912280702,96.0142105263158,268.365263157895,0.025
347,3,234.746153846154,639.261538461538,98.5933846153846,268.489846153846,0.05
347,4,237.532846715328,636.963503649635,99.763795620438,267.524671532847,0.075
347,5,239.25,634.325757575758,100.485,266.416818181818,0.1
347,6,234.778947368421,627.968421052632,98.6071578947368,263.746736842105,0.125
347,7,235.765217391304,627.208695652174,99.0213913043478,263.427652173913,0.15
347,8,240.827067669173,629.285714285714,101.147368421053,264.3,0.175
347,9,239.168,624.544,100.45056,262.30848,0.2
347,10,240.284671532847,621.875912408759,100.919562043796,261.187883211679,0.225
347,11,239.298507462687,620.940298507463,100.505373134328,260.794925373134,0.25
347,12,242.341463414634,623.170731707317,101.783414634146,261.731707317073,0.275
347,13,245.652892561983,622.644628099174,103.174214876033,261.510743801653,0.3
347,14,244.771929824561,616.982456140351,102.804210526316,259.132631578947,0.325
347,15,249.169154228856,614.751243781095,104.651044776119,258.19552238806,0.35
347,16,248.348258706468,615.388059701493,104.306268656716,258.462985074627,0.375
347,17,256.1328125,614.796875,107.57578125,258.2146875,0.4
347,18,254.306034482759,613.439655172414,106.808534482759,257.644655172414,0.425
347,19,246.63025210084,609.302521008403,103.584705882353,255.907058823529,0.45
347,20,253.630952380952,610.869047619048,106.525,256.565,0.475
348,1,245.739130434783,678.248447204969,103.210434782609,284.864347826087,0
348,2,240.672727272727,677.660606060606,101.082545454545,284.617454545455,0.025
348,3,237.702127659574,684.460992907801,99.8348936170213,287.473617021277,0.05
348,4,237.375,689.097222222222,99.6975,289.420833333333,0.075
348,5,244.9,688.723076923077,102.858,289.263692307692,0.1
348,6,250.623853211009,691.321100917431,105.262018348624,290.354862385321,0.125
348,7,254.370689655172,694.224137931035,106.835689655172,291.574137931034,0.15
348,8,253.25,697.035714285714,106.365,292.755,0.175
348,9,247.884848484848,697.345454545455,104.111636363636,292.885090909091,0.2
348,10,244.151079136691,699.294964028777,102.54345323741,293.703884892086,0.225
348,11,240.152866242038,703.649681528662,100.864203821656,295.532866242038,0.25
348,12,246.309963099631,713.50184501845,103.450184501845,299.670774907749,0.275
348,13,247.606060606061,705.204545454545,103.994545454545,296.185909090909,0.3
348,14,252.058823529412,710.285714285714,105.864705882353,298.32,0.325
348,15,252.974576271186,718.330508474576,106.249322033898,301.698813559322,0.35
348,16,249.509523809524,718.828571428571,104.794,301.908,0.375
348,17,245.643835616438,714.184931506849,103.170410958904,299.957671232877,0.4
348,18,240.962264150943,717.232704402516,101.204150943396,301.237735849057,0.425
348,19,238.061643835616,721.952054794521,99.9858904109589,303.219863013699,0.45
348,20,241.253846153846,722.607692307692,101.326615384615,303.495230769231,0.475
349,1,247.37037037037,83.5978835978836,103.895555555556,35.1111111111111,0
349,2,247.843971631206,80.8652482269504,104.094468085106,33.9634042553191,0.025
349,3,243.389261744966,80.6241610738255,102.223489932886,33.8621476510067,0.05
349,4,243.702127659574,79.6524822695036,102.354893617021,33.4540425531915,0.075
349,5,242.344827586207,75.7931034482759,101.784827586207,31.8331034482759,0.1
349,6,241.871794871795,76.1666666666667,101.586153846154,31.99,0.125
349,7,242.140939597315,76.255033557047,101.699194630872,32.0271140939597,0.15
349,8,237.936305732484,77.515923566879,99.9332484076433,32.5566878980892,0.175
349,9,239.52808988764,75.2022471910112,100.601797752809,31.5849438202247,0.2
349,10,242.929032258065,72.1870967741935,102.030193548387,30.3185806451613,0.225
349,11,243.965217391304,68.3652173913043,102.465391304348,28.7133913043478,0.25
349,12,246.712574850299,60.5089820359281,103.619281437126,25.4137724550898,0.275
349,13,247.256281407035,58.9346733668342,103.847638190955,24.7525628140703,0.3
349,14,242.084656084656,58.0529100529101,101.675555555556,24.3822222222222,0.325
349,15,239.118226600985,55.8029556650246,100.429655172414,23.4372413793103,0.35
349,16,237.701219512195,55.0975609756098,99.8345121951219,23.1409756097561,0.375
349,17,234.848101265823,53.746835443038,98.6362025316456,22.5736708860759,0.4
349,18,236.773684210526,50.9684210526316,99.4449473684211,21.4067368421053,0.425
349,19,237.320574162679,50.688995215311,99.6746411483254,21.2893779904306,0.45
349,20,237.758793969849,46.5276381909548,99.8586934673367,19.541608040201,0.475
350,1,257.551470588235,243,108.171617647059,102.06,0
350,2,254.572327044025,244.503144654088,106.920377358491,102.691320754717,0.025
350,3,252.016,243.536,105.84672,102.28512,0.05
350,4,249.09,247.52,104.6178,103.9584,0.075
350,5,255.904761904762,248.97619047619,107.48,104.57,0.1
350,6,263.401459854015,247.569343065693,110.628613138686,103.979124087591,0.125
350,7,263.522727272727,248.659090909091,110.679545454545,104.436818181818,0.15
350,8,256.207407407407,252.333333333333,107.607111111111,105.98,0.175
350,9,256.883720930233,250.959302325581,107.891162790698,105.402906976744,0.2
350,10,257.251428571429,254.491428571429,108.0456,106.8864,0.225
350,11,253.907284768212,253.649006622517,106.641059602649,106.532582781457,0.25
350,12,254.278195488722,256.556390977444,106.796842105263,107.753684210526,0.275
350,13,259.456953642384,258.860927152318,108.971920529801,108.721589403973,0.3
350,14,260.159090909091,263.287878787879,109.266818181818,110.580909090909,0.325
350,15,255.985815602837,261.113475177305,107.514042553191,109.667659574468,0.35
350,16,253.311258278146,258.609271523179,106.390728476821,108.615894039735,0.375
350,17,250.686813186813,261.285714285714,105.288461538462,109.74,0.4
350,18,248.652482269504,259.978723404255,104.434042553191,109.191063829787,0.425
350,19,245.811965811966,261.991452991453,103.241025641026,110.03641025641,0.45
350,20,251.609375,262.9921875,105.6759375,110.45671875,0.475
351,1,262.283185840708,166.194690265487,110.158938053097,69.8017699115044,0
351,2,256.872727272727,174.609090909091,107.886545454545,73.3358181818182,0.025
351,3,257.515789473684,179.242105263158,108.156631578947,75.2816842105263,0.05
351,4,264.871794871795,180.264957264957,111.246153846154,75.7112820512821,0.075
351,5,269.138613861386,180.633663366337,113.038217821782,75.8661386138614,0.1
351,6,279.051546391753,171.742268041237,117.201649484536,72.1317525773196,0.125
351,7,282.737704918033,165.606557377049,118.749836065574,69.5547540983606,0.15
351,8,284.982905982906,165.213675213675,119.692820512821,69.3897435897436,0.175
351,9,286.491379310345,170.215517241379,120.326379310345,71.4905172413793,0.2
351,10,279.965517241379,179.275862068966,117.585517241379,75.2958620689655,0.225
351,11,282.428571428571,183.504201680672,118.62,77.0717647058824,0.25
351,12,286.203389830508,185.567796610169,120.205423728814,77.9384745762712,0.275
351,13,288.581196581197,186.598290598291,121.204102564103,78.3712820512821,0.3
351,14,295.146666666667,179.053333333333,123.9616,75.2024,0.325
351,15,301.641666666667,178.583333333333,126.6895,75.005,0.35
351,16,302.10071942446,177.697841726619,126.882302158273,74.6330935251798,0.375
351,17,301.966386554622,189.52380952381,126.825882352941,79.6,0.4
351,18,300.586516853933,198.941573033708,126.246337078652,83.5554606741573,0.425
351,19,302.040740740741,196.812962962963,126.857111111111,82.6614444444444,0.45
351,20,301.990740740741,195.683333333333,126.836111111111,82.187,0.475
352,1,262.292452830189,303.471698113208,110.162830188679,127.458113207547,0
352,2,255.851239669421,304.338842975207,107.457520661157,127.822314049587,0.025
352,3,250.50495049505,307.178217821782,105.212079207921,129.014851485149,0.05
352,4,249.825242718447,310.067961165049,104.926601941748,130.22854368932,0.075
352,5,248.555555555556,305.796296296296,104.393333333333,128.434444444444,0.1
352,6,243.566929133858,304.755905511811,102.29811023622,127.997480314961,0.125
352,7,240.435897435897,305.025641025641,100.983076923077,128.110769230769,0.15
352,8,237.918918918919,305.693693693694,99.9259459459459,128.391351351351,0.175
352,9,234.08904109589,300.493150684931,98.317397260274,126.207123287671,0.2
352,10,230.495652173913,303.617391304348,96.8081739130435,127.519304347826,0.225
352,11,230.27358490566,305.943396226415,96.7149056603774,128.496226415094,0.25
352,12,227.59595959596,304.666666666667,95.590303030303,127.96,0.275
352,13,223.777777777778,304.65873015873,93.9866666666667,127.956666666667,0.3
352,14,222.116666666667,305.416666666667,93.289,128.275,0.325
352,15,220.495145631068,306.330097087379,92.6079611650486,128.658640776699,0.35
352,16,219.495495495496,303.234234234234,92.1881081081081,127.358378378378,0.375
352,17,215.492424242424,303.409090909091,90.5068181818182,127.431818181818,0.4
352,18,215.044247787611,303.150442477876,90.3185840707965,127.323185840708,0.425
352,19,213.578947368421,303.385964912281,89.7031578947368,127.422105263158,0.45
352,20,209.44347826087,302.417391304348,87.9662608695652,127.015304347826,0.475
353,1,266.238095238095,463.628571428571,111.82,194.724,0
353,2,262.035971223022,464.05035971223,110.055107913669,194.901151079137,0.025
353,3,260.429752066116,468.537190082645,109.380495867769,196.785619834711,0.05
353,4,260.27358490566,469.509433962264,109.314905660377,197.193962264151,0.075
353,5,264.864864864865,471.243243243243,111.243243243243,197.922162162162,0.1
353,6,265.785123966942,474.04132231405,111.629752066116,199.097355371901,0.125
353,7,261.642857142857,475.865079365079,109.89,199.863333333333,0.15
353,8,257.941666666667,476.683333333333,108.3355,200.207,0.175
353,9,256.511627906977,479.488372093023,107.73488372093,201.38511627907,0.2
353,10,257.662576687117,483.662576687117,108.218282208589,203.138282208589,0.225
353,11,255.511450381679,483.534351145038,107.314809160305,203.084427480916,0.25
353,12,252.675,484.916666666667,106.1235,203.665,0.275
353,13,252.509433962264,489.207547169811,106.053962264151,205.467169811321,0.3
353,14,256.377192982456,491.736842105263,107.678421052632,206.529473684211,0.325
353,15,256.014705882353,494.875,107.526176470588,207.8475,0.35
353,16,252.641221374046,496.748091603053,106.109312977099,208.634198473282,0.375
353,17,254.905982905983,498.273504273504,107.060512820513,209.274871794872,0.4
353,18,255.336134453782,502.109243697479,107.241176470588,210.885882352941,0.425
353,19,258.016129032258,504.370967741935,108.366774193548,211.835806451613,0.45
353,20,253.920289855072,504.710144927536,106.64652173913,211.978260869565,0.475
354,1,286.558558558559,2.91891891891892,120.354594594595,1.22594594594595,0
354,2,298.787162162162,7.26013513513514,125.490608108108,3.04925675675676,0.025
354,3,297.457516339869,7.9281045751634,124.932156862745,3.32980392156863,0.05
354,4,296.943894389439,7.22112211221122,124.716435643564,3.03287128712871,0.075
354,5,296.564885496183,6.97709923664122,124.557251908397,2.93038167938931,0.1
354,6,297.34328358209,7.80597014925373,124.884179104478,3.27850746268657,0.125
354,7,297.973451327434,7.62389380530973,125.148849557522,3.20203539823009,0.15
354,8,300.463414634146,8.85853658536585,126.194634146341,3.72058536585366,0.175
354,9,298.71974522293,13.0828025477707,125.462292993631,5.49477707006369,0.2
354,10,296.480446927374,13.1061452513966,124.521787709497,5.50458100558659,0.225
354,11,295.192307692308,13.8186813186813,123.980769230769,5.80384615384615,0.25
354,12,291.993243243243,15.1216216216216,122.637162162162,6.35108108108108,0.275
354,13,292.41059602649,15.5761589403974,122.812450331126,6.54198675496689,0.3
354,14,292.034246575342,16.1301369863014,122.654383561644,6.77465753424658,0.325
354,15,289.466666666667,16.1555555555556,121.576,6.78533333333333,0.35
354,16,289.241379310345,17.7655172413793,121.481379310345,7.46151724137931,0.375
354,17,289.012738853503,20.2866242038217,121.385350318471,8.5203821656051,0.4
354,18,287.031847133758,21.3375796178344,120.553375796178,8.96178343949044,0.425
354,19,285.562913907285,20.3311258278146,119.93642384106,8.53907284768212,0.45
354,20,285.65243902439,21.5487804878049,119.974024390244,9.05048780487805,0.475
355,1,277.301204819277,375.596385542169,116.466506024096,157.750481927711,0
355,2,271.704918032787,374.467213114754,114.11606557377,157.276229508197,0.025
355,3,271.51724137931,377.441379310345,114.03724137931,158.525379310345,0.05
355,4,269.187050359712,378.460431654676,113.058561151079,158.953381294964,0.075
355,5,264.552941176471,378.370588235294,111.112235294118,158.915647058824,0.1
355,6,262.048951048951,377.370629370629,110.060559440559,158.495664335664,0.125
355,7,264.74358974359,380.673076923077,111.192307692308,159.882692307692,0.15
355,8,266.814207650273,387.021857923497,112.061967213115,162.549180327869,0.175
355,9,265.453038674033,390.28729281768,111.490276243094,163.920662983425,0.2
355,10,262.726618705036,388.460431654676,110.345179856115,163.153381294964,0.225
355,11,256.272727272727,388.113636363636,107.634545454545,163.007727272727,0.25
355,12,253.745856353591,390.790055248619,106.573259668508,164.13182320442,0.275
355,13,259.398148148148,397.722222222222,108.947222222222,167.043333333333,0.3
355,14,260.095588235294,402.389705882353,109.240147058824,169.003676470588,0.325
355,15,257.198675496689,402.913907284768,108.023443708609,169.223841059603,0.35
355,16,250.428571428571,402.580952380952,105.18,169.084,0.375
355,17,249.789115646258,408.142857142857,104.911428571429,171.42,0.4
355,18,250.603053435115,409.572519083969,105.253282442748,172.020458015267,0.425
355,19,255.099173553719,410.04132231405,107.141652892562,172.217355371901,0.45
355,20,254.786885245902,412.524590163934,107.010491803279,173.260327868852,0.475
356,1,277.828025477707,655.114649681529,116.687770700637,275.148152866242,0
356,2,277.905063291139,654.012658227848,116.720126582278,274.685316455696,0.025
356,3,280.521472392638,652.490797546012,117.819018404908,274.046134969325,0.05
356,4,288.237726098191,639.343669250646,121.05984496124,268.524341085271,0.075
356,5,291.560606060606,627.565656565657,122.455454545455,263.577575757576,0.1
356,6,290.928571428571,626.6,122.19,263.172,0.125
356,7,287.426966292135,626.005617977528,120.719325842697,262.922359550562,0.15
356,8,284.918032786885,623.234972677596,119.665573770492,261.75868852459,0.175
356,9,283.979381443299,619.639175257732,119.271340206186,260.248453608247,0.2
356,10,283.221238938053,617.030973451327,118.952920353982,259.153008849558,0.225
356,11,280.822314049587,612.165289256198,117.945371900826,257.109421487603,0.25
356,12,279.975806451613,611.181451612903,117.589838709677,256.696209677419,0.275
356,13,278.731060606061,612.761363636364,117.067045454545,257.359772727273,0.3
356,14,280.176229508197,614.401639344262,117.674016393443,258.04868852459,0.325
356,15,285.693069306931,620.524752475248,119.991089108911,260.620396039604,0.35
356,16,277.875502008032,614.244979919679,116.707710843373,257.982891566265,0.375
356,17,281.947368421053,611.254385964912,118.417894736842,256.726842105263,0.4
356,18,281.82,610.91,118.3644,256.5822,0.425
356,19,284.208333333333,610.197916666667,119.3675,256.283125,0.45
356,20,285.990196078431,609.166666666667,120.115882352941,255.85,0.475
357,1,282.647887323944,38.0985915492958,118.712112676056,16.0014084507042,0
357,2,282.546666666667,37.7866666666667,118.6696,15.8704,0.025
357,3,281.851351351351,37.9594594594595,118.377567567568,15.942972972973,0.05
357,4,281.263888888889,37.9861111111111,118.130833333333,15.9541666666667,0.075
357,5,281.513157894737,38.1184210526316,118.235526315789,16.0097368421053,0.1
357,6,281.76,38.1333333333333,118.3392,16.016,0.125
357,7,281.962025316456,37.6582278481013,118.424050632911,15.8164556962025,0.15
357,8,281.858974358974,38.1538461538462,118.380769230769,16.0246153846154,0.175
357,9,281.973684210526,38.0921052631579,118.428947368421,15.9986842105263,0.2
357,10,281.973684210526,38.0921052631579,118.428947368421,15.9986842105263,0.225
357,11,281.973684210526,38.0921052631579,118.428947368421,15.9986842105263,0.25
357,12,281.486486486487,38.0405405405405,118.224324324324,15.977027027027,0.275
357,13,281.821917808219,38.0684931506849,118.365205479452,15.9887671232877,0.3
357,14,281.84,38.1333333333333,118.3728,16.016,0.325
357,15,281.783783783784,38.1756756756757,118.349189189189,16.0337837837838,0.35
357,16,281.783783783784,38.1756756756757,118.349189189189,16.0337837837838,0.375
357,17,281.32,38.0666666666667,118.1544,15.988,0.4
357,18,281.32,38.0666666666667,118.1544,15.988,0.425
357,19,281.086419753086,37.5308641975309,118.056296296296,15.762962962963,0.45
357,20,281.20253164557,38.1645569620253,118.105063291139,16.0291139240506,0.475
358,1,288.946153846154,559.815384615385,121.357384615385,235.122461538462,0
358,2,289.826388888889,559.229166666667,121.727083333333,234.87625,0.025
358,3,288.888888888889,559.866666666667,121.333333333333,235.144,0.05
358,4,288.75,559.856060606061,121.275,235.139545454545,0.075
358,5,288.822222222222,559.266666666667,121.305333333333,234.892,0.1
358,6,288.352459016393,559.770491803279,121.108032786885,235.103606557377,0.125
358,7,289.02380952381,560.007936507937,121.39,235.203333333333,0.15
358,8,289.1640625,559.9453125,121.44890625,235.17703125,0.175
358,9,289.04,559.712,121.3968,235.07904,0.2
358,10,289,559.66935483871,121.38,235.061129032258,0.225
358,11,289.462121212121,559.598484848485,121.574090909091,235.031363636364,0.25
358,12,289.866666666667,559.392592592593,121.744,234.944888888889,0.275
358,13,289.868613138686,559.613138686131,121.744817518248,235.037518248175,0.3
358,14,289.597122302158,559.712230215827,121.630791366906,235.079136690647,0.325
358,15,289.744680851064,559.702127659574,121.692765957447,235.074893617021,0.35
358,16,290.523178807947,558.490066225166,122.019735099338,234.56582781457,0.375
358,17,290.689655172414,558.420689655172,122.089655172414,234.536689655172,0.4
358,18,290.549668874172,558.086092715232,122.030860927152,234.396158940397,0.425
358,19,290.544871794872,557.391025641026,122.028846153846,234.104230769231,0.45
358,20,290,557.324840764331,121.8,234.076433121019,0.475
359,1,292.448717948718,85.3717948717949,122.828461538462,35.8561538461538,0
359,2,292.159090909091,88.6136363636364,122.706818181818,37.2177272727273,0.025
359,3,296.849315068493,92.4109589041096,124.676712328767,38.812602739726,0.05
359,4,296.272727272727,91.3484848484848,124.434545454545,38.3663636363636,0.075
359,5,298.698412698413,95.4761904761905,125.453333333333,40.1,0.1
359,6,295.484848484848,95.030303030303,124.103636363636,39.9127272727273,0.125
359,7,290.107692307692,93.1076923076923,121.845230769231,39.1052307692308,0.15
359,8,288.222222222222,94.5079365079365,121.053333333333,39.6933333333333,0.175
359,9,288.060606060606,92.6666666666667,120.985454545455,38.92,0.2
359,10,289.349206349206,92.5396825396825,121.526666666667,38.8666666666667,0.225
359,11,291.791044776119,91.8059701492537,122.55223880597,38.5585074626866,0.25
359,12,292.723076923077,91.4461538461538,122.943692307692,38.4073846153846,0.275
359,13,295.532258064516,90.1612903225806,124.123548387097,37.8677419354839,0.3
359,14,295.089552238806,93.0597014925373,123.937611940299,39.0850746268657,0.325
359,15,293.625,95.5277777777778,123.3225,40.1216666666667,0.35
359,16,293.957142857143,96.2571428571429,123.462,40.428,0.375
359,17,293.242857142857,96.2428571428571,123.162,40.422,0.4
359,18,293.3,94.5428571428571,123.186,39.708,0.425
359,19,293.930555555556,94.3055555555556,123.450833333333,39.6083333333333,0.45
359,20,294.591549295775,94.1267605633803,123.728450704225,39.5332394366197,0.475
360,1,295.9625,424.4625,124.30425,178.27425,0
360,2,296.318181818182,426.613636363636,124.453636363636,179.177727272727,0.025
360,3,294.621951219512,425,123.741219512195,178.5,0.05
360,4,291.197183098592,425.112676056338,122.302816901408,178.547323943662,0.075
360,5,290.063291139241,426.683544303797,121.826582278481,179.207088607595,0.1
360,6,288.934782608696,427.195652173913,121.352608695652,179.422173913043,0.125
360,7,286.36170212766,426.382978723404,120.271914893617,179.08085106383,0.15
360,8,285.842105263158,427.2,120.053684210526,179.424,0.175
360,9,284.975,428.125,119.6895,179.8125,0.2
360,10,281.5,428.0375,118.23,179.77575,0.225
360,11,282.186666666667,428.52,118.5184,179.9784,0.25
360,12,283.093023255814,430.093023255814,118.899069767442,180.639069767442,0.275
360,13,280.172839506173,429.148148148148,117.672592592593,180.242222222222,0.3
360,14,277.2,430.1,116.424,180.642,0.325
360,15,277.597701149425,431.459770114943,116.591034482759,181.213103448276,0.35
360,16,277.518072289157,432.240963855422,116.557590361446,181.541204819277,0.375
360,17,273.546666666667,430.906666666667,114.8896,180.9808,0.4
360,18,270.842105263158,433.482456140351,113.753684210526,182.062631578947,0.425
360,19,271.700934579439,434.457943925234,114.114392523364,182.472336448598,0.45
360,20,270.239583333333,433.96875,113.500625,182.266875,0.475
361,1,309.447368421053,349.350877192982,129.967894736842,146.727368421053,0
361,2,309.125,348.830357142857,129.8325,146.50875,0.025
361,3,309.092592592593,348.972222222222,129.818888888889,146.568333333333,0.05
361,4,308.617647058824,348.637254901961,129.619411764706,146.427647058824,0.075
361,5,309.48,349.55,129.9816,146.811,0.1
361,6,308.807339449541,349.532110091743,129.699082568807,146.803486238532,0.125
361,7,308.340206185567,350.154639175258,129.502886597938,147.064948453608,0.15
361,8,307.30303030303,351.030303030303,129.067272727273,147.432727272727,0.175
361,9,306.757009345794,351.308411214953,128.837943925234,147.54953271028,0.2
361,10,307.275229357798,350.743119266055,129.055596330275,147.312110091743,0.225
361,11,308.852459016393,350.770491803279,129.718032786885,147.323606557377,0.25
361,12,308.766423357664,352.423357664234,129.681897810219,148.017810218978,0.275
361,13,308.931297709924,351.870229007634,129.751145038168,147.785496183206,0.3
361,14,308.504504504504,353.153153153153,129.571891891892,148.324324324324,0.325
361,15,308.045871559633,353.954128440367,129.379266055046,148.660733944954,0.35
361,16,307.934959349593,353.49593495935,129.332682926829,148.468292682927,0.375
361,17,308.609929078014,354.099290780142,129.616170212766,148.72170212766,0.4
361,18,307.976744186047,354.658914728682,129.35023255814,148.956744186047,0.425
361,19,307.655462184874,355.294117647059,129.215294117647,149.223529411765,0.45
361,20,307.613445378151,355.453781512605,129.197647058824,149.290588235294,0.475
362,1,315.364285714286,705.478571428571,132.453,296.301,0
362,2,315.565217391304,704.942028985507,132.537391304348,296.075652173913,0.025
362,3,313.139344262295,704.081967213115,131.518524590164,295.714426229508,0.05
362,4,314.925170068027,703.836734693878,132.268571428571,295.611428571429,0.075
362,5,316.35,699.5375,132.867,293.80575,0.1
362,6,319.414814814815,697.014814814815,134.154222222222,292.746222222222,0.125
362,7,317.630434782609,695.079710144928,133.404782608696,291.93347826087,0.15
362,8,316.490445859873,692.738853503185,132.925987261147,290.950318471338,0.175
362,9,312.628318584071,693.495575221239,131.30389380531,291.26814159292,0.2
362,10,308.485714285714,693.428571428571,129.564,291.24,0.225
362,11,309.263157894737,692.532894736842,129.890526315789,290.863815789474,0.25
362,12,307.452054794521,693.095890410959,129.129863013699,291.100273972603,0.275
362,13,310.608,691.848,130.45536,290.57616,0.3
362,14,309.267515923567,687.917197452229,129.892356687898,288.925222929936,0.325
362,15,310.642335766423,689.240875912409,130.469781021898,289.481167883212,0.35
362,16,306.351063829787,687.425531914894,128.667446808511,288.718723404255,0.375
362,17,300.769841269841,688.912698412698,126.323333333333,289.343333333333,0.4
362,18,298.277372262774,690.306569343066,125.276496350365,289.928759124088,0.425
362,19,296.448275862069,693.120689655172,124.508275862069,291.110689655172,0.45
362,20,295.701754385965,689.394736842105,124.194736842105,289.545789473684,0.475
363,1,318.974860335196,277.969273743017,133.969441340782,116.747094972067,0
363,2,323.642857142857,285.934523809524,135.93,120.0925,0.025
363,3,325.166666666667,288.604166666667,136.57,121.21375,0.05
363,4,333.4,287.125925925926,140.028,120.592888888889,0.075
363,5,334.452229299363,291.350318471338,140.469936305732,122.367133757962,0.1
363,6,331.15873015873,295.529100529101,139.086666666667,124.122222222222,0.125
363,7,332.194444444444,296.861111111111,139.521666666667,124.681666666667,0.15
363,8,327.097014925373,297.358208955224,137.380746268657,124.890447761194,0.175
363,9,329.388059701493,296.626865671642,138.342985074627,124.58328358209,0.2
363,10,334.788571428571,295.805714285714,140.6112,124.2384,0.225
363,11,334.953757225434,294.578034682081,140.680578034682,123.722774566474,0.25
363,12,331.202898550725,297.115942028986,139.105217391304,124.788695652174,0.275
363,13,331.850299401198,300.053892215569,139.377125748503,126.022634730539,0.3
363,14,329.081632653061,306.863945578231,138.214285714286,128.882857142857,0.325
363,15,328.206703910615,312.033519553073,137.846815642458,131.05407821229,0.35
363,16,330.333333333333,315.083333333333,138.74,132.335,0.375
363,17,332.368421052632,320.611842105263,139.594736842105,134.656973684211,0.4
363,18,337.744047619048,323.047619047619,141.8525,135.68,0.425
363,19,334.472972972973,325.560810810811,140.478648648649,136.735540540541,0.45
363,20,332.1,321.74,139.482,135.1308,0.475
364,1,316.336734693878,629.326530612245,132.861428571429,264.317142857143,0
364,2,314.895238095238,628.371428571429,132.256,263.916,0.025
364,3,315.216216216216,627.765765765766,132.390810810811,263.661621621622,0.05
364,4,316.22131147541,626.77868852459,132.812950819672,263.247049180328,0.075
364,5,317.333333333333,626.145299145299,133.28,262.981025641026,0.1
364,6,316.33606557377,625.008196721311,132.861147540984,262.503442622951,0.125
364,7,317.537878787879,625.401515151515,133.365909090909,262.668636363636,0.15
364,8,318.218045112782,628.075187969925,133.651578947368,263.791578947368,0.175
364,9,319.119718309859,629.598591549296,134.030281690141,264.431408450704,0.2
364,10,323.883211678832,628.299270072993,136.030948905109,263.885693430657,0.225
364,11,321.717171717172,627.50505050505,135.121212121212,263.552121212121,0.25
364,12,323.67619047619,630.447619047619,135.944,264.788,0.275
364,13,323.528735632184,630.597701149425,135.882068965517,264.851034482759,0.3
364,14,319.728571428571,624.842857142857,134.286,262.434,0.325
364,15,316.535714285714,624.821428571429,132.945,262.425,0.35
364,16,316.367346938775,622.081632653061,132.874285714286,261.274285714286,0.375
364,17,317,621.137254901961,133.14,260.877647058824,0.4
364,18,316.40625,621.104166666667,132.890625,260.86375,0.425
364,19,316.494623655914,621.064516129032,132.927741935484,260.847096774194,0.45
364,20,316.878787878788,620.818181818182,133.089090909091,260.743636363636,0.475
365,1,330.067669172932,541.669172932331,138.628421052632,227.501052631579,0
365,2,330.459854014599,541.824817518248,138.793138686131,227.566423357664,0.025
365,3,330.233082706767,541.571428571429,138.697894736842,227.46,0.05
365,4,330.55223880597,541.761194029851,138.831940298507,227.539701492537,0.075
365,5,329.70802919708,542.240875912409,138.477372262774,227.741167883212,0.1
365,6,330.519379844961,542.06976744186,138.818139534884,227.669302325581,0.125
365,7,330.446808510638,542.163120567376,138.787659574468,227.708510638298,0.15
365,8,330.342857142857,542.207142857143,138.744,227.727,0.175
365,9,330.415492957746,541.992957746479,138.774507042254,227.637042253521,0.2
365,10,329.951724137931,542.027586206897,138.579724137931,227.651586206897,0.225
365,11,330.127659574468,542.503546099291,138.653617021277,227.851489361702,0.25
365,12,330.408759124088,542.912408759124,138.771678832117,228.023211678832,0.275
365,13,330.697986577181,543.114093959732,138.893154362416,228.107919463087,0.3
365,14,331.236486486487,543.905405405405,139.119324324324,228.44027027027,0.325
365,15,330.953947368421,542.782894736842,139.000657894737,227.968815789474,0.35
365,16,330.448979591837,542.823129251701,138.788571428571,227.985714285714,0.375
365,17,330.251655629139,542.788079470199,138.705695364238,227.970993377483,0.4
365,18,330.367346938775,542.904761904762,138.754285714286,228.02,0.425
365,19,330.788732394366,543.218309859155,138.931267605634,228.151690140845,0.45
365,20,330.757142857143,543.221428571429,138.918,228.153,0.475
366,1,335.705035971223,175.697841726619,140.996115107914,73.7930935251798,0
366,2,336.592592592593,173.740740740741,141.368888888889,72.9711111111111,0.025
366,3,336.424460431655,172.179856115108,141.298273381295,72.3155395683453,0.05
366,4,336.314285714286,171.242857142857,141.252,71.922,0.075
366,5,335.66,172.833333333333,140.9772,72.59,0.1
366,6,335.39552238806,171.925373134328,140.866119402985,72.2086567164179,0.125
366,7,335.631578947368,172.270676691729,140.965263157895,72.3536842105263,0.15
366,8,335.746031746032,172.357142857143,141.013333333333,72.39,0.175
366,9,335.267716535433,172.551181102362,140.812440944882,72.4714960629921,0.2
366,10,336.603174603175,174.238095238095,141.373333333333,73.18,0.225
366,11,337.097222222222,174.9375,141.580833333333,73.47375,0.25
366,12,335.167883211679,176.503649635037,140.770510948905,74.1315328467153,0.275
366,13,336.262773722628,176.175182481752,141.230364963504,73.9935766423358,0.3
366,14,336.584507042254,174.93661971831,141.365492957746,73.4733802816901,0.325
366,15,336.014285714286,173.914285714286,141.126,73.044,0.35
366,16,336.09375,175.375,141.159375,73.6575,0.375
366,17,335.419847328244,175.419847328244,140.876335877863,73.6763358778626,0.4
366,18,334.465648854962,177.297709923664,140.475572519084,74.4650381679389,0.425
366,19,334.778571428571,177.2,140.607,74.424,0.45
366,20,333.958333333333,176.868055555556,140.2625,74.2845833333333,0.475
367,1,333.414285714286,356.857142857143,140.034,149.88,0
367,2,333.253521126761,356.577464788732,139.966478873239,149.762535211268,0.025
367,3,332.985294117647,356.602941176471,139.853823529412,149.773235294118,0.05
367,4,333.236111111111,357.152777777778,139.959166666667,150.004166666667,0.075
367,5,333.567567567568,357.310810810811,140.098378378378,150.070540540541,0.1
367,6,333.753424657534,357.397260273973,140.176438356164,150.106849315069,0.125
367,7,333.837837837838,357.486486486487,140.211891891892,150.144324324324,0.15
367,8,334.013157894737,357.960526315789,140.285526315789,150.343421052632,0.175
367,9,332.974025974026,357.857142857143,139.849090909091,150.3,0.2
367,10,333.810810810811,357.310810810811,140.200540540541,150.070540540541,0.225
367,11,334.222222222222,357.319444444444,140.373333333333,150.074166666667,0.25
367,12,335.28,357.6,140.8176,150.192,0.275
367,13,335.364705882353,356.647058823529,140.853176470588,149.791764705882,0.3
367,14,335.128571428571,356.914285714286,140.754,149.904,0.325
367,15,335.430555555556,356.583333333333,140.880833333333,149.765,0.35
367,16,336.027397260274,356.739726027397,141.131506849315,149.830684931507,0.375
367,17,337.41095890411,356.972602739726,141.712602739726,149.928493150685,0.4
367,18,338.028985507246,357.260869565217,141.972173913043,150.049565217391,0.425
367,19,337.557142857143,356.642857142857,141.774,149.79,0.45
367,20,337.697368421053,356.605263157895,141.832894736842,149.774210526316,0.475
368,1,352.89603960396,437.465346534653,148.216336633663,183.735445544554,0
368,2,352.166666666667,436.949074074074,147.91,183.518611111111,0.025
368,3,352.80378250591,445.342789598109,148.177588652482,187.043971631206,0.05
368,4,352.350148367952,441.961424332344,147.98706231454,185.623798219585,0.075
368,5,352.255972696246,440.21843003413,147.947508532423,184.891740614334,0.1
368,6,350.243055555556,440.520833333333,147.102083333333,185.01875,0.125
368,7,347.589970501475,443.097345132743,145.987787610619,186.100884955752,0.15
368,8,350.304597701149,437.103448275862,147.127931034483,183.583448275862,0.175
368,9,339.868292682927,454.016260162602,142.744682926829,190.686829268293,0.2
368,10,335.56862745098,460.882352941176,140.938823529412,193.570588235294,0.225
368,11,334.347368421053,476.873684210526,140.425894736842,200.286947368421,0.25
368,12,331.05,479.577777777778,139.041,201.422666666667,0.275
368,13,329.375690607735,480.67955801105,138.337790055249,201.885414364641,0.3
368,14,329.294444444444,481.355555555556,138.303666666667,202.169333333333,0.325
368,15,330.354679802956,480.034482758621,138.748965517241,201.614482758621,0.35
368,16,332.305699481865,479.766839378238,139.568393782383,201.50207253886,0.375
368,17,332.874316939891,478.737704918033,139.807213114754,201.069836065574,0.4
368,18,332.878947368421,477.310526315789,139.809157894737,200.470421052632,0.425
368,19,332.140449438202,477.584269662921,139.498988764045,200.585393258427,0.45
368,20,332.185792349727,476.863387978142,139.518032786885,200.28262295082,0.475
369,1,351.060402684564,361.610738255034,147.445369127517,151.876510067114,0
369,2,349.272727272727,363.636363636364,146.694545454545,152.727272727273,0.025
369,3,348.817142857143,364.897142857143,146.5032,153.2568,0.05
369,4,347.787878787879,365.993939393939,146.070909090909,153.717454545455,0.075
369,5,346.971098265896,368.947976878613,145.727861271676,154.958150289017,0.1
369,6,344.609271523179,367.17880794702,144.735894039735,154.215099337748,0.125
369,7,340.056497175141,369.033898305085,142.823728813559,154.994237288136,0.15
369,8,339.606382978723,371.61170212766,142.634680851064,156.076914893617,0.175
369,9,339.755952380952,371.827380952381,142.6975,156.1675,0.2
369,10,337.832258064516,372.877419354839,141.889548387097,156.608516129032,0.225
369,11,339.873563218391,374.942528735632,142.746896551724,157.475862068966,0.25
369,12,337.927184466019,378.199029126214,141.929417475728,158.84359223301,0.275
369,13,336.186991869919,380.760162601626,141.198536585366,159.919268292683,0.3
369,14,335.795744680851,379.863829787234,141.034212765957,159.542808510638,0.325
369,15,334.983957219251,383.390374331551,140.693262032086,161.023957219251,0.35
369,16,333.994475138122,380.359116022099,140.277679558011,159.750828729282,0.375
369,17,331.101604278075,380.358288770053,139.062673796791,159.750481283422,0.4
369,18,329.17903930131,385.144104803493,138.25519650655,161.760524017467,0.425
369,19,328.4039408867,385.088669950739,137.929655172414,161.73724137931,0.45
369,20,328.380487804878,384.263414634146,137.919804878049,161.390634146341,0.475
370,1,358.978723404255,74.5106382978723,150.771063829787,31.2944680851064,0
370,2,358.256,80.264,150.46752,33.71088,0.025
370,3,363.447154471545,81.9105691056911,152.647804878049,34.4024390243902,0.05
370,4,363.253623188406,87.8333333333333,152.56652173913,36.89,0.075
370,5,369.792307692308,85.8692307692308,155.312769230769,36.0650769230769,0.1
370,6,367.260606060606,82.0848484848485,154.249454545455,34.4756363636364,0.125
370,7,370.968085106383,81.1170212765958,155.806595744681,34.0691489361702,0.15
370,8,373.49710982659,70.1329479768786,156.868786127168,29.455838150289,0.175
370,9,377.549019607843,68.9117647058823,158.570588235294,28.9429411764706,0.2
370,10,376.320346320346,70.1038961038961,158.054545454545,29.4436363636364,0.225
370,11,376.27619047619,71.0571428571429,158.036,29.844,0.25
370,12,382.396396396396,71.9099099099099,160.606486486486,30.2021621621622,0.275
370,13,382.570895522388,75.0074626865672,160.679776119403,31.5031343283582,0.3
370,14,386.511538461538,73.3115384615385,162.334846153846,30.7908461538462,0.325
370,15,384.577689243028,74.5776892430279,161.522629482072,31.3226294820717,0.35
370,16,385.258474576271,76.3559322033898,161.808559322034,32.0694915254237,0.375
370,17,387.582089552239,74.1641791044776,162.78447761194,31.1489552238806,0.4
370,18,388.105769230769,71.7115384615385,163.004423076923,30.1188461538462,0.425
370,19,393.564593301435,71.5358851674641,165.297129186603,30.0450717703349,0.45
370,20,391.820105820106,71.6931216931217,164.564444444444,30.1111111111111,0.475
371,1,360.600877192982,513.464912280702,151.452368421053,215.655263157895,0
371,2,364.366120218579,508.273224043716,153.033770491803,213.474754098361,0.025
371,3,363.727722772277,512.079207920792,152.765643564356,215.073267326733,0.05
371,4,362.995475113122,514.769230769231,152.458099547511,216.203076923077,0.075
371,5,361.868778280543,517.316742081448,151.984886877828,217.273031674208,0.1
371,6,360.314136125654,513.947643979058,151.331937172775,215.858010471204,0.125
371,7,357.590062111801,507.645962732919,150.187826086957,213.211304347826,0.15
371,8,356.603896103896,506.785714285714,149.773636363636,212.85,0.175
371,9,358.123076923077,503.953846153846,150.411692307692,211.660615384615,0.2
371,10,361.359375,508.1171875,151.7709375,213.40921875,0.225
371,11,360.587096774194,507.967741935484,151.446580645161,213.346451612903,0.25
371,12,360.761290322581,507.909677419355,151.519741935484,213.322064516129,0.275
371,13,358.230392156863,508.558823529412,150.456764705882,213.594705882353,0.3
371,14,360.310559006211,507.304347826087,151.330434782609,213.067826086957,0.325
371,15,362.347826086957,506.024844720497,152.186086956522,212.530434782609,0.35
371,16,365.238372093023,505,153.40011627907,212.1,0.375
371,17,363.327586206897,506.247126436782,152.597586206897,212.623793103448,0.4
371,18,361.628048780488,507.15243902439,151.883780487805,213.004024390244,0.425
371,19,360.891719745223,506.108280254777,151.574522292994,212.565477707006,0.45
371,20,361.277108433735,505.548192771084,151.736385542169,212.330240963855,0.475
372,1,362.687022900763,598.519083969466,152.328549618321,251.378015267176,0
372,2,360.685483870968,598,151.487903225806,251.16,0.025
372,3,358.75,596.4375,150.675,250.50375,0.05
372,4,357.468085106383,601.049645390071,150.136595744681,252.44085106383,0.075
372,5,357.159090909091,602.356060606061,150.006818181818,252.989545454545,0.1
372,6,358.421487603306,602.181818181818,150.537024793388,252.916363636364,0.125
372,7,356.038461538462,603.069230769231,149.536153846154,253.289076923077,0.15
372,8,354.515923566879,602.592356687898,148.896687898089,253.088789808917,0.175
372,9,354.965277777778,605.430555555556,149.085416666667,254.280833333333,0.2
372,10,354.470588235294,607.647058823529,148.877647058824,255.211764705882,0.225
372,11,355.474358974359,610.333333333333,149.299230769231,256.34,0.25
372,12,354.019736842105,610.282894736842,148.688289473684,256.318815789474,0.275
372,13,352.286764705882,609.147058823529,147.960441176471,255.841764705882,0.3
372,14,349.482456140351,611.289473684211,146.782631578947,256.741578947368,0.325
372,15,350.578616352201,613.874213836478,147.243018867925,257.827169811321,0.35
372,16,353.503184713376,616.71974522293,148.471337579618,259.022292993631,0.375
372,17,352.052631578947,616.394736842105,147.862105263158,258.885789473684,0.4
372,18,351.034722222222,618.354166666667,147.434583333333,259.70875,0.425
372,19,349.075342465753,617.260273972603,146.611643835616,259.249315068493,0.45
372,20,346.627737226277,619.051094890511,145.583649635036,260.001459854015,0.475
373,1,368.975476839237,247.814713896458,154.96970027248,104.082179836512,0
373,2,368.220338983051,255.470338983051,154.652542372881,107.297542372881,0.025
373,3,375.125925925926,256.57037037037,157.552888888889,107.759555555556,0.05
373,4,380.515527950311,257.658385093168,159.81652173913,108.21652173913,0.075
373,5,380.641379310345,250.034482758621,159.869379310345,105.014482758621,0.1
373,6,382.008849557522,248.336283185841,160.443716814159,104.301238938053,0.125
373,7,373.572072072072,246.891891891892,156.90027027027,103.694594594595,0.15
373,8,370.493377483444,241.784768211921,155.607218543046,101.549602649007,0.175
373,9,371.68018018018,246.337837837838,156.105675675676,103.461891891892,0.2
373,10,367.277027027027,235.668918918919,154.256351351351,98.9809459459459,0.225
373,11,373.827777777778,242.05,157.007666666667,101.661,0.25
373,12,375.107476635514,238.948598130841,157.545140186916,100.358411214953,0.275
373,13,370.394871794872,237.728205128205,155.565846153846,99.8458461538462,0.3
373,14,369.415662650602,230.524096385542,155.154578313253,96.8201204819277,0.325
373,15,371.132352941176,229.994117647059,155.875588235294,96.5975294117647,0.35
373,16,372.496323529412,225.930147058824,156.448455882353,94.8906617647059,0.375
373,17,374.379562043796,231.766423357664,157.239416058394,97.341897810219,0.4
373,18,376.684210526316,228.719298245614,158.207368421053,96.0621052631579,0.425
373,19,368.674418604651,222.421511627907,154.843255813953,93.4170348837209,0.45
373,20,369.265508684864,219.426799007444,155.091513647643,92.1592555831266,0.475
374,1,370.97,702.42,155.8074,295.0164,0
374,2,370.881720430108,702.032258064516,155.770322580645,294.853548387097,0.025
374,3,370.714285714286,703.80612244898,155.7,295.598571428571,0.05
374,4,370.141414141414,705.040404040404,155.459393939394,296.11696969697,0.075
374,5,370.1,704.05,155.442,295.701,0.1
374,6,372.244680851064,702.840425531915,156.342765957447,295.192978723404,0.125
374,7,373.520408163265,702.224489795918,156.878571428571,294.934285714286,0.15
374,8,374.056179775281,702.696629213483,157.103595505618,295.132584269663,0.175
374,9,374.066666666667,703.255555555556,157.108,295.367333333333,0.2
374,10,373.426966292135,702.707865168539,156.839325842697,295.137303370787,0.225
374,11,373.92,700.74,157.0464,294.3108,0.25
374,12,374.722222222222,699.366666666667,157.383333333333,293.734,0.275
374,13,373.943820224719,700.516853932584,157.056404494382,294.217078651685,0.3
374,14,372.781609195402,699.448275862069,156.568275862069,293.768275862069,0.325
374,15,373,699.592592592593,156.66,293.828888888889,0.35
374,16,371.759036144578,699.433734939759,156.138795180723,293.762168674699,0.375
374,17,371.594936708861,696.367088607595,156.069873417722,292.47417721519,0.4
374,18,370.977777777778,695.033333333333,155.810666666667,291.914,0.425
374,19,370.4875,696.5625,155.60475,292.55625,0.45
374,20,369.688172043011,696.913978494624,155.269032258064,292.703870967742,0.475
375,1,383.845637583893,622.214765100671,161.215167785235,261.330201342282,0
375,2,384.910569105691,622.520325203252,161.66243902439,261.458536585366,0.025
375,3,386.841666666667,622.925,162.4735,261.6285,0.05
375,4,387.006944444444,619.25,162.542916666667,260.085,0.075
375,5,392.959459459459,617.932432432432,165.042972972973,259.531621621622,0.1
375,6,392.560283687943,619.631205673759,164.875319148936,260.245106382979,0.125
375,7,395.261682242991,621.364485981308,166.009906542056,260.97308411215,0.15
375,8,396.984496124031,622.217054263566,166.733488372093,261.331162790698,0.175
375,9,398.29012345679,616.549382716049,167.281851851852,258.950740740741,0.2
375,10,399.923976608187,612.824561403509,167.968070175439,257.386315789474,0.225
375,11,401.701492537313,611.350746268657,168.714626865672,256.767313432836,0.25
375,12,403.558333333333,613.066666666667,169.4945,257.488,0.275
375,13,407.007194244604,611.604316546763,170.943021582734,256.87381294964,0.3
375,14,409.677215189873,608.006329113924,172.064430379747,255.362658227848,0.325
375,15,408.864516129032,608.245161290323,171.723096774194,255.462967741935,0.35
375,16,409.622047244094,607.362204724409,172.04125984252,255.092125984252,0.375
375,17,412.610738255034,606.369127516779,173.296510067114,254.675033557047,0.4
375,18,415.2375,604.08125,174.39975,253.714125,0.425
375,19,415.486486486487,604.155405405405,174.504324324324,253.74527027027,0.45
375,20,418.05737704918,601.803278688525,175.584098360656,252.75737704918,0.475
376,1,382.965517241379,395.413793103448,160.845517241379,166.073793103448,0
376,2,383.180327868852,395.426229508197,160.935737704918,166.079016393443,0.025
376,3,382.932203389831,395.525423728814,160.831525423729,166.120677966102,0.05
376,4,383,395.551724137931,160.86,166.131724137931,0.075
376,5,383.5,395,161.07,165.9,0.1
376,6,383.633333333333,395.05,161.126,165.921,0.125
376,7,383.611111111111,394.388888888889,161.116666666667,165.643333333333,0.15
376,8,384.016393442623,394.573770491803,161.286885245902,165.720983606557,0.175
376,9,384.415094339623,394.509433962264,161.454339622642,165.693962264151,0.2
376,10,384.732142857143,394.5,161.5875,165.69,0.225
376,11,384.719298245614,394.894736842105,161.582105263158,165.855789473684,0.25
376,12,384.879310344828,394.706896551724,161.649310344828,165.776896551724,0.275
376,13,385.641509433962,394.641509433962,161.969433962264,165.749433962264,0.3
376,14,385.344827586207,394.534482758621,161.844827586207,165.704482758621,0.325
376,15,385.163636363636,394.618181818182,161.768727272727,165.739636363636,0.35
376,16,385.210526315789,394.210526315789,161.788421052632,165.568421052632,0.375
376,17,385.648148148148,394.555555555556,161.972222222222,165.713333333333,0.4
376,18,385.152542372881,394.084745762712,161.76406779661,165.515593220339,0.425
376,19,385.160714285714,394.696428571429,161.7675,165.7725,0.45
376,20,385.017857142857,394.339285714286,161.7075,165.6225,0.475
377,1,385.506666666667,188.066666666667,161.9128,78.988,0
377,2,385.858974358974,188.397435897436,162.060769230769,79.1269230769231,0.025
377,3,385.027777777778,188.041666666667,161.711666666667,78.9775,0.05
377,4,385.441176470588,186.367647058824,161.885294117647,78.2744117647059,0.075
377,5,384.462686567164,185.761194029851,161.474328358209,78.0197014925373,0.1
377,6,383.905405405405,185.108108108108,161.24027027027,77.7454054054054,0.125
377,7,382.727272727273,184.38961038961,160.745454545455,77.4436363636364,0.15
377,8,382.84,185.146666666667,160.7928,77.7616,0.175
377,9,383.376623376623,185.090909090909,161.018181818182,77.7381818181818,0.2
377,10,384.376623376623,185.090909090909,161.438181818182,77.7381818181818,0.225
377,11,384.376623376623,184.090909090909,161.438181818182,77.3181818181818,0.25
377,12,384.159420289855,183.275362318841,161.346956521739,76.975652173913,0.275
377,13,383.235294117647,183.870588235294,160.958823529412,77.2256470588235,0.3
377,14,383.460674157303,183.921348314607,161.053483146067,77.2469662921348,0.325
377,15,384.395061728395,184.358024691358,161.445925925926,77.4303703703704,0.35
377,16,384.880434782609,184.826086956522,161.649782608696,77.6269565217391,0.375
377,17,385.534246575342,185.027397260274,161.924383561644,77.7115068493151,0.4
377,18,385.2,184.742857142857,161.784,77.592,0.425
377,19,384.083333333333,185.611111111111,161.315,77.9566666666667,0.45
377,20,383.972972972973,187.054054054054,161.268648648649,78.5627027027027,0.475
378,1,391.906040268456,48.7718120805369,164.600536912752,20.4841610738255,0
378,2,393.14,49.0666666666667,165.1188,20.608,0.025
378,3,395.107142857143,48.9857142857143,165.945,20.574,0.05
378,4,399.097222222222,51.8125,167.620833333333,21.76125,0.075
378,5,402.244680851064,48.6808510638298,168.942765957447,20.4459574468085,0.1
378,6,402.71875,43.5625,169.141875,18.29625,0.125
378,7,402.858585858586,42.1616161616162,169.200606060606,17.7078787878788,0.15
378,8,406.335877862595,43.7480916030534,170.66106870229,18.3741984732824,0.175
378,9,407.666666666667,45.231884057971,171.22,18.9973913043478,0.2
378,10,409.488372093023,46.0988372093023,171.98511627907,19.361511627907,0.225
378,11,407.070063694268,48.4012738853503,170.969426751592,20.3285350318471,0.25
378,12,406.470198675497,49.8211920529801,170.717483443709,20.9249006622517,0.275
378,13,409.377952755906,49.6456692913386,171.93874015748,20.8511811023622,0.3
378,14,411.264705882353,49.9191176470588,172.731176470588,20.9660294117647,0.325
378,15,414.201438848921,49.6690647482014,173.964604316547,20.8610071942446,0.35
378,16,412.565891472868,48.7054263565892,173.277674418605,20.4562790697674,0.375
378,17,412.65873015873,49.2380952380952,173.316666666667,20.68,0.4
378,18,414.150793650794,50.6904761904762,173.943333333333,21.29,0.425
378,19,418.067567567568,49.1054054054054,175.588378378378,20.6242702702703,0.45
378,20,418.914027149321,50.2285067873303,175.943891402715,21.0959728506787,0.475
379,1,390.727272727273,538.355371900826,164.105454545455,226.109256198347,0
379,2,389.013333333333,541.766666666667,163.3856,227.542,0.025
379,3,388.419117647059,539.919117647059,163.136029411765,226.766029411765,0.05
379,4,393.477777777778,542.733333333333,165.260666666667,227.948,0.075
379,5,398.268292682927,542.268292682927,167.272682926829,227.752682926829,0.1
379,6,396.283464566929,546.771653543307,166.43905511811,229.644094488189,0.125
379,7,396.474226804124,550.061855670103,166.519175257732,231.025979381443,0.15
379,8,397.296296296296,556.990740740741,166.864444444444,233.936111111111,0.175
379,9,399.985294117647,553.5,167.993823529412,232.47,0.2
379,10,405.010869565217,553.467391304348,170.104565217391,232.456304347826,0.225
379,11,407.663265306122,555.275510204082,171.218571428571,233.215714285714,0.25
379,12,403.530303030303,562.287878787879,169.482727272727,236.160909090909,0.275
379,13,405.52380952381,563.47619047619,170.32,236.66,0.3
379,14,407.916666666667,565.677083333333,171.325,237.584375,0.325
379,15,411.06976744186,562.976744186047,172.649302325581,236.45023255814,0.35
379,16,416.172727272727,564.863636363636,174.792545454545,237.242727272727,0.375
379,17,420.26,565.7,176.5092,237.594,0.4
379,18,416.287671232877,576.527397260274,174.840821917808,242.141506849315,0.425
379,19,417.021126760563,577.246478873239,175.148873239437,242.443521126761,0.45
379,20,418.96992481203,578.87969924812,175.967368421053,243.129473684211,0.475
380,1,393.188405797101,647.980676328502,165.139130434783,272.151884057971,0
380,2,391.04854368932,648.485436893204,164.240388349515,272.363883495146,0.025
380,3,390.895833333333,650.760416666667,164.17625,273.319375,0.05
380,4,394.259259259259,650.148148148148,165.588888888889,273.062222222222,0.075
380,5,392.140449438202,655.516853932584,164.698988764045,275.317078651685,0.1
380,6,392.482954545455,658.386363636364,164.842840909091,276.522272727273,0.125
380,7,387.621212121212,659.575757575758,162.800909090909,277.021818181818,0.15
380,8,386.208053691275,657.657718120805,162.207382550336,276.216241610738,0.175
380,9,384.942307692308,662.820512820513,161.675769230769,278.384615384615,0.2
380,10,384.948571428571,662.885714285714,161.6784,278.412,0.225
380,11,387.651898734177,666.474683544304,162.813797468354,279.919367088608,0.25
380,12,390.208053691275,665.040268456376,163.887382550336,279.316912751678,0.275
380,13,388.347826086957,667.515527950311,163.106086956522,280.35652173913,0.3
380,14,385.189944134078,668.921787709497,161.779776536313,280.947150837989,0.325
380,15,382.103896103896,668.967532467532,160.483636363636,280.966363636364,0.35
380,16,382.727810650888,666.479289940828,160.745680473373,279.921301775148,0.375
380,17,380.125874125874,666.811188811189,159.652867132867,280.060699300699,0.4
380,18,379.460732984293,672.858638743455,159.373507853403,282.600628272251,0.425
380,19,381.615384615385,674.244755244755,160.278461538462,283.182797202797,0.45
380,20,376.839779005525,676.32044198895,158.27270718232,284.054585635359,0.475
381,1,409.679462571977,686.731285988484,172.06537428023,288.427140115163,0
381,2,420.59649122807,682.056140350877,176.650526315789,286.463578947368,0.025
381,3,422.349315068493,683.010273972603,177.386712328767,286.864315068493,0.05
381,4,421.269035532995,679.116751269035,176.932994923858,285.229035532995,0.075
381,5,420.539295392954,685.810298102981,176.626504065041,288.040325203252,0.1
381,6,415.297445255474,682.436131386861,174.424927007299,286.623175182482,0.125
381,7,416.746666666667,680.038095238095,175.0336,285.616,0.15
381,8,421.424242424242,676.439393939394,176.998181818182,284.104545454545,0.175
381,9,422.280346820809,674.563583815029,177.35774566474,283.316705202312,0.2
381,10,418.547568710359,675.435517970402,175.789978858351,283.682917547569,0.225
381,11,419.337104072398,672.907239819005,176.121583710407,282.621040723982,0.25
381,12,420.731343283582,674.223880597015,176.707164179104,283.174029850746,0.275
381,13,421.708984375,676.169921875,177.1177734375,283.9913671875,0.3
381,14,416.45652173913,671.086956521739,174.911739130435,281.85652173913,0.325
381,15,419.535031847134,669.337579617834,176.204713375796,281.12178343949,0.35
381,16,423.480651731161,672.193482688391,177.861873727088,282.321262729124,0.375
381,17,423.492227979275,668.59585492228,177.866735751295,280.810259067358,0.4
381,18,425.44801980198,668.740099009901,178.688168316832,280.870841584158,0.425
381,19,425.134570765661,667.577726218097,178.556519721578,280.382645011601,0.45
381,20,428.097065462754,668.528216704289,179.800767494357,280.781851015801,0.475
382,1,399.744186046512,367.170542635659,167.892558139535,154.211627906977,0
382,2,398.886524822695,368.687943262411,167.532340425532,154.848936170213,0.025
382,3,396.749103942652,376.311827956989,166.634623655914,158.050967741935,0.05
382,4,400.834890965732,375.196261682243,168.350654205607,157.582429906542,0.075
382,5,402.594029850746,373.232835820896,169.089492537313,156.757791044776,0.1
382,6,402.294444444444,372.247222222222,168.963666666667,156.343833333333,0.125
382,7,403.41348973607,372.035190615836,169.43366568915,156.254780058651,0.15
382,8,397.164556962025,369.025316455696,166.809113924051,154.990632911392,0.175
382,9,402.834745762712,368.088983050847,169.190593220339,154.597372881356,0.2
382,10,401.822695035461,367.021276595745,168.765531914894,154.148936170213,0.225
382,11,400.180505415162,370.324909747292,168.075812274368,155.536462093863,0.25
382,12,398.938566552901,371.160409556314,167.554197952218,155.887372013652,0.275
382,13,397.36496350365,368,166.893284671533,154.56,0.3
382,14,397.601851851852,367.577160493827,166.992777777778,154.382407407407,0.325
382,15,399.897009966777,367.797342192691,167.956744186047,154.47488372093,0.35
382,16,399.820422535211,364.295774647887,167.924577464789,153.004225352113,0.375
382,17,394.59375,369.225,165.729375,155.0745,0.4
382,18,393.845493562232,369.789699570815,165.415107296137,155.311673819742,0.425
382,19,392.785388127854,369.949771689498,164.969863013699,155.378904109589,0.45
382,20,400.637254901961,362.183823529412,168.267647058824,152.117205882353,0.475
383,1,418.170411985019,116.069288389513,175.631573033708,48.7491011235955,0
383,2,423.964451313756,118.417310664606,178.065069551777,49.7352704791345,0.025
383,3,418.512544802867,112.31541218638,175.775268817204,47.1724731182796,0.05
383,4,419.048275862069,110.353448275862,176.000275862069,46.3484482758621,0.075
383,5,418.087030716724,110.063139931741,175.596552901024,46.2265187713311,0.1
383,6,418.169336384439,107.265446224256,175.631121281465,45.0514874141876,0.125
383,7,418.5475,107.4225,175.78995,45.11745,0.15
383,8,416.534426229508,112.147540983607,174.944459016393,47.1019672131148,0.175
383,9,416.173076923077,111.603846153846,174.792692307692,46.8736153846154,0.2
383,10,412.172,109.588,173.11224,46.02696,0.225
383,11,411.446902654867,109.495575221239,172.807699115044,45.9881415929203,0.25
383,12,411.48085106383,111.08085106383,172.821957446809,46.6539574468085,0.275
383,13,411.1625,111.40625,172.68825,46.790625,0.3
383,14,415.620253164557,112.322784810127,174.560506329114,47.1755696202532,0.325
383,15,410.666666666667,109.976897689769,172.48,46.190297029703,0.35
383,16,408.242857142857,104.735714285714,171.462,43.989,0.375
383,17,404.471698113208,108.865566037736,169.878113207547,45.7235377358491,0.4
383,18,403.189655172414,104.885057471264,169.339655172414,44.051724137931,0.425
383,19,406.757653061225,105.459183673469,170.838214285714,44.2928571428571,0.45
383,20,406.465240641711,105.117647058824,170.715401069519,44.1494117647059,0.475
384,1,427.056689342404,470.426303854875,179.36380952381,197.579047619048,0
384,2,435.496402877698,466.823741007194,182.908489208633,196.065971223022,0.025
384,3,434.943609022556,464.466165413534,182.676315789474,195.075789473684,0.05
384,4,437.283783783784,463.324324324324,183.659189189189,194.596216216216,0.075
384,5,438.153543307087,461.641732283465,184.024488188976,193.889527559055,0.1
384,6,440.004366812227,463.323144104803,184.801834061135,194.595720524017,0.125
384,7,449.055066079295,463.325991189427,188.603127753304,194.596916299559,0.15
384,8,440.691525423729,468.284745762712,185.090440677966,196.679593220339,0.175
384,9,440.635714285714,468.960714285714,185.067,196.9635,0.2
384,10,448.896,464.72,188.53632,195.1824,0.225
384,11,448.417410714286,464.234375,188.3353125,194.9784375,0.25
384,12,449.173535791757,463.639913232104,188.652885032538,194.728763557484,0.275
384,13,449.542483660131,463.104575163399,188.807843137255,194.503921568627,0.3
384,14,451.04816955684,464.140655105973,189.440231213873,194.939075144509,0.325
384,15,451.182212581345,481.624728850325,189.496529284165,202.282386117137,0.35
384,16,456.419898819562,494.849915682968,191.696357504216,207.836964586847,0.375
384,17,457.879456706282,494.307300509338,192.309371816638,207.609066213922,0.4
384,18,458.196232339089,494.226059654631,192.442417582418,207.574945054945,0.425
384,19,458.669863013699,484.704109589041,192.641342465753,203.575726027397,0.45
384,20,458.930147058824,485.022058823529,192.750661764706,203.709264705882,0.475
385,1,423.674796747967,304.90243902439,177.943414634146,128.059024390244,0
385,2,424.007299270073,305.430656934307,178.083065693431,128.280875912409,0.025
385,3,424.12,304.936,178.1304,128.07312,0.05
385,4,424.630136986301,305.534246575342,178.344657534247,128.324383561644,0.075
385,5,424.503759398496,304.736842105263,178.291578947368,127.989473684211,0.1
385,6,423.72131147541,303.606557377049,177.962950819672,127.514754098361,0.125
385,7,423.398230088496,302.902654867257,177.827256637168,127.219115044248,0.15
385,8,424.050847457627,303.364406779661,178.101355932203,127.413050847458,0.175
385,9,424.303278688525,303.327868852459,178.20737704918,127.397704918033,0.2
385,10,424.852713178295,303.922480620155,178.438139534884,127.647441860465,0.225
385,11,424.624,303.328,178.34208,127.39776,0.25
385,12,424.977941176471,303.279411764706,178.490735294118,127.377352941176,0.275
385,13,425.008333333333,303.441666666667,178.5035,127.4455,0.3
385,14,425.603773584906,303.367924528302,178.75358490566,127.414528301887,0.325
385,15,426.543689320388,303.805825242718,179.148349514563,127.598446601942,0.35
385,16,425.87037037037,303.87962962963,178.865555555556,127.629444444444,0.375
385,17,423.75,303.944444444444,177.975,127.656666666667,0.4
385,18,424.719626168224,304.420560747664,178.382242990654,127.856635514019,0.425
385,19,425.247619047619,304.180952380952,178.604,127.756,0.45
385,20,435.29197080292,304.547445255474,182.822627737226,127.909927007299,0.475
386,1,428.773255813953,266.093023255814,180.08476744186,111.759069767442,0
386,2,428.720930232558,265.651162790698,180.062790697674,111.573488372093,0.025
386,3,428.385474860335,264.307262569832,179.921899441341,111.00905027933,0.05
386,4,428.582857142857,264.977142857143,180.0048,111.2904,0.075
386,5,426.748571428571,266.851428571429,179.2344,112.0776,0.1
386,6,426.083832335329,266.616766467066,178.955209580838,111.979041916168,0.125
386,7,427.104046242775,265.601156069364,179.383699421965,111.552485549133,0.15
386,8,427.497237569061,265.099447513812,179.548839779006,111.341767955801,0.175
386,9,426.911458333333,265.348958333333,179.3028125,111.4465625,0.2
386,10,427.355670103093,265.407216494845,179.489381443299,111.471030927835,0.225
386,11,427.911764705882,260.375816993464,179.722941176471,109.357843137255,0.25
386,12,425.408536585366,260.310975609756,178.671585365854,109.330609756098,0.275
386,13,424.63961038961,258.99025974026,178.348636363636,108.775909090909,0.3
386,14,423.410764872521,256.473087818697,177.832521246459,107.718696883853,0.325
386,15,421.632947976879,259.132947976879,177.085838150289,108.835838150289,0.35
386,16,420.382436260623,258.215297450425,176.560623229462,108.450424929178,0.375
386,17,422.091715976331,258.133136094675,177.278520710059,108.415917159763,0.4
386,18,422.403076923077,258.353846153846,177.409292307692,108.508615384615,0.425
386,19,420.441489361702,255.755319148936,176.585425531915,107.417234042553,0.45
386,20,418.880319148936,255.273936170213,175.929734042553,107.215053191489,0.475
387,1,430.778625954198,206.824427480916,180.927022900763,86.8662595419847,0
387,2,429.077464788732,207.781690140845,180.212535211268,87.2683098591549,0.025
387,3,426.526011560694,207.369942196532,179.140924855491,87.0953757225433,0.05
387,4,426.446927374302,208.45251396648,179.107709497207,87.5500558659218,0.075
387,5,428.415094339623,211.798742138365,179.934339622642,88.9554716981132,0.1
387,6,430.14880952381,215.630952380952,180.6625,90.565,0.125
387,7,430.562913907285,218.006622516556,180.83642384106,91.5627814569536,0.15
387,8,430.150943396226,218.364779874214,180.663396226415,91.7132075471698,0.175
387,9,431.205882352941,217.235294117647,181.106470588235,91.2388235294118,0.2
387,10,433.38125,214.9375,182.020125,90.27375,0.225
387,11,435.275862068966,212.275862068966,182.815862068966,89.1558620689655,0.25
387,12,435.01935483871,209.735483870968,182.708129032258,88.0889032258064,0.275
387,13,436.427631578947,207.953947368421,183.299605263158,87.3406578947368,0.3
387,14,437.755102040816,210.163265306122,183.857142857143,88.2685714285714,0.325
387,15,439.650684931507,214.294520547945,184.653287671233,90.003698630137,0.35
387,16,441.339743589744,217.865384615385,185.362692307692,91.5034615384615,0.375
387,17,443.517482517483,220.118881118881,186.277342657343,92.4499300699301,0.4
387,18,440.906666666667,221.293333333333,185.1808,92.9432,0.425
387,19,437.844444444444,222.733333333333,183.894666666667,93.548,0.45
387,20,434.741007194245,222.258992805755,182.591223021583,93.3487769784173,0.475
388,1,434.021739130435,3.64130434782609,182.289130434783,1.52934782608696,0
388,2,435.178294573643,5.52713178294574,182.77488372093,2.32139534883721,0.025
388,3,436.283687943262,5.63829787234043,183.23914893617,2.36808510638298,0.05
388,4,436.683544303797,6.55063291139241,183.407088607595,2.75126582278481,0.075
388,5,437.976878612717,7.40462427745665,183.950289017341,3.10994219653179,0.1
388,6,438.209580838323,6.2934131736527,184.048023952096,2.64323353293413,0.125
388,7,439.848739495798,4.50420168067227,184.736470588235,1.89176470588235,0.15
388,8,440.359649122807,9.35964912280702,184.951052631579,3.93105263157895,0.175
388,9,442.301775147929,7.79881656804734,185.76674556213,3.27550295857988,0.2
388,10,443.593360995851,6.87966804979253,186.309211618257,2.88946058091286,0.225
388,11,445.111969111969,6.40926640926641,186.947027027027,2.69189189189189,0.25
388,12,452.550847457627,8.10169491525424,190.071355932203,3.40271186440678,0.275
388,13,452.870229007634,11.1832061068702,190.205496183206,4.6969465648855,0.3
388,14,453.230215827338,12.1223021582734,190.356690647482,5.09136690647482,0.325
388,15,455.35625,13.575,191.249625,5.7015,0.35
388,16,456.538461538462,15.6094674556213,191.746153846154,6.55597633136095,0.375
388,17,457.361963190184,18.1104294478528,192.092024539877,7.60638036809816,0.4
388,18,460.821229050279,20.6368715083799,193.544916201117,8.66748603351955,0.425
388,19,461.765306122449,23.1479591836735,193.941428571429,9.72214285714286,0.45
388,20,462.864864864865,23.4756756756757,194.403243243243,9.85978378378378,0.475
389,1,439.953125,412.625,184.7803125,173.3025,0
389,2,439.75,412.617647058824,184.695,173.299411764706,0.025
389,3,439.546875,412.046875,184.6096875,173.0596875,0.05
389,4,438.75,412.066666666667,184.275,173.068,0.075
389,5,438.75,412.066666666667,184.275,173.068,0.1
389,6,439.508196721311,412.081967213115,184.593442622951,173.074426229508,0.125
389,7,439.246153846154,412.015384615385,184.483384615385,173.046461538462,0.15
389,8,439.365079365079,412.095238095238,184.533333333333,173.08,0.175
389,9,439.153846153846,411.707692307692,184.444615384615,172.917230769231,0.2
389,10,439.588235294118,411.779411764706,184.627058823529,172.947352941176,0.225
389,11,439.588235294118,411.779411764706,184.627058823529,172.947352941176,0.25
389,12,439.476923076923,412.215384615385,184.580307692308,173.130461538462,0.275
389,13,439.476923076923,411.938461538462,184.580307692308,173.014153846154,0.3
389,14,439.5,411.741935483871,184.59,172.931612903226,0.325
389,15,439.59375,411.640625,184.629375,172.8890625,0.35
389,16,439.677966101695,411.627118644068,184.664745762712,172.883389830508,0.375
389,17,439.338461538462,411.615384615385,184.522153846154,172.878461538462,0.4
389,18,439.375,411.671875,184.5375,172.9021875,0.425
389,19,439.734375,411.59375,184.6884375,172.869375,0.45
389,20,439.734375,411.59375,184.6884375,172.869375,0.475
390,1,444.428571428571,89.5619047619048,186.66,37.616,0
390,2,452.057034220532,85.4372623574145,189.863954372624,35.8836501901141,0.025
390,3,452.396363636364,86.5018181818182,190.006472727273,36.3307636363636,0.05
390,4,450.741573033708,88.3595505617977,189.311460674157,37.1110112359551,0.075
390,5,451.203333333333,89.89,189.5054,37.7538,0.1
390,6,449.986531986532,90.6734006734007,188.994343434343,38.0828282828283,0.125
390,7,449.429362880886,91.4238227146814,188.760332409972,38.3980055401662,0.15
390,8,448.96130952381,94.4047619047619,188.56375,39.65,0.175
390,9,454.343023255814,95.0930232558139,190.824069767442,39.9390697674419,0.2
390,10,457.677725118483,95.7014218009479,192.224644549763,40.1945971563981,0.225
390,11,458.010638297872,97.6223404255319,192.364468085106,41.0013829787234,0.25
390,12,456.540816326531,98.8418367346939,191.747142857143,41.5135714285714,0.275
390,13,457.62380952381,101.190476190476,192.202,42.5,0.3
390,14,457.475935828877,100.550802139037,192.139893048128,42.2313368983957,0.325
390,15,456.136612021858,102.207650273224,191.57737704918,42.9272131147541,0.35
390,16,454.601092896175,102.530054644809,190.932459016393,43.0626229508197,0.375
390,17,452.527559055118,103.866141732283,190.06157480315,43.6237795275591,0.4
390,18,449.856164383562,101.506849315068,188.939589041096,42.6328767123288,0.425
390,19,448.173913043478,105.869565217391,188.233043478261,44.4652173913043,0.45
390,20,447.509708737864,107.461165048544,187.954077669903,45.1336893203883,0.475
391,1,444.983606557377,589.426229508197,186.893114754098,247.559016393443,0
391,2,444.372881355932,589.322033898305,186.636610169492,247.515254237288,0.025
391,3,444.366666666667,589.25,186.634,247.485,0.05
391,4,444.189655172414,589.431034482759,186.559655172414,247.561034482759,0.075
391,5,444.465517241379,589.137931034483,186.675517241379,247.437931034483,0.1
391,6,444.737704918033,589.327868852459,186.789836065574,247.517704918033,0.125
391,7,444.388888888889,589.388888888889,186.643333333333,247.543333333333,0.15
391,8,444.206896551724,589.568965517241,186.566896551724,247.618965517241,0.175
391,9,443.728813559322,589.525423728814,186.366101694915,247.600677966102,0.2
391,10,444.210526315789,589.491228070175,186.568421052632,247.586315789474,0.225
391,11,444.206896551724,589.206896551724,186.566896551724,247.466896551724,0.25
391,12,444.206896551724,589.206896551724,186.566896551724,247.466896551724,0.275
391,13,444.359375,589.171875,186.6309375,247.4521875,0.3
391,14,444.421052631579,589.491228070175,186.656842105263,247.586315789474,0.325
391,15,444.821428571429,589.267857142857,186.825,247.4925,0.35
391,16,444.309090909091,589.381818181818,186.609818181818,247.540363636364,0.375
391,17,444.421052631579,589.491228070175,186.656842105263,247.586315789474,0.4
391,18,443.894736842105,589.263157894737,186.435789473684,247.490526315789,0.425
391,19,443.862068965517,588.706896551724,186.422068965517,247.256896551724,0.45
391,20,443.95,588.8,186.459,247.296,0.475
392,1,456.31654676259,317.323741007194,191.652949640288,133.275971223022,0
392,2,455.317365269461,313.48502994012,191.233293413174,131.66371257485,0.025
392,3,454.590643274854,309.426900584795,190.928070175439,129.959298245614,0.05
392,4,453.45652173913,308.059782608696,190.451739130435,129.385108695652,0.075
392,5,465.616352201258,312.949685534591,195.558867924528,131.438867924528,0.1
392,6,466.678038379531,313.607675906183,196.004776119403,131.715223880597,0.125
392,7,465.288172043011,313.74623655914,195.421032258065,131.773419354839,0.15
392,8,467.099526066351,314.751184834123,196.181800947867,132.195497630332,0.175
392,9,466.380597014925,307.876865671642,195.879850746269,129.30828358209,0.2
392,10,466.837545126354,304.043321299639,196.071768953069,127.698194945848,0.225
392,11,466.077586206897,309.974137931034,195.752586206897,130.189137931034,0.25
392,12,464.156378600823,319.168724279835,194.945679012346,134.050864197531,0.275
392,13,464.508928571429,326.901785714286,195.09375,137.29875,0.3
392,14,465.15306122449,326.84693877551,195.364285714286,137.275714285714,0.325
392,15,465.689655172414,326.64367816092,195.589655172414,137.190344827586,0.35
392,16,464.820224719101,324.955056179775,195.224494382022,136.481123595506,0.375
392,17,461.795180722892,325.66265060241,193.953975903614,136.778313253012,0.4
392,18,462.476744186047,323.802325581395,194.24023255814,135.996976744186,0.425
392,19,463.728571428571,322.7,194.766,135.534,0.45
392,20,465.272727272727,321.943181818182,195.414545454545,135.216136363636,0.475
393,1,463.648648648649,416.009009009009,194.732432432432,174.723783783784,0
393,2,460.025423728814,410.745762711864,193.210677966102,172.513220338983,0.025
393,3,459.949579831933,411.27731092437,193.178823529412,172.736470588235,0.05
393,4,457.300613496932,409.484662576687,192.066257668712,171.983558282209,0.075
393,5,467.827868852459,404.040983606557,196.487704918033,169.697213114754,0.1
393,6,469.888888888889,397.59649122807,197.353333333333,166.990526315789,0.125
393,7,479.631578947368,389.964912280702,201.445263157895,163.785263157895,0.15
393,8,481.825870646766,387.611940298507,202.366865671642,162.797014925373,0.175
393,9,482.391812865497,384.947368421053,202.604561403509,161.677894736842,0.2
393,10,483.034285714286,386.542857142857,202.8744,162.348,0.225
393,11,480.030456852792,387.609137055838,201.612791878173,162.795837563452,0.25
393,12,481.74358974359,378.789743589744,202.332307692308,159.091692307692,0.275
393,13,483.789156626506,380.192771084337,203.191445783133,159.680963855422,0.3
393,14,484.022099447514,382.160220994475,203.289281767956,160.50729281768,0.325
393,15,484.082417582418,382.027472527473,203.314615384615,160.451538461538,0.35
393,16,484.591160220994,380.497237569061,203.528287292818,159.808839779006,0.375
393,17,484.140449438202,379.23595505618,203.338988764045,159.279101123595,0.4
393,18,482.970760233918,379.321637426901,202.847719298246,159.315087719298,0.425
393,19,481.209039548023,379.209039548023,202.107796610169,159.267796610169,0.45
393,20,481.108695652174,378.554347826087,202.065652173913,158.992826086957,0.475
394,1,465.685483870968,173.241935483871,195.587903225806,72.7616129032258,0
394,2,467.763157894737,175.868421052632,196.460526315789,73.8647368421053,0.025
394,3,475.230088495575,177.380530973451,199.596637168142,74.4998230088496,0.05
394,4,476.456310679612,180.009708737864,200.111650485437,75.6040776699029,0.075
394,5,478.034188034188,179.786324786325,200.774358974359,75.5102564102564,0.1
394,6,481.04347826087,181.905797101449,202.038260869565,76.4004347826087,0.125
394,7,479.048780487805,186.764227642276,201.200487804878,78.4409756097561,0.15
394,8,475.157894736842,188.881578947368,199.566315789474,79.3302631578947,0.175
394,9,475.896341463415,191.939024390244,199.876463414634,80.6143902439024,0.2
394,10,475.629370629371,189.93006993007,199.764335664336,79.7706293706294,0.225
394,11,476.521739130435,190.347826086957,200.139130434783,79.9460869565217,0.25
394,12,481.565656565657,189.535353535354,202.257575757576,79.6048484848485,0.275
394,13,485.836734693878,189.387755102041,204.051428571429,79.5428571428571,0.3
394,14,485.381679389313,195.824427480916,203.860305343511,82.2462595419847,0.325
394,15,485.920245398773,197.01226993865,204.086503067485,82.7451533742331,0.35
394,16,485.338028169014,197.380281690141,203.841971830986,82.8997183098592,0.375
394,17,482.678571428571,199.883928571429,202.725,83.95125,0.4
394,18,484.243243243243,201.720720720721,203.382162162162,84.7227027027027,0.425
394,19,486.796992481203,198.157894736842,204.454736842105,83.2263157894737,0.45
394,20,496.202247191011,200.730337078652,208.404943820225,84.3067415730337,0.475
395,1,472.247706422018,8.41284403669725,198.344036697248,3.53339449541284,0
395,2,473.208333333333,11.0694444444444,198.7475,4.64916666666667,0.025
395,3,473.774193548387,15.8279569892473,198.985161290323,6.64774193548387,0.05
395,4,478.025210084034,13.9243697478992,200.770588235294,5.84823529411765,0.075
395,5,480.099173553719,12.6446280991736,201.641652892562,5.31074380165289,0.1
395,6,482.380952380952,10.7777777777778,202.6,4.52666666666667,0.125
395,7,483.541176470588,13.7411764705882,203.087294117647,5.77129411764706,0.15
395,8,488.576271186441,11.3813559322034,205.202033898305,4.78016949152542,0.175
395,9,490.377952755906,11.0236220472441,205.95874015748,4.62992125984252,0.2
395,10,492.146341463415,11.2926829268293,206.701463414634,4.74292682926829,0.225
395,11,496.30303030303,15.7727272727273,208.447272727273,6.62454545454545,0.25
395,12,502.033898305085,18.1525423728814,210.854237288136,7.62406779661017,0.275
395,13,503.125,16.8958333333333,211.3125,7.09625,0.3
395,14,505.08064516129,13.0967741935484,212.133870967742,5.50064516129032,0.325
395,15,509.645454545455,13.0090909090909,214.051090909091,5.46381818181818,0.35
395,16,510.452173913043,13.1739130434783,214.389913043478,5.53304347826087,0.375
395,17,510.074468085106,16.2765957446809,214.231276595745,6.83617021276596,0.4
395,18,512.078651685393,14.2696629213483,215.073033707865,5.99325842696629,0.425
395,19,524.226923076923,12.8076923076923,220.175307692308,5.37923076923077,0.45
395,20,524.383333333333,14.78,220.241,6.2076,0.475
396,1,480.712121212121,657.128787878788,201.899090909091,275.994090909091,0
396,2,481.209302325581,657.682170542636,202.107906976744,276.226511627907,0.025
396,3,488.646017699115,664.530973451327,205.231327433628,279.103008849558,0.05
396,4,492.364583333333,659.6875,206.793125,277.06875,0.075
396,5,492.732673267327,658.079207920792,206.947722772277,276.393267326733,0.1
396,6,491.4,656.147826086957,206.388,275.582086956522,0.125
396,7,487.206611570248,654.859504132231,204.626776859504,275.040991735537,0.15
396,8,488.75,650.009259259259,205.275,273.003888888889,0.175
396,9,490.690265486726,648.265486725664,206.089911504425,272.271504424779,0.2
396,10,501.611111111111,646.09595959596,210.676666666667,271.360303030303,0.225
396,11,502.78453038674,647.254143646409,211.169502762431,271.846740331492,0.25
396,12,502.681632653061,647.012244897959,211.126285714286,271.745142857143,0.275
396,13,505.438202247191,644.329588014981,212.28404494382,270.618426966292,0.3
396,14,503.392307692308,651.184615384615,211.424769230769,273.497538461538,0.325
396,15,504.595238095238,647.5,211.93,271.95,0.35
396,16,503.692307692308,646.192307692308,211.550769230769,271.400769230769,0.375
396,17,501.649572649573,641.888888888889,210.692820512821,269.593333333333,0.4
396,18,509.178947368421,643.105263157895,213.855157894737,270.104210526316,0.425
396,19,513.279279279279,645.702702702703,215.577297297297,271.195135135135,0.45
396,20,516.364583333333,650.625,216.873125,273.2625,0.475
397,1,484.479381443299,446.39175257732,203.481340206186,187.484536082474,0
397,2,485.548387096774,444.672811059908,203.930322580645,186.762580645161,0.025
397,3,483.509433962264,441.599056603774,203.073962264151,185.471603773585,0.05
397,4,482.244541484716,441.379912663755,202.542707423581,185.379563318777,0.075
397,5,482.037209302326,440.590697674419,202.455627906977,185.048093023256,0.1
397,6,479.932203389831,441.817796610169,201.571525423729,185.563474576271,0.125
397,7,479.741228070175,442.122807017544,201.491315789474,185.691578947368,0.15
397,8,478.125984251969,440.748031496063,200.812913385827,185.114173228346,0.175
397,9,477.1875,440.33984375,200.41875,184.942734375,0.2
397,10,476.701680672269,439.575630252101,200.214705882353,184.621764705882,0.225
397,11,474.888,440.344,199.45296,184.94448,0.25
397,12,477.082987551867,441.190871369295,200.374854771784,185.300165975104,0.275
397,13,477.842105263158,441.390977443609,200.693684210526,185.384210526316,0.3
397,14,480.637362637363,443.642857142857,201.867692307692,186.33,0.325
397,15,482.590308370044,440.039647577093,202.687929515418,184.816651982379,0.35
397,16,479.333333333333,437.503546099291,201.32,183.751489361702,0.375
397,17,483.685990338164,439.541062801932,203.148115942029,184.607246376812,0.4
397,18,482.990740740741,441.101851851852,202.856111111111,185.262777777778,0.425
397,19,484.098039215686,440.676470588235,203.321176470588,185.084117647059,0.45
397,20,482.106918238994,437.522012578616,202.484905660377,183.759245283019,0.475
398,1,487.61935483871,284.890322580645,204.800129032258,119.653935483871,0
398,2,486.06875,285.84375,204.148875,120.054375,0.025
398,3,482.331168831169,285.532467532468,202.579090909091,119.923636363636,0.05
398,4,485.293785310734,284.485875706215,203.823389830508,119.48406779661,0.075
398,5,490.292929292929,289.186868686869,205.92303030303,121.458484848485,0.1
398,6,492.415384615385,290.476923076923,206.814461538462,122.000307692308,0.125
398,7,493.402654867257,291.41592920354,207.229115044248,122.394690265487,0.15
398,8,492.617224880383,295.401913875598,206.899234449761,124.068803827751,0.175
398,9,490.796296296296,299.064814814815,206.134444444444,125.607222222222,0.2
398,10,491.493273542601,302.165919282511,206.427174887892,126.909686098655,0.225
398,11,491.518018018018,303.202702702703,206.437567567568,127.345135135135,0.25
398,12,489.176991150442,302.274336283186,205.454336283186,126.955221238938,0.275
398,13,489.943127962085,303.663507109005,205.776113744076,127.538672985782,0.3
398,14,490.036866359447,300.700460829493,205.815483870968,126.294193548387,0.325
398,15,490.752293577982,298.688073394495,206.115963302752,125.448990825688,0.35
398,16,488.929166666667,301.358333333333,205.35025,126.5705,0.375
398,17,486.665338645418,306.147410358566,204.399442231076,128.581912350598,0.4
398,18,486.605150214592,309.995708154506,204.374163090129,130.198197424893,0.425
398,19,486.658163265306,308.714285714286,204.396428571429,129.66,0.45
398,20,488.253012048193,305.530120481928,205.066265060241,128.32265060241,0.475
399,1,499.418032786885,72.0983606557377,209.755573770492,30.2813114754098,0
399,2,495.834782608696,73.4695652173913,208.250608695652,30.8572173913043,0.025
399,3,493.69696969697,73.1919191919192,207.352727272727,30.7406060606061,0.05
399,4,492.741573033708,74.4943820224719,206.951460674157,31.2876404494382,0.075
399,5,489.688172043011,72.7956989247312,205.669032258065,30.5741935483871,0.1
399,6,485.73275862069,74.1810344827586,204.00775862069,31.1560344827586,0.125
399,7,483.669724770642,74.6697247706422,203.14128440367,31.3612844036697,0.15
399,8,482.721518987342,74.4430379746835,202.743037974684,31.2660759493671,0.175
399,9,479.936842105263,74.0526315789474,201.573473684211,31.1021052631579,0.2
399,10,476.603448275862,76.0258620689655,200.173448275862,31.9308620689655,0.225
399,11,472.974789915966,75.4117647058823,198.649411764706,31.6729411764706,0.25
399,12,471.80612244898,75.8775510204082,198.158571428571,31.8685714285714,0.275
399,13,471.266666666667,76.6111111111111,197.932,32.1766666666667,0.3
399,14,468.345794392523,76.2336448598131,196.70523364486,32.0181308411215,0.325
399,15,463.936507936508,76.7539682539683,194.853333333333,32.2366666666667,0.35
399,16,463.383838383838,77.3939393939394,194.621212121212,32.5054545454545,0.375
399,17,461.389473684211,78.1578947368421,193.783578947368,32.8263157894737,0.4
399,18,455.608333333333,77.1416666666667,191.3555,32.3995,0.425
399,19,454.259259259259,78.4351851851852,190.788888888889,32.9427777777778,0.45
399,20,454.295918367347,78.0102040816327,190.804285714286,32.7642857142857,0.475
400,1,510.329032258065,218.270967741935,214.338193548387,91.6738064516129,0
400,2,510.56,216.253333333333,214.4352,90.8264,0.025
400,3,514.907142857143,216.735714285714,216.261,91.029,0.05
400,4,517.102564102564,215.814102564103,217.183076923077,90.6419230769231,0.075
400,5,519.122093023256,215.197674418605,218.031279069767,90.383023255814,0.1
400,6,523.303797468354,214.594936708861,219.787594936709,90.1298734177215,0.125
400,7,525.491803278689,214.049180327869,220.706557377049,89.9006557377049,0.15
400,8,523.644444444444,211.844444444444,219.930666666667,88.9746666666667,0.175
400,9,525.81875,209.80625,220.843875,88.118625,0.2
400,10,528.813953488372,210.813953488372,222.101860465116,88.5418604651163,0.225
400,11,534.05298013245,212.549668874172,224.302251655629,89.2708609271523,0.25
400,12,533.95652173913,210.339130434783,224.261739130435,88.3424347826087,0.275
400,13,537.530769230769,210.176923076923,225.762923076923,88.2743076923077,0.3
400,14,543.507692307692,211.3,228.273230769231,88.746,0.325
400,15,545.510489510489,210.272727272727,229.114405594406,88.3145454545455,0.35
400,16,545.935251798561,206.964028776978,229.292805755396,86.9248920863309,0.375
400,17,549.106796116505,206.699029126214,230.624854368932,86.8135922330097,0.4
400,18,550.451612903226,207.443548387097,231.189677419355,87.1262903225806,0.425
400,19,554.722972972973,207.432432432432,232.983648648649,87.1216216216216,0.45
400,20,553.732824427481,205.496183206107,232.567786259542,86.3083969465649,0.475
401,1,531.07358738502,400.988173455979,223.050906701708,168.415032851511,0
401,2,533.687757909216,401.643741403026,224.148858321871,168.690371389271,0.025
401,3,534.76525198939,402.190981432361,224.601405835544,168.920212201592,0.05
401,4,535.004464285714,402.410714285714,224.701875,169.0125,0.075
401,5,545.370629370629,402.020979020979,229.055664335664,168.848811188811,0.1
401,6,548.832335329341,395.443113772455,230.509580838323,166.086107784431,0.125
401,7,550.162337662338,395.123376623377,231.068181818182,165.951818181818,0.15
401,8,551.294117647059,398.091911764706,231.543529411765,167.198602941176,0.175
401,9,546.997624703088,398.261282660333,229.739002375297,167.26973871734,0.2
401,10,552.875,393.09756097561,232.2075,165.100975609756,0.225
401,11,559.193308550186,389.185873605948,234.861189591078,163.458066914498,0.25
401,12,550.781853281853,398.125482625483,231.328378378378,167.212702702703,0.275
401,13,544.388888888889,403.537037037037,228.643333333333,169.485555555556,0.3
401,14,560.12955465587,397.736842105263,235.254412955466,167.049473684211,0.325
401,15,561.416083916084,396.426573426573,235.794755244755,166.499160839161,0.35
401,16,570.659722222222,401.486111111111,239.677083333333,168.624166666667,0.375
401,17,568.331360946746,402.633136094675,238.699171597633,169.105917159763,0.4
401,18,564.344370860927,405.649006622517,237.024635761589,170.372582781457,0.425
401,19,565.129943502825,407.683615819209,237.354576271186,171.227118644068,0.45
401,20,565.924623115578,410.56783919598,237.688341708543,172.438492462312,0.475
402,1,525.739543726236,551.600760456274,220.810608365019,231.672319391635,0
402,2,526.59325044405,550.200710479574,221.169165186501,231.084298401421,0.025
402,3,527.608504398827,547.901759530792,221.595571847507,230.118739002933,0.05
402,4,529.299065420561,549.171962616822,222.305607476636,230.652224299065,0.075
402,5,523.774834437086,542.675496688742,219.985430463576,227.923708609272,0.1
402,6,523.203488372093,543.392441860465,219.745465116279,228.224825581395,0.125
402,7,521.833333333333,543.048387096774,219.17,228.080322580645,0.15
402,8,520.966666666667,541.248717948718,218.806,227.324461538462,0.175
402,9,532.804020100502,539.452261306533,223.777688442211,226.569949748744,0.2
402,10,534.793969849246,537.638190954774,224.613467336683,225.808040201005,0.225
402,11,533.894736842105,534.988304093567,224.235789473684,224.695087719298,0.25
402,12,535.672222222222,533.905555555556,224.982333333333,224.240333333333,0.275
402,13,539.383248730965,518.5,226.540964467005,217.77,0.3
402,14,539.767955801105,528.541436464088,226.702541436464,221.987403314917,0.325
402,15,540.042944785276,527.085889570552,226.818036809816,221.376073619632,0.35
402,16,541.30625,526.50625,227.348625,221.132625,0.375
402,17,541.723270440252,523.566037735849,227.523773584906,219.897735849057,0.4
402,18,541.729032258065,522.832258064516,227.526193548387,219.589548387097,0.425
402,19,544.483695652174,520.304347826087,228.683152173913,218.527826086957,0.45
402,20,544.040268456376,519.93288590604,228.496912751678,218.371812080537,0.475
403,1,524.935849056604,662.215094339623,220.473056603774,278.130339622641,0
403,2,522.505338078292,659.434163701068,219.452241992883,276.962348754448,0.025
403,3,521.267217630854,657.542699724518,218.932231404959,276.167933884297,0.05
403,4,523.154411764706,653.647058823529,219.724852941176,274.531764705882,0.075
403,5,523.134770889488,649.582210242588,219.716603773585,272.824528301887,0.1
403,6,522.734939759036,644.879518072289,219.548674698795,270.849397590361,0.125
403,7,519,633.256198347107,217.98,265.967603305785,0.15
403,8,515.875,637.25,216.6675,267.645,0.175
403,9,526.594537815126,648.058823529412,221.169705882353,272.184705882353,0.2
403,10,535.38141025641,652.144230769231,224.860192307692,273.900576923077,0.225
403,11,534.08734939759,651.349397590361,224.316686746988,273.566746987952,0.25
403,12,532.870629370629,649.762237762238,223.805664335664,272.90013986014,0.275
403,13,533.414141414141,649.774410774411,224.033939393939,272.905252525252,0.3
403,14,537.822463768116,651.021739130435,225.885434782609,273.429130434783,0.325
403,15,541.807560137457,653.965635738832,227.559175257732,274.665567010309,0.35
403,16,542.732075471698,654.815094339623,227.947471698113,275.022339622641,0.375
403,17,541.709016393443,649.950819672131,227.517786885246,272.979344262295,0.4
403,18,542.6,648.55,227.892,272.391,0.425
403,19,544.733840304183,648.996197718631,228.788212927757,272.578403041825,0.45
403,20,545.9,650.781818181818,229.278,273.328363636364,0.475
404,1,522.401709401709,45.1794871794872,219.408717948718,18.9753846153846,0
404,2,525.690476190476,42.4047619047619,220.79,17.81,0.025
404,3,527.813725490196,45.0490196078431,221.681764705882,18.9205882352941,0.05
404,4,524.218487394958,47.8403361344538,220.171764705882,20.0929411764706,0.075
404,5,525.40625,51.0546875,220.670625,21.44296875,0.1
404,6,530.5,48.2166666666667,222.81,20.251,0.125
404,7,533.109243697479,47.8067226890756,223.905882352941,20.0788235294118,0.15
404,8,534.840336134454,52.6302521008403,224.632941176471,22.1047058823529,0.175
404,9,534.244897959184,55.0408163265306,224.382857142857,23.1171428571429,0.2
404,10,529.702702702703,52.1621621621622,222.475135135135,21.9081081081081,0.225
404,11,523.592105263158,51.3157894736842,219.908684210526,21.5526315789474,0.25
404,12,522.565789473684,54.3157894736842,219.477631578947,22.8126315789474,0.275
404,13,525.556818181818,58.7159090909091,220.733863636364,24.6606818181818,0.3
404,14,525.141592920354,61.2743362831858,220.559469026549,25.7352212389381,0.325
404,15,531.927272727273,61.3363636363636,223.409454545455,25.7612727272727,0.35
404,16,531.802083333333,61.9583333333333,223.356875,26.0225,0.375
404,17,530.534246575342,64.5205479452055,222.824383561644,27.0986301369863,0.4
404,18,532.645569620253,63.0126582278481,223.711139240506,26.4653164556962,0.425
404,19,537.771428571429,61.1571428571429,225.864,25.686,0.45
404,20,540.536082474227,61.0103092783505,227.025154639175,25.6243298969072,0.475
405,1,527.868217054264,117.945736434109,221.704651162791,49.5372093023256,0
405,2,527.928571428571,117.866071428571,221.73,49.50375,0.025
405,3,527.313559322034,118.118644067797,221.471694915254,49.6098305084746,0.05
405,4,526.780487804878,117.211382113821,221.247804878049,49.2287804878049,0.075
405,5,526.963963963964,117.846846846847,221.324864864865,49.4956756756757,0.1
405,6,526.6953125,117.3828125,221.21203125,49.30078125,0.125
405,7,526.546218487395,117.084033613445,221.149411764706,49.1752941176471,0.15
405,8,526.074074074074,117.574074074074,220.951111111111,49.3811111111111,0.175
405,9,525.678260869565,117.921739130435,220.784869565217,49.5271304347826,0.2
405,10,525.57264957265,116.820512820513,220.740512820513,49.0646153846154,0.225
405,11,526.027027027027,116.603603603604,220.931351351351,48.9735135135135,0.25
405,12,526.153153153153,117.207207207207,220.984324324324,49.227027027027,0.275
405,13,525.227722772277,116.663366336634,220.595643564356,48.9986138613861,0.3
405,14,524.833333333333,116.5,220.43,48.93,0.325
405,15,524.034782608696,116.547826086957,220.094608695652,48.9500869565217,0.35
405,16,524.174311926605,116.220183486239,220.153211009174,48.8124770642202,0.375
405,17,523.913461538462,116.153846153846,220.043653846154,48.7846153846154,0.4
405,18,524.183486238532,117.394495412844,220.157064220183,49.3056880733945,0.425
405,19,523.445454545455,117.681818181818,219.847090909091,49.4263636363636,0.45
405,20,522.396396396396,116.684684684685,219.406486486487,49.0075675675676,0.475
406,1,531.694267515924,177.71974522293,223.311592356688,74.6422929936306,0
406,2,531.896774193548,177.387096774194,223.39664516129,74.5025806451613,0.025
406,3,531.06976744186,177.366279069767,223.049302325581,74.4938372093023,0.05
406,4,530.701754385965,177.204678362573,222.894736842105,74.4259649122807,0.075
406,5,538.776674937965,182.660049627792,226.286203473945,76.7172208436725,0.1
406,6,537.490049751244,181.422885572139,225.745820895522,76.1976119402985,0.125
406,7,535.161473087819,181.314447592068,224.767818696884,76.1520679886685,0.15
406,8,534.344051446945,179.327974276527,224.424501607717,75.3177491961415,0.175
406,9,536.667664670659,178.736526946108,225.400419161677,75.0693413173653,0.2
406,10,539.971722365039,179.177377892031,226.788123393316,75.254498714653,0.225
406,11,540.590778097983,176.99711815562,227.048126801153,74.3387896253602,0.25
406,12,542.284431137725,176.464071856287,227.759461077844,74.1149101796407,0.275
406,13,539.045454545455,174.741258741259,226.399090909091,73.3913286713287,0.3
406,14,536.168284789644,174.970873786408,225.19067961165,73.4877669902913,0.325
406,15,535.078590785908,170.685636856369,224.733008130081,71.6879674796748,0.35
406,16,534.165048543689,170.838187702265,224.349320388349,71.7520388349514,0.375
406,17,530.221518987342,175.132911392405,222.693037974684,73.5558227848101,0.4
406,18,531.952095808383,175.652694610778,223.419880239521,73.7741317365269,0.425
406,19,532.127659574468,176.446808510638,223.493617021277,74.1076595744681,0.45
406,20,532.755952380952,177.071428571429,223.7575,74.37,0.475
407,1,533.573619631902,297.923312883436,224.100920245399,125.127791411043,0
407,2,535.780082987552,300.029045643154,225.027634854772,126.012199170124,0.025
407,3,538.794776119403,301.738805970149,226.293805970149,126.730298507463,0.05
407,4,538.126394052045,301.219330855019,226.013085501859,126.512118959108,0.075
407,5,536.635802469136,300.327160493827,225.387037037037,126.137407407407,0.1
407,6,535.384146341463,311.451219512195,224.861341463415,130.809512195122,0.125
407,7,548.981443298969,320.468041237113,230.572206185567,134.596577319588,0.15
407,8,549.133056133056,320.692307692308,230.635883575884,134.690769230769,0.175
407,9,549.550438596491,322.519736842105,230.811184210526,135.458289473684,0.2
407,10,550.979118329466,322.529002320186,231.411229698376,135.462180974478,0.225
407,11,548.586956521739,323.591304347826,230.40652173913,135.908347826087,0.25
407,12,549.389830508475,323.951271186441,230.743728813559,136.059533898305,0.275
407,13,549.422680412371,325.373195876289,230.757525773196,136.656742268041,0.3
407,14,551.072769953052,326.931924882629,231.450563380282,137.311408450704,0.325
407,15,551.879606879607,326.562653562654,231.789434889435,137.156314496314,0.35
407,16,551.165517241379,327.427586206897,231.489517241379,137.519586206897,0.375
407,17,551.374407582938,327.059241706161,231.577251184834,137.364881516588,0.4
407,18,556.559523809524,322.337301587302,233.755,135.381666666667,0.425
407,19,556.901140684411,322.372623574144,233.898479087452,135.396501901141,0.45
407,20,557.090566037736,321.837735849057,233.978037735849,135.171849056604,0.475
408,1,537.933884297521,605.487603305785,225.932231404959,254.30479338843,0
408,2,539.967032967033,606.846153846154,226.786153846154,254.875384615385,0.025
408,3,536.672131147541,605.754098360656,225.402295081967,254.416721311475,0.05
408,4,536.464285714286,608.857142857143,225.315,255.72,0.075
408,5,533.609375,609.6875,224.1159375,256.06875,0.1
408,6,528.078947368421,605.368421052632,221.793157894737,254.254736842105,0.125
408,7,525.784482758621,603.879310344828,220.829482758621,253.629310344828,0.15
408,8,524.721739130435,603.895652173913,220.383130434783,253.636173913043,0.175
408,9,526.384615384615,602.351648351648,221.081538461538,252.987692307692,0.2
408,10,524.453333333333,600.986666666667,220.2704,252.4144,0.225
408,11,523.272727272727,598.621212121212,219.774545454545,251.420909090909,0.25
408,12,522.888888888889,594.333333333333,219.613333333333,249.62,0.275
408,13,519.496688741722,596.403973509934,218.188609271523,250.489668874172,0.3
408,14,518.8,597.177777777778,217.896,250.814666666667,0.325
408,15,516.161290322581,602.629032258065,216.787741935484,253.104193548387,0.35
408,16,515.753846153846,604.261538461538,216.616615384615,253.789846153846,0.375
408,17,509.681818181818,599.663636363636,214.066363636364,251.858727272727,0.4
408,18,506.190909090909,598.509090909091,212.600181818182,251.373818181818,0.425
408,19,505.686567164179,595.783582089552,212.388358208955,250.229104477612,0.45
408,20,504.294117647059,596.926470588235,211.803529411765,250.709117647059,0.475
409,1,545,589.456043956044,228.9,247.571538461538,0
409,2,544.365714285714,588.062857142857,228.6336,246.9864,0.025
409,3,540.192513368984,583.700534759358,226.880855614973,245.15422459893,0.05
409,4,540.957943925234,583.766355140187,227.202336448598,245.181869158878,0.075
409,5,539.681222707424,584.882096069869,226.666113537118,245.650480349345,0.1
409,6,538.925373134328,584.995024875622,226.348656716418,245.697910447761,0.125
409,7,539.75355450237,584.18009478673,226.696492890995,245.355639810427,0.15
409,8,538.596244131455,584.056338028169,226.210422535211,245.303661971831,0.175
409,9,538.212121212121,583.590909090909,226.049090909091,245.108181818182,0.2
409,10,538.51724137931,583.92118226601,226.17724137931,245.246896551724,0.225
409,11,539.07486631016,583.401069518717,226.411443850267,245.028449197861,0.25
409,12,539.55223880597,583.661691542289,226.611940298507,245.137910447761,0.275
409,13,538.470297029703,583.777227722772,226.157524752475,245.186435643564,0.3
409,14,536.861386138614,583.762376237624,225.481782178218,245.180198019802,0.325
409,15,535.795348837209,583.702325581395,225.034046511628,245.154976744186,0.35
409,16,536.330275229358,580.825688073395,225.25871559633,243.946788990826,0.375
409,17,533.805555555556,578.583333333333,224.198333333333,243.005,0.4
409,18,531.551546391753,576.773195876289,223.251649484536,242.244742268041,0.425
409,19,531.735849056604,576.424528301887,223.329056603774,242.098301886792,0.45
409,20,532.305164319249,578.295774647887,223.568169014084,242.884225352113,0.475
410,1,550.228571428571,701.935714285714,231.096,294.813,0
410,2,550.097014925373,700.656716417911,231.040746268657,294.275820895522,0.025
410,3,549.427480916031,698.587786259542,230.759541984733,293.406870229008,0.05
410,4,546.744680851064,696.978723404255,229.632765957447,292.731063829787,0.075
410,5,547.563909774436,696.842105263158,229.976842105263,292.673684210526,0.1
410,6,549.158940397351,696.827814569536,230.646754966887,292.667682119205,0.125
410,7,548.868055555556,694.909722222222,230.524583333333,291.862083333333,0.15
410,8,546.546762589928,692.625899280576,229.54964028777,290.902877697842,0.175
410,9,543.892857142857,690.657142857143,228.435,290.076,0.2
410,10,540.892307692308,690.961538461538,227.174769230769,290.203846153846,0.225
410,11,540.371212121212,691.916666666667,226.955909090909,290.605,0.25
410,12,545.590551181102,693.811023622047,229.148031496063,291.40062992126,0.275
410,13,547.510067114094,696.308724832215,229.954228187919,292.44966442953,0.3
410,14,548.198630136986,694.876712328767,230.243424657534,291.848219178082,0.325
410,15,548.633333333333,695.853333333333,230.426,292.2584,0.35
410,16,548.337837837838,693.966216216216,230.301891891892,291.465810810811,0.375
410,17,546.192307692308,690.584615384615,229.400769230769,290.045538461538,0.4
410,18,543.5,689.486842105263,228.27,289.58447368421,0.425
410,19,542.372413793103,688.88275862069,227.796413793103,289.33075862069,0.45
410,20,539.762237762238,688.440559440559,226.70013986014,289.145034965035,0.475
411,1,554.298850574713,10.3448275862069,232.805517241379,4.3448275862069,0
411,2,553.947368421053,10.4631578947368,232.657894736842,4.39452631578947,0.025
411,3,553.813186813187,10.6373626373626,232.601538461538,4.46769230769231,0.05
411,4,554.27380952381,10.7142857142857,232.795,4.5,0.075
411,5,554.158536585366,11,232.746585365854,4.62,0.1
411,6,553.688888888889,11.1,232.549333333333,4.662,0.125
411,7,553.623529411765,11.3294117647059,232.521882352941,4.75835294117647,0.15
411,8,552.741573033708,11.2022471910112,232.151460674157,4.70494382022472,0.175
411,9,552.389473684211,11.3684210526316,232.003578947368,4.77473684210526,0.2
411,10,554.102564102564,11.3076923076923,232.723076923077,4.74923076923077,0.225
411,11,554.64,10.88,232.9488,4.5696,0.25
411,12,554.615384615385,11.3076923076923,232.938461538462,4.74923076923077,0.275
411,13,554.397435897436,11.6538461538462,232.846923076923,4.89461538461538,0.3
411,14,554.7,11.3625,232.974,4.77225,0.325
411,15,554.7125,11.7875,232.97925,4.95075,0.35
411,16,554.632911392405,12.3670886075949,232.94582278481,5.19417721518987,0.375
411,17,554.481012658228,12.2911392405063,232.882025316456,5.16227848101266,0.4
411,18,554.2125,12.3125,232.76925,5.17125,0.425
411,19,554.346153846154,12.3076923076923,232.825384615385,5.16923076923077,0.45
411,20,552.623762376238,12.4752475247525,232.10198019802,5.23960396039604,0.475
412,1,579.531914893617,622.475177304965,243.403404255319,261.439574468085,0
412,2,579.2421875,623.0859375,243.28171875,261.69609375,0.025
412,3,578.729166666667,623.15625,243.06625,261.725625,0.05
412,4,579.053333333333,623.96,243.2024,262.0632,0.075
412,5,582.04746835443,630.183544303797,244.459936708861,264.677088607595,0.1
412,6,582.061224489796,628.014577259475,244.465714285714,263.76612244898,0.125
412,7,591.717647058824,628.840336134454,248.521411764706,264.112941176471,0.15
412,8,592.304904051173,627.219616204691,248.768059701493,263.43223880597,0.175
412,9,591.480369515012,626.651270207852,248.421755196305,263.193533487298,0.2
412,10,587.671361502347,629.455399061033,246.821971830986,264.371267605634,0.225
412,11,584.253443526171,629.283746556474,245.386446280992,264.299173553719,0.25
412,12,573.184647302905,631.352697095436,240.73755186722,265.168132780083,0.275
412,13,572.942913385827,630.663385826772,240.636023622047,264.878622047244,0.3
412,14,573.913306451613,630.034274193548,241.043588709677,264.61439516129,0.325
412,15,578.461290322581,632.040322580645,242.953741935484,265.456935483871,0.35
412,16,579.533232628399,634.503021148036,243.403957703927,266.491268882175,0.375
412,17,577.653784219002,632.468599033816,242.614589371981,265.636811594203,0.4
412,18,577.2625250501,627.523046092184,242.450260521042,263.559679358717,0.425
412,19,577.82967032967,626.847985347985,242.688461538462,263.276153846154,0.45
412,20,575.805598755832,627.413685847589,241.838351477449,263.513748055988,0.475
413,1,580.162162162162,130.932432432432,243.668108108108,54.9916216216216,0
413,2,580.108108108108,130.878378378378,243.645405405405,54.9689189189189,0.025
413,3,580.5,131.026315789474,243.81,55.0310526315789,0.05
413,4,579.739726027397,131.452054794521,243.490684931507,55.2098630136986,0.075
413,5,580.150684931507,130.931506849315,243.663287671233,54.9912328767123,0.1
413,6,579.739130434783,130.594202898551,243.490434782609,54.8495652173913,0.125
413,7,579.15,130.4,243.243,54.768,0.15
413,8,585.986899563319,124.938864628821,246.114497816594,52.4743231441048,0.175
413,9,582.864406779661,125.847457627119,244.803050847458,52.8559322033898,0.2
413,10,581.744,130.816,244.33248,54.94272,0.225
413,11,583.731958762887,138.20618556701,245.167422680412,58.0465979381443,0.25
413,12,581.755980861244,139.344497607656,244.337511961722,58.5246889952153,0.275
413,13,577.907172995781,140.746835443038,242.721012658228,59.113670886076,0.3
413,14,575.17037037037,145.244444444444,241.571555555556,61.0026666666667,0.325
413,15,576.564705882353,138.364705882353,242.157176470588,58.1131764705882,0.35
413,16,575.697435897436,142.620512820513,241.792923076923,59.9006153846154,0.375
413,17,579.342105263158,134.394736842105,243.323684210526,56.4457894736842,0.4
413,18,580.048780487805,133.317073170732,243.620487804878,55.9931707317073,0.425
413,19,579.973684210526,133.118421052632,243.588947368421,55.9097368421053,0.45
413,20,580.297297297297,133.135135135135,243.724864864865,55.9167567567568,0.475
414,1,586.203007518797,428.293233082707,246.205263157895,179.883157894737,0
414,2,576.982456140351,431.69298245614,242.332631578947,181.311052631579,0.025
414,3,575.10067114094,434.087248322148,241.542281879195,182.316644295302,0.05
414,4,573.916666666667,436.046296296296,241.045,183.139444444444,0.075
414,5,579.260416666667,440.104166666667,243.289375,184.84375,0.1
414,6,575.93984962406,444.804511278195,241.894736842105,186.817894736842,0.125
414,7,575.026086956522,447.121739130435,241.510956521739,187.791130434783,0.15
414,8,570.166666666667,444.235294117647,239.47,186.578823529412,0.175
414,9,568.810810810811,447.279279279279,238.900540540541,187.857297297297,0.2
414,10,568.81954887218,448.766917293233,238.904210526316,188.482105263158,0.225
414,11,568.477611940299,451.171641791045,238.760597014925,189.492089552239,0.25
414,12,570.297297297297,457.144144144144,239.524864864865,192.000540540541,0.275
414,13,563.805309734513,458.938053097345,236.798230088496,192.753982300885,0.3
414,14,562.188811188811,461.769230769231,236.119300699301,193.943076923077,0.325
414,15,563.676190476191,462.971428571429,236.744,194.448,0.35
414,16,565.229885057471,466.505747126437,237.396551724138,195.932413793103,0.375
414,17,558.46218487395,466.588235294118,234.554117647059,195.967058823529,0.4
414,18,556.513157894737,469.217105263158,233.735526315789,197.071184210526,0.425
414,19,556.227722772277,469.019801980198,233.615643564356,196.988316831683,0.45
414,20,556.642105263158,473.852631578947,233.789684210526,199.018105263158,0.475
415,1,589.978142076503,35.7540983606557,247.790819672131,15.0167213114754,0
415,2,592.101941747573,33.1067961165049,248.682815533981,13.904854368932,0.025
415,3,592.410377358491,32.2452830188679,248.812358490566,13.5430188679245,0.05
415,4,591.460732984293,30.7853403141361,248.413507853403,12.9298429319372,0.075
415,5,590.297297297297,30.172972972973,247.924864864865,12.6726486486486,0.1
415,6,590.539772727273,29.2045454545455,248.026704545455,12.2659090909091,0.125
415,7,591.897142857143,27.2685714285714,248.5968,11.4528,0.15
415,8,594.96335078534,24.151832460733,249.884607329843,10.1437696335079,0.175
415,9,595.663157894737,23.2789473684211,250.178526315789,9.77715789473684,0.2
415,10,596.022471910112,22.2977528089888,250.329438202247,9.36505617977528,0.225
415,11,597.092783505155,22.479381443299,250.778969072165,9.44134020618557,0.25
415,12,598.810256410256,20.4205128205128,251.500307692308,8.57661538461538,0.275
415,13,598.589743589744,17.0192307692308,251.407692307692,7.14807692307692,0.3
415,14,600.294964028777,17.0647482014388,252.123884892086,7.16719424460432,0.325
415,15,602.824561403509,21.2456140350877,253.186315789474,8.92315789473684,0.35
415,16,605.889830508475,21.1525423728814,254.473728813559,8.88406779661017,0.375
415,17,606.238938053097,19.8230088495575,254.620353982301,8.32566371681416,0.4
415,18,606.029197080292,18.1094890510949,254.532262773723,7.60598540145985,0.425
415,19,608.610169491525,16.9322033898305,255.616271186441,7.11152542372881,0.45
415,20,611.735849056604,16.4245283018868,256.929056603774,6.89830188679245,0.475
416,1,596.463414634146,69.7073170731707,250.514634146341,29.2770731707317,0
416,2,593.228571428571,65.9142857142857,249.156,27.684,0.025
416,3,587.752380952381,70.6285714285714,246.856,29.664,0.05
416,4,587.988764044944,72.4719101123596,246.955280898876,30.438202247191,0.075
416,5,589.52,76.91,247.5984,32.3022,0.1
416,6,586.207920792079,79.4158415841584,246.207326732673,33.3546534653465,0.125
416,7,583.83908045977,80.1379310344828,245.212413793103,33.6579310344828,0.15
416,8,580.346153846154,75.6538461538462,243.745384615385,31.7746153846154,0.175
416,9,579.752688172043,73.4838709677419,243.496129032258,30.8632258064516,0.2
416,10,577.356164383562,69.6575342465753,242.489589041096,29.2561643835616,0.225
416,11,573.730769230769,70.7211538461538,240.966923076923,29.7028846153846,0.25
416,12,575.942148760331,70.2066115702479,241.895702479339,29.4867768595041,0.275
416,13,576.515384615385,70.8153846153846,242.136461538462,29.7424615384615,0.3
416,14,571.824074074074,75.1851851851852,240.166111111111,31.5777777777778,0.325
416,15,570.094117647059,77.2,239.439529411765,32.424,0.35
416,16,571.493975903614,80.7710843373494,240.027469879518,33.9238554216867,0.375
416,17,562.844660194175,76.9902912621359,236.394757281553,32.3359223300971,0.4
416,18,563.2,73.55,236.544,30.891,0.425
416,19,564.191011235955,65.6292134831461,236.960224719101,27.5642696629214,0.45
416,20,559.54128440367,64.6605504587156,235.007339449541,27.1574311926605,0.475
417,1,606.662222222222,628.991111111111,254.798133333333,264.176266666667,0
417,2,623.635087719298,625.957894736842,261.926736842105,262.902315789474,0.025
417,3,632.695054945055,625.274725274725,265.731923076923,262.615384615385,0.05
417,4,632.864161849711,634.345375722543,265.802947976879,266.425057803468,0.075
417,5,634.551652892562,627.324380165289,266.511694214876,263.476239669421,0.1
417,6,633.020408163265,633.153741496599,265.868571428571,265.924571428571,0.125
417,7,635.792944785276,630.570552147239,267.033036809816,264.839631901841,0.15
417,8,642.641638225256,632.064846416382,269.909488054607,265.467235494881,0.175
417,9,641.741573033708,627.337078651685,269.531460674157,263.481573033708,0.2
417,10,643.493013972056,629.12375249501,270.267065868263,264.231976047904,0.225
417,11,642.443014705882,631.424632352941,269.826066176471,265.198345588235,0.25
417,12,640.391791044776,632.035447761194,268.964552238806,265.454888059701,0.275
417,13,649.813267813268,638.95085995086,272.921572481572,268.359361179361,0.3
417,14,651.165656565657,642.234343434343,273.489575757576,269.738424242424,0.325
417,15,651.248598130841,642.27476635514,273.524411214953,269.755401869159,0.35
417,16,650.005084745763,642.405084745763,273.00213559322,269.81013559322,0.375
417,17,653.02024291498,642.777327935223,274.268502024292,269.966477732793,0.4
417,18,646.011267605634,648.464788732394,271.324732394366,272.355211267606,0.425
417,19,659.775280898876,645.089887640449,277.105617977528,270.937752808989,0.45
417,20,658.376953125,646.474609375,276.5183203125,271.5193359375,0.475
418,1,618.814814814815,239.407407407407,259.902222222222,100.551111111111,0
418,2,619.152173913043,239.434782608696,260.043913043478,100.562608695652,0.025
418,3,619.008,239.88,259.98336,100.7496,0.05
418,4,619.429824561404,240.175438596491,260.160526315789,100.873684210526,0.075
418,5,619.75,239.991379310345,260.295,100.796379310345,0.1
418,6,619.287878787879,239.401515151515,260.100909090909,100.548636363636,0.125
418,7,618.602836879433,239.524822695035,259.813191489362,100.600425531915,0.15
418,8,618.646616541353,239.857142857143,259.831578947368,100.74,0.175
418,9,618.354609929078,239.170212765957,259.708936170213,100.451489361702,0.2
418,10,619.075187969925,239.601503759398,260.011578947368,100.632631578947,0.225
418,11,619.156716417911,239.582089552239,260.045820895522,100.62447761194,0.25
418,12,619.352,239.96,260.12784,100.7832,0.275
418,13,618.985074626866,239.611940298507,259.973731343284,100.637014925373,0.3
418,14,618.985074626866,239.611940298507,259.973731343284,100.637014925373,0.325
418,15,619.066176470588,239.536764705882,260.007794117647,100.605441176471,0.35
418,16,618.866197183099,239.492957746479,259.923802816901,100.587042253521,0.375
418,17,619.084507042254,239.408450704225,260.015492957746,100.551549295775,0.4
418,18,619.084507042254,239.408450704225,260.015492957746,100.551549295775,0.425
418,19,617.727810650888,238.96449704142,259.445680473373,100.365088757396,0.45
418,20,618.605633802817,239.464788732394,259.814366197183,100.575211267606,0.475
419,1,624.247863247863,434.119658119658,262.184102564103,182.330256410256,0
419,2,623.904761904762,434.039682539683,262.04,182.296666666667,0.025
419,3,624.108695652174,434.333333333333,262.125652173913,182.42,0.05
419,4,624.373913043478,434.791304347826,262.237043478261,182.612347826087,0.075
419,5,624.404761904762,434.833333333333,262.25,182.63,0.1
419,6,624.264,435.24,262.19088,182.8008,0.125
419,7,624.264,435.24,262.19088,182.8008,0.15
419,8,624.107438016529,434.760330578512,262.125123966942,182.599338842975,0.175
419,9,624.081300813008,434.934959349593,262.114146341463,182.672682926829,0.2
419,10,623.943548387097,435.596774193548,262.056290322581,182.95064516129,0.225
419,11,623.921052631579,435.210526315789,262.046842105263,182.788421052632,0.25
419,12,623.364406779661,435,261.813050847458,182.7,0.275
419,13,624,434.676691729323,262.08,182.564210526316,0.3
419,14,624.64,435.44,262.3488,182.8848,0.325
419,15,624.626984126984,435.484126984127,262.343333333333,182.903333333333,0.35
419,16,624.939393939394,435.560606060606,262.474545454545,182.935454545455,0.375
419,17,624.361344537815,435.487394957983,262.231764705882,182.904705882353,0.4
419,18,623.48,435.104,261.8616,182.74368,0.425
419,19,623.496,435.008,261.86832,182.70336,0.45
419,20,622.964028776978,434.10071942446,261.644892086331,182.322302158273,0.475
420,1,639.468208092485,182.589595375723,268.576647398844,76.6876300578035,0
420,2,640.448484848485,180.672727272727,268.988363636364,75.8825454545455,0.025
420,3,643.016393442623,176.737704918033,270.066885245902,74.2298360655738,0.05
420,4,646.722826086957,174.108695652174,271.623586956522,73.125652173913,0.075
420,5,645.137254901961,172.62091503268,270.957647058824,72.5007843137255,0.1
420,6,644.924418604651,173.627906976744,270.868255813953,72.9237209302325,0.125
420,7,643.671875,173.40625,270.3421875,72.830625,0.15
420,8,645.325714285714,176.485714285714,271.0368,74.124,0.175
420,9,646.028735632184,175.436781609195,271.332068965517,73.6834482758621,0.2
420,10,647.045685279188,172.177664974619,271.759187817259,72.3146192893401,0.225
420,11,647.921686746988,171.5,272.127108433735,72.03,0.25
420,12,646.532894736842,173.164473684211,271.543815789474,72.7290789473684,0.275
420,13,644.880952380952,174.446428571429,270.85,73.2675,0.3
420,14,638.816901408451,174.859154929577,268.303098591549,73.4408450704225,0.325
420,15,636.952054794521,177.232876712329,267.519863013699,74.4378082191781,0.35
420,16,639.190839694656,172.06106870229,268.460152671756,72.2656488549618,0.375
420,17,640.713513513513,168.345945945946,269.099675675676,70.7052972972973,0.4
420,18,642.544502617801,168.089005235602,269.868691099476,70.5973821989529,0.425
420,19,639.561085972851,166.045248868778,268.615656108597,69.7390045248869,0.45
420,20,640.849246231156,162.316582914573,269.156683417085,68.1729648241206,0.475
421,1,647.409547738694,348.798994974874,271.912010050251,146.495577889447,0
421,2,647.278195488722,348.827067669173,271.856842105263,146.507368421053,0.025
421,3,651.606227106227,342.423076923077,273.674615384615,143.817692307692,0.05
421,4,650.830374753452,341.230769230769,273.34875739645,143.316923076923,0.075
421,5,650.183177570093,343.072897196262,273.076934579439,144.09061682243,0.1
421,6,649.96992481203,343.065789473684,272.987368421053,144.087631578947,0.125
421,7,649.531992687386,343.676416819013,272.803436928702,144.344095063985,0.15
421,8,648.42,342.576363636364,272.3364,143.882072727273,0.175
421,9,648.150537634409,342.431899641577,272.223225806452,143.821397849462,0.2
421,10,647.539449541284,343.071559633028,271.966568807339,144.090055045872,0.225
421,11,646.961977186312,343.410646387833,271.724030418251,144.23247148289,0.25
421,12,646.245080500894,341.497316636852,271.422933810376,143.428872987478,0.275
421,13,645.173166926677,340.204368174727,270.972730109204,142.885834633385,0.3
421,14,647.758782201405,347.7962529274,272.05868852459,146.074426229508,0.325
421,15,636.814496314496,339.277641277641,267.462088452088,142.496609336609,0.35
421,16,633.825842696629,330.97191011236,266.206853932584,139.008202247191,0.375
421,17,630.963190184049,330.01226993865,265.004539877301,138.605153374233,0.4
421,18,615.6925,327.85,258.59085,137.697,0.425
421,19,624.051612903226,331.832258064516,262.101677419355,139.369548387097,0.45
421,20,611.632311977716,330.623955431755,256.885571030641,138.862061281337,0.475
422,1,648.751533742331,573.877300613497,272.475644171779,241.028466257669,0
422,2,654.353658536585,568.60162601626,274.828536585366,238.812682926829,0.025
422,3,659.915094339623,560.22641509434,277.164339622642,235.295094339623,0.05
422,4,657.311111111111,557.925925925926,276.070666666667,234.328888888889,0.075
422,5,664.848,555.368,279.23616,233.25456,0.1
422,6,660.365019011407,560.285171102662,277.353307984791,235.319771863118,0.125
422,7,665.012698412698,560.84126984127,279.305333333333,235.553333333333,0.15
422,8,656.821917808219,562.452054794521,275.865205479452,236.229863013699,0.175
422,9,656.036144578313,555.873493975904,275.535180722892,233.46686746988,0.2
422,10,657.963855421687,551.192771084337,276.344819277108,231.500963855422,0.225
422,11,656.011363636364,552.335227272727,275.524772727273,231.980795454545,0.25
422,12,667.794117647059,550.264705882353,280.473529411765,231.111176470588,0.275
422,13,668.784615384615,548.175384615385,280.889538461538,230.233661538462,0.3
422,14,669.053846153846,549.034615384615,281.002615384615,230.594538461538,0.325
422,15,672.206896551724,544.715517241379,282.326896551724,228.780517241379,0.35
422,16,674.024691358025,540.711934156379,283.09037037037,227.099012345679,0.375
422,17,669.926984126984,536.431746031746,281.369333333333,225.301333333333,0.4
422,18,664.958579881657,535.10650887574,279.282603550296,224.744733727811,0.425
422,19,669.8125,534.819444444444,281.32125,224.624166666667,0.45
422,20,676.952941176471,535.164705882353,284.320235294118,224.769176470588,0.475
423,1,644.877697841727,147.784172661871,270.848633093525,62.0693525179856,0
423,2,645.470588235294,147.919117647059,271.097647058824,62.1260294117647,0.025
423,3,645.404255319149,148.106382978723,271.069787234043,62.2046808510638,0.05
423,4,650.016447368421,147.375,273.006907894737,61.8975,0.075
423,5,648.448179271709,144.901960784314,272.348235294118,60.8588235294118,0.1
423,6,648.591900311527,144.16199376947,272.408598130841,60.5480373831776,0.125
423,7,648.913513513514,141.291891891892,272.543675675676,59.3425945945946,0.15
423,8,651.581967213115,139.505464480874,273.664426229508,58.5922950819672,0.175
423,9,645.446327683616,146.016949152542,271.087457627119,61.3271186440678,0.2
423,10,643.213740458015,144.076335877863,270.149770992366,60.5120610687023,0.225
423,11,645.727941176471,142.110294117647,271.205735294118,59.6863235294118,0.25
423,12,645.886363636364,140.977272727273,271.272272727273,59.2104545454545,0.275
423,13,646.1484375,141.25,271.38234375,59.325,0.3
423,14,646.746268656716,141.865671641791,271.633432835821,59.5835820895522,0.325
423,15,647.832,141.992,272.08944,59.63664,0.35
423,16,649.294871794872,140.108974358974,272.703846153846,58.8457692307692,0.375
423,17,651.141153081511,132.433399602386,273.479284294235,55.622027833002,0.4
423,18,648.904139433551,132.505446623094,272.539738562091,55.6522875816993,0.425
423,19,645.460698689956,131.310043668122,271.093493449782,55.1502183406113,0.45
423,20,649.798722044728,133.610223642173,272.915463258786,56.1162939297125,0.475
424,1,643.852459016393,494.5,270.418032786885,207.69,0
424,2,640.316770186335,493.149068322981,268.933043478261,207.122608695652,0.025
424,3,639.479166666667,491.958333333333,268.58125,206.6225,0.05
424,4,639.798449612403,489.860465116279,268.715348837209,205.741395348837,0.075
424,5,639.203007518797,488.330827067669,268.465263157895,205.098947368421,0.1
424,6,637.947368421053,488.06015037594,267.937894736842,204.985263157895,0.125
424,7,635.264462809917,490.471074380165,266.811074380165,205.997851239669,0.15
424,8,634.7,488.1,266.574,205.002,0.175
424,9,636.198529411765,486.720588235294,267.203382352941,204.422647058824,0.2
424,10,637,484.382165605096,267.54,203.44050955414,0.225
424,11,634.91061452514,481.849162011173,266.662458100559,202.376648044693,0.25
424,12,633.739726027397,481.198630136986,266.170684931507,202.103424657534,0.275
424,13,632.379562043796,482.124087591241,265.599416058394,202.492116788321,0.3
424,14,630.656,485.952,264.87552,204.09984,0.325
424,15,629.201438848921,487.812949640288,264.264604316547,204.881438848921,0.35
424,16,626.028571428571,487.178571428571,262.932,204.615,0.375
424,17,623.369047619048,485.589285714286,261.815,203.9475,0.4
424,18,624.109375,483.71875,262.1259375,203.161875,0.425
424,19,626.408695652174,480.982608695652,263.091652173913,202.012695652174,0.45
424,20,627.330578512397,478.818181818182,263.478842975207,201.103636363636,0.475
425,1,645.56204379562,692.656934306569,271.136058394161,290.915912408759,0
425,2,645.458333333333,688.423611111111,271.0925,289.137916666667,0.025
425,3,643.012987012987,685.331168831169,270.065454545455,287.839090909091,0.05
425,4,645.768,683.272,271.22256,286.97424,0.075
425,5,643.771428571429,685.021428571429,270.384,287.709,0.1
425,6,642.034965034965,679.20979020979,269.654685314685,285.268111888112,0.125
425,7,643.536912751678,676.939597315436,270.285503355705,284.314630872483,0.15
425,8,640.787671232877,675.527397260274,269.130821917808,283.721506849315,0.175
425,9,639.568493150685,670.643835616438,268.618767123288,281.670410958904,0.2
425,10,638.721739130435,672.130434782609,268.263130434783,282.294782608696,0.225
425,11,633.963235294118,661.767156862745,266.264558823529,277.942205882353,0.25
425,12,637.528,659.464,267.76176,276.97488,0.275
425,13,632.346153846154,667.053846153846,265.585384615385,280.162615384615,0.3
425,14,628.830769230769,668.469230769231,264.108923076923,280.757076923077,0.325
425,15,626.822580645161,663.548387096774,263.265483870968,278.690322580645,0.35
425,16,624.414473684211,659.223684210526,262.254078947368,276.873947368421,0.375
425,17,623.615853658537,658.664634146341,261.918658536585,276.639146341463,0.4
425,18,623.333333333333,657.753333333333,261.8,276.2564,0.425
425,19,618.861635220126,656.911949685535,259.921886792453,275.903018867925,0.45
425,20,620.104972375691,653.491712707182,260.44408839779,274.466519337017,0.475
426,1,648.907975460123,36.5644171779141,272.541349693252,15.3570552147239,0
426,2,652.472972972973,36.6554054054054,274.038648648649,15.3952702702703,0.025
426,3,653.227941176471,38.0441176470588,274.355735294118,15.9785294117647,0.05
426,4,654.525925925926,37.3703703703704,274.900888888889,15.6955555555556,0.075
426,5,655.576923076923,39.2051282051282,275.342307692308,16.4661538461538,0.1
426,6,656.666666666667,38.7364341085271,275.8,16.2693023255814,0.125
426,7,656.948051948052,41.6493506493507,275.918181818182,17.4927272727273,0.15
426,8,661.711764705882,42.2411764705882,277.918941176471,17.7412941176471,0.175
426,9,664.725,40.6916666666667,279.1845,17.0905,0.2
426,10,665.094594594595,42.3243243243243,279.33972972973,17.7762162162162,0.225
426,11,667.309352517986,44.0287769784173,280.269928057554,18.4920863309353,0.25
426,12,669.938775510204,43.4081632653061,281.374285714286,18.2314285714286,0.275
426,13,671.855172413793,46.0965517241379,282.179172413793,19.3605517241379,0.3
426,14,673.865771812081,46.3087248322148,283.023624161074,19.4496644295302,0.325
426,15,676.145038167939,46.1221374045802,283.980916030534,19.3712977099237,0.35
426,16,677.71724137931,46.751724137931,284.64124137931,19.635724137931,0.375
426,17,678.472727272727,48.5393939393939,284.958545454545,20.3865454545455,0.4
426,18,682.638418079096,49.7514124293785,286.70813559322,20.895593220339,0.425
426,19,682.954887218045,49.781954887218,286.841052631579,20.9084210526316,0.45
426,20,682.185897435897,52.3717948717949,286.518076923077,21.9961538461538,0.475
427,1,653.393442622951,57.327868852459,274.425245901639,24.0777049180328,0
427,2,650.92349726776,58.551912568306,273.387868852459,24.5918032786885,0.025
427,3,650.658291457286,62.8241206030151,273.27648241206,26.3861306532663,0.05
427,4,654.251336898396,64.7112299465241,274.785561497326,27.1787165775401,0.075
427,5,656.617486338798,65.2732240437158,275.779344262295,27.4147540983607,0.1
427,6,657.331578947368,66.5526315789474,276.079263157895,27.9521052631579,0.125
427,7,656.173913043478,70.6038647342995,275.593043478261,29.6536231884058,0.15
427,8,655.921052631579,70.8315789473684,275.486842105263,29.7492631578947,0.175
427,9,655.348958333333,73.0729166666667,275.2465625,30.690625,0.2
427,10,652.14371257485,76.7005988023952,273.900359281437,32.214251497006,0.225
427,11,652.757396449704,81.8994082840237,274.158106508876,34.3977514792899,0.25
427,12,654.748663101604,84.4652406417112,274.994438502674,35.4754010695187,0.275
427,13,654.263736263736,84.4615384615385,274.790769230769,35.4738461538462,0.3
427,14,651,83.5609756097561,273.42,35.0956097560976,0.325
427,15,647.162921348315,84.2696629213483,271.808426966292,35.3932584269663,0.35
427,16,647.932692307692,89.8365384615385,272.131730769231,37.7313461538462,0.375
427,17,650.491071428571,91.6964285714286,273.20625,38.5125,0.4
427,18,651.829493087558,91.1612903225806,273.768387096774,38.2877419354839,0.425
427,19,650.651785714286,90.7678571428571,273.27375,38.1225,0.45
427,20,649.842639593909,92.751269035533,272.933908629442,38.9555329949239,0.475
428,1,664.107913669065,691.928057553957,278.925323741007,290.609784172662,0
428,2,664.238410596026,691.894039735099,278.980132450331,290.595496688742,0.025
428,3,665.748031496063,693.952755905512,279.614173228346,291.460157480315,0.05
428,4,664.981651376147,696.183486238532,279.292293577982,292.397064220183,0.075
428,5,667.182608695652,694.826086956522,280.216695652174,291.826956521739,0.1
428,6,670.586776859504,697.074380165289,281.646446280992,292.771239669422,0.125
428,7,672.957627118644,696.067796610169,282.642203389831,292.348474576271,0.15
428,8,681.209090909091,691.963636363636,286.107818181818,290.624727272727,0.175
428,9,681.837398373984,693.658536585366,286.371707317073,291.336585365854,0.2
428,10,682.871621621622,693.790540540541,286.806081081081,291.392027027027,0.225
428,11,685.237179487179,695.641025641026,287.799615384615,292.169230769231,0.25
428,12,687.524752475248,697.514851485148,288.760396039604,292.956237623762,0.275
428,13,689.980582524272,695.203883495146,289.791844660194,291.985631067961,0.3
428,14,690.515625,701.078125,290.0165625,294.4528125,0.325
428,15,697.043103448276,701.655172413793,292.758103448276,294.695172413793,0.35
428,16,698.56204379562,700.540145985401,293.396058394161,294.226861313869,0.375
428,17,698.94776119403,700.455223880597,293.558059701492,294.191194029851,0.4
428,18,702.435897435897,701.769230769231,295.023076923077,294.743076923077,0.425
428,19,700.890909090909,702.327272727273,294.374181818182,294.977454545455,0.45
428,20,704.707070707071,695.464646464646,295.97696969697,292.095151515151,0.475
429,1,671.2,371.241176470588,281.904,155.921294117647,0
429,2,672.502958579882,371.686390532544,282.45124260355,156.108284023669,0.025
429,3,673.60248447205,371.291925465839,282.913043478261,155.942608695652,0.05
429,4,673.506097560976,371.40243902439,282.87256097561,155.989024390244,0.075
429,5,674.21875,372.375,283.171875,156.3975,0.1
429,6,674.698224852071,372.550295857988,283.37325443787,156.471124260355,0.125
429,7,674.558659217877,372.011173184358,283.314636871508,156.24469273743,0.15
429,8,674.852941176471,372.323529411765,283.438235294118,156.375882352941,0.175
429,9,675.231213872832,372.35838150289,283.59710982659,156.390520231214,0.2
429,10,676.488095238095,371.52380952381,284.125,156.04,0.225
429,11,676.838150289017,371.404624277457,284.272023121387,155.989942196532,0.25
429,12,676.277173913043,371.940217391304,284.036413043478,156.214891304348,0.275
429,13,676.430107526882,372.478494623656,284.10064516129,156.440967741935,0.3
429,14,677.208737864078,373.388349514563,284.427669902913,156.823106796116,0.325
429,15,676.338235294118,374.411764705882,284.062058823529,157.252941176471,0.35
429,16,675.348066298343,377.983425414365,283.646187845304,158.753038674033,0.375
429,17,671.831395348837,381.029069767442,282.169186046512,160.032209302326,0.4
429,18,668.957671957672,381.867724867725,280.962222222222,160.384444444444,0.425
429,19,666.68137254902,383.5,280.006176470588,161.07,0.45
429,20,666.392156862745,382.813725490196,279.884705882353,160.781764705882,0.475
430,1,667.154761904762,640.142857142857,280.205,268.86,0
430,2,667.423913043478,638.54347826087,280.318043478261,268.188260869565,0.025
430,3,669.982456140351,640.026315789474,281.392631578947,268.811052631579,0.05
430,4,672.814285714286,639.564285714286,282.582,268.617,0.075
430,5,674.244680851064,637.404255319149,283.182765957447,267.709787234043,0.1
430,6,673.171052631579,635.605263157895,282.731842105263,266.954210526316,0.125
430,7,677.43137254902,637.058823529412,284.521176470588,267.564705882353,0.15
430,8,680.862068965517,642.25,285.962068965517,269.745,0.175
430,9,682.575757575758,641.030303030303,286.681818181818,269.232727272727,0.2
430,10,686.569105691057,639.341463414634,288.359024390244,268.523414634146,0.225
430,11,688.117647058824,640.882352941176,289.009411764706,269.170588235294,0.25
430,12,689.08,641.59,289.4136,269.4678,0.275
430,13,690.313725490196,643,289.931764705882,270.06,0.3
430,14,691.983870967742,642.887096774194,290.633225806452,270.012580645161,0.325
430,15,693.595744680851,640.882978723404,291.310212765957,269.17085106383,0.35
430,16,696.288,644.304,292.44096,270.60768,0.375
430,17,702.709844559585,642.60103626943,295.138134715026,269.892435233161,0.4
430,18,699.46511627907,644.953488372093,293.775348837209,270.880465116279,0.425
430,19,704.329545454545,642.988636363636,295.818409090909,270.055227272727,0.45
430,20,702.656652360515,636.008583690987,295.115793991416,267.123605150215,0.475
431,1,688.212765957447,170.234042553192,289.049361702128,71.4982978723404,0
431,2,690.595588235294,170.176470588235,290.050147058824,71.4741176470588,0.025
431,3,692.681592039801,170.572139303483,290.926268656716,71.6402985074627,0.05
431,4,694.315789473684,160.201754385965,291.612631578947,67.2847368421053,0.075
431,5,695.536912751678,159.744966442953,292.125503355705,67.0928859060403,0.1
431,6,697.774834437086,160.920529801325,293.065430463576,67.5866225165563,0.125
431,7,697.666666666667,159.362962962963,293.02,66.9324444444444,0.15
431,8,695.901960784314,162.954248366013,292.278823529412,68.4407843137255,0.175
431,9,696.445652173913,166.625,292.507173913043,69.9825,0.2
431,10,693.771371769384,182.190854870775,291.383976143141,76.5201590457256,0.225
431,11,692.383363471971,181.933092224231,290.801012658228,76.4118987341772,0.25
431,12,694.073122529644,183.045454545455,291.510711462451,76.8790909090909,0.275
431,13,693.567213114754,189.947540983607,291.298229508197,79.7779672131147,0.3
431,14,691.225464190981,191.437665782493,290.314694960212,80.4038196286472,0.325
431,15,680.93125,191.9,285.991125,80.598,0.35
431,16,679.931297709924,192.748091603053,285.571145038168,80.9541984732824,0.375
431,17,669.630952380952,196.130952380952,281.245,82.375,0.4
431,18,669.494252873563,198.149425287356,281.187586206897,83.2227586206896,0.425
431,19,673.75,196.759615384615,282.975,82.6390384615385,0.45
431,20,676.092592592593,198.851851851852,283.958888888889,83.5177777777778,0.475
432,1,691.457142857143,33.7642857142857,290.412,14.181,0
432,2,691.634615384615,31.0641025641026,290.486538461538,13.0469230769231,0.025
432,3,689.41,32.73,289.5522,13.7466,0.05
432,4,685.587360594796,40.5353159851301,287.946691449814,17.0248327137546,0.075
432,5,682.842105263158,46.1052631578947,286.793684210526,19.3642105263158,0.1
432,6,686.382716049383,48.0740740740741,288.280740740741,20.1911111111111,0.125
432,7,686.912280701754,49.7894736842105,288.503157894737,20.9115789473684,0.15
432,8,688.446428571429,48.1607142857143,289.1475,20.2275,0.175
432,9,689.672413793103,47.6896551724138,289.662413793103,20.0296551724138,0.2
432,10,690.879310344828,47.6034482758621,290.169310344828,19.9934482758621,0.225
432,11,695.2,45.85,291.984,19.257,0.25
432,12,693.44387755102,40.3163265306122,291.246428571429,16.9328571428571,0.275
432,13,694.356060606061,43.8181818181818,291.629545454545,18.4036363636364,0.3
432,14,696.430894308943,44.6341463414634,292.500975609756,18.7463414634146,0.325
432,15,697.206349206349,42.3968253968254,292.826666666667,17.8066666666667,0.35
432,16,696.25,39.9473684210526,292.425,16.7778947368421,0.375
432,17,697.645454545455,38.0363636363636,293.011090909091,15.9752727272727,0.4
432,18,700.97520661157,41.2479338842975,294.409586776859,17.324132231405,0.425
432,19,702.815642458101,38.6368715083799,295.182569832402,16.2274860335196,0.45
432,20,704.181208053691,35.6241610738255,295.75610738255,14.9621476510067,0.475
433,1,693.081081081081,228.148648648649,291.094054054054,95.8224324324324,0
433,2,692.931506849315,228.219178082192,291.031232876712,95.8520547945205,0.025
433,3,693.434782608696,227.782608695652,291.242608695652,95.6686956521739,0.05
433,4,693.666666666667,227.666666666667,291.34,95.62,0.075
433,5,693.328767123288,228.465753424658,291.198082191781,95.9556164383562,0.1
433,6,693,229.214285714286,291.06,96.27,0.125
433,7,699.657894736842,233.956140350877,293.856315789474,98.2615789473684,0.15
433,8,704.432,236.8,295.86144,99.456,0.175
433,9,704.588235294118,237.411764705882,295.927058823529,99.7129411764706,0.2
433,10,705,237.087301587302,296.1,99.5766666666667,0.225
433,11,704.690647482014,237.26618705036,295.970071942446,99.6517985611511,0.25
433,12,704.133333333333,238.051851851852,295.736,99.9817777777778,0.275
433,13,703.883333333333,237.916666666667,295.631,99.925,0.3
433,14,703.912280701754,238.043859649123,295.643157894737,99.9784210526316,0.325
433,15,703.940677966102,237.64406779661,295.655084745763,99.8105084745763,0.35
433,16,704.452830188679,237.566037735849,295.870188679245,99.7777358490566,0.375
433,17,704.658333333333,236.816666666667,295.9565,99.463,0.4
433,18,704.684615384615,236.953846153846,295.967538461538,99.5206153846154,0.425
433,19,705.173553719008,237.429752066116,296.172892561983,99.7204958677686,0.45
433,20,705.262711864407,237.406779661017,296.210338983051,99.7108474576271,0.475
434,1,696.782608695652,302.180124223602,292.648695652174,126.915652173913,0
434,2,694.302325581395,297.93023255814,291.606976744186,125.130697674419,0.025
434,3,690.739583333333,295.520833333333,290.110625,124.11875,0.05
434,4,691.68,293.82,290.5056,123.4044,0.075
434,5,696.652482269504,292.765957446808,292.594042553192,122.96170212766,0.1
434,6,697.246478873239,294.338028169014,292.843521126761,123.621971830986,0.125
434,7,702.447368421053,289.565789473684,295.027894736842,121.617631578947,0.15
434,8,707.871794871795,288.480769230769,297.306153846154,121.161923076923,0.175
434,9,712.318181818182,290.577922077922,299.173636363636,122.042727272727,0.2
434,10,709.827338129496,287.73381294964,298.127482014388,120.848201438849,0.225
434,11,702.708333333333,286.533333333333,295.1375,120.344,0.25
434,12,700.732876712329,286.828767123288,294.307808219178,120.468082191781,0.275
434,13,700.976744186047,278.331395348837,294.41023255814,116.899186046512,0.3
434,14,699.779005524862,276.988950276243,293.907182320442,116.335359116022,0.325
434,15,697.340579710145,277.927536231884,292.883043478261,116.729565217391,0.35
434,16,703.685039370079,276.51968503937,295.547716535433,116.138267716535,0.375
434,17,710.204379562044,279.978102189781,298.285839416058,117.590802919708,0.4
434,18,713.527027027027,281.033783783784,299.681351351351,118.034189189189,0.425
434,19,718.290780141844,277.54609929078,301.682127659574,116.569361702128,0.45
434,20,719.875776397516,280.937888198758,302.347826086957,117.993913043478,0.475
435,1,703.219178082192,461.917808219178,295.352054794521,194.005479452055,0
435,2,701.256097560976,459.731707317073,294.52756097561,193.087317073171,0.025
435,3,699.0125,460.2875,293.58525,193.32075,0.05
435,4,694.796296296296,462.425925925926,291.814444444444,194.218888888889,0.075
435,5,695.75,466.75,292.215,196.035,0.1
435,6,696.686440677966,470.64406779661,292.608305084746,197.670508474576,0.125
435,7,693.722772277228,472.950495049505,291.363564356436,198.639207920792,0.15
435,8,690.969072164948,473.030927835052,290.207010309278,198.672989690722,0.175
435,9,691.450980392157,475.196078431373,290.409411764706,199.582352941176,0.2
435,10,693.959183673469,477.142857142857,291.462857142857,200.4,0.225
435,11,693.79347826087,479,291.393260869565,201.18,0.25
435,12,691.597826086957,478.902173913043,290.471086956522,201.138913043478,0.275
435,13,689.92523364486,477.859813084112,289.768598130841,200.701121495327,0.3
435,14,691.031007751938,477.209302325581,290.233023255814,200.427906976744,0.325
435,15,691.841666666667,478.1,290.5735,200.802,0.35
435,16,690.008130081301,480.837398373984,289.803414634146,201.951707317073,0.375
435,17,687.792857142857,480.335714285714,288.873,201.741,0.4
435,18,687.510204081633,479.571428571429,288.754285714286,201.42,0.425
435,19,687.729166666667,479.527777777778,288.84625,201.401666666667,0.45
435,20,686.240601503759,481.586466165414,288.221052631579,202.266315789474,0.475
436,1,707.827586206897,707.870689655172,297.287586206897,297.305689655172,0
436,2,712.3125,704.951388888889,299.17125,296.079583333333,0.025
436,3,715.013513513514,704.337837837838,300.305675675676,295.821891891892,0.05
436,4,712.410256410256,703.581196581197,299.212307692308,295.504102564103,0.075
436,5,714.304761904762,705.057142857143,300.008,296.124,0.1
436,6,717.577981651376,706.908256880734,301.382752293578,296.901467889908,0.125
436,7,719.055555555556,703.444444444444,302.003333333333,295.446666666667,0.15
436,8,722.134328358209,702.708955223881,303.296417910448,295.13776119403,0.175
436,9,724.457746478873,704.197183098591,304.272253521127,295.762816901408,0.2
436,10,725.216216216216,705.765765765766,304.590810810811,296.421621621622,0.225
436,11,726.238532110092,707.733944954128,305.020183486239,297.248256880734,0.25
436,12,727.851239669421,704.289256198347,305.697520661157,295.801487603306,0.275
436,13,730.71511627907,704.633720930233,306.900348837209,295.946162790698,0.3
436,14,731.262295081967,705,307.130163934426,296.1,0.325
436,15,733.878504672897,706.747663551402,308.228971962617,296.834018691589,0.35
436,16,738.378151260504,707.176470588235,310.118823529412,297.014117647059,0.375
436,17,741.048951048951,706.72027972028,311.240559440559,296.822517482517,0.4
436,18,742.892857142857,707.535714285714,312.015,297.165,0.425
436,19,744.086538461538,709.076923076923,312.516346153846,297.812307692308,0.45
436,20,744.826923076923,711.788461538462,312.827307692308,298.951153846154,0.475
437,1,713.11038961039,41.487012987013,299.506363636364,17.4245454545455,0
437,2,712.933734939759,41.7951807228916,299.432168674699,17.5539759036145,0.025
437,3,716.182432432432,42.4324324324324,300.796621621622,17.8216216216216,0.05
437,4,717.453947368421,42.3618421052632,301.330657894737,17.7919736842105,0.075
437,5,718.024390243902,40.8943089430894,301.570243902439,17.1756097560976,0.1
437,6,720.216783216783,40.6573426573427,302.491048951049,17.0760839160839,0.125
437,7,722.719178082192,41.3219178082192,303.542054794521,17.3552054794521,0.15
437,8,721.727272727273,39.4331550802139,303.125454545455,16.5619251336898,0.175
437,9,725.418918918919,36.4932432432432,304.675945945946,15.3271621621622,0.2
437,10,727.508771929825,37.5964912280702,305.553684210526,15.7905263157895,0.225
437,11,728.668639053254,36.7988165680473,306.040828402367,15.4555029585799,0.25
437,12,731,34.8387096774194,307.02,14.6322580645161,0.275
437,13,734.120253164557,35.2848101265823,308.330506329114,14.8196202531646,0.3
437,14,735.553333333333,34.8,308.9324,14.616,0.325
437,15,741.227272727273,34.5833333333333,311.315454545455,14.525,0.35
437,16,743.719696969697,36.4848484848485,312.362272727273,15.3236363636364,0.375
437,17,742.77037037037,38.4814814814815,311.963555555556,16.1622222222222,0.4
437,18,745.322147651007,38.5436241610738,313.035302013423,16.188322147651,0.425
437,19,746.592356687898,37.2547770700637,313.568789808917,15.6470063694268,0.45
437,20,746.208092485549,38.393063583815,313.407398843931,16.1250867052023,0.475
438,1,714.382716049383,91.179012345679,300.040740740741,38.2951851851852,0
438,2,710.402173913043,94.6304347826087,298.368913043478,39.7447826086957,0.025
438,3,708.90625,98.5375,297.740625,41.38575,0.05
438,4,709.582191780822,101.787671232877,298.024520547945,42.7508219178082,0.075
438,5,718.155963302752,100.119266055046,301.625504587156,42.0500917431193,0.1
438,6,722.657407407407,96,303.516111111111,40.32,0.125
438,7,736.972375690608,96.8950276243094,309.528397790055,40.6959116022099,0.15
438,8,737.94512195122,96.5457317073171,309.936951219512,40.5492073170732,0.175
438,9,737.721682847896,97.1618122977346,309.843106796117,40.8079611650485,0.2
438,10,732.670761670762,97.1523341523341,307.72171990172,40.8039803439803,0.225
438,11,736.52534562212,91.5023041474654,309.34064516129,38.4309677419355,0.25
438,12,734.367647058824,91.4166666666667,308.434411764706,38.395,0.275
438,13,733.733333333333,92.3025641025641,308.168,38.7670769230769,0.3
438,14,733.494623655914,89.6774193548387,308.067741935484,37.6645161290323,0.325
438,15,729.805084745763,86.0847457627119,306.51813559322,36.155593220339,0.35
438,16,727.980392156863,84.5032679738562,305.751764705882,35.4913725490196,0.375
438,17,727.689075630252,86.4873949579832,305.629411764706,36.3247058823529,0.4
438,18,726.478632478632,85.0512820512821,305.121025641026,35.7215384615385,0.425
438,19,724.640625,83.2109375,304.3490625,34.94859375,0.45
438,20,722.248484848485,82.5030303030303,303.344363636364,34.6512727272727,0.475
439,1,718.27868852459,538.55737704918,301.677049180328,226.194098360656,0
439,2,715.983957219251,539.978609625668,300.713262032086,226.791016042781,0.025
439,3,714.736196319018,541.699386503067,300.189202453988,227.513742331288,0.05
439,4,714.25748502994,541.359281437126,299.988143712575,227.370898203593,0.075
439,5,714.103658536585,543.768292682927,299.923536585366,228.382682926829,0.1
439,6,714.731707317073,546.439024390244,300.187317073171,229.504390243902,0.125
439,7,713.64,547.28,299.7288,229.8576,0.15
439,8,710.851351351351,543.885135135135,298.557567567568,228.431756756757,0.175
439,9,709.221476510067,543.724832214765,297.873020134228,228.364429530201,0.2
439,10,708.944827586207,548.193103448276,297.756827586207,230.241103448276,0.225
439,11,709.128205128205,548.192307692308,297.833846153846,230.240769230769,0.25
439,12,709.126582278481,547.196202531646,297.833164556962,229.822405063291,0.275
439,13,709.62962962963,546.783950617284,298.044444444444,229.649259259259,0.3
439,14,706.010526315789,548.984210526316,296.524421052632,230.573368421053,0.325
439,15,704.748538011696,552.573099415205,295.994385964912,232.080701754386,0.35
439,16,709.421875,553.755208333333,297.9571875,232.5771875,0.375
439,17,710.388059701493,555.975124378109,298.362985074627,233.509552238806,0.4
439,18,708.077720207254,558.549222797927,297.392642487047,234.59067357513,0.425
439,19,706.98773006135,559.552147239264,296.934846625767,235.011901840491,0.45
439,20,703.581005586592,558.860335195531,295.504022346369,234.721340782123,0.475
440,1,722.710280373832,157.943925233645,303.538317757009,66.3364485981308,0
440,2,722.882716049383,160.888888888889,303.610740740741,67.5733333333333,0.025
440,3,723.806451612903,159.279569892473,303.998709677419,66.8974193548387,0.05
440,4,721.512820512821,157.774358974359,303.035384615385,66.2652307692308,0.075
440,5,721.257383966245,157.177215189873,302.928101265823,66.0144303797468,0.1
440,6,723.273504273504,158.320512820513,303.774871794872,66.4946153846154,0.125
440,7,727.060465116279,161.209302325581,305.365395348837,67.7079069767442,0.15
440,8,727.083743842365,158.379310344828,305.375172413793,66.5193103448276,0.175
440,9,726.972972972973,157.718918918919,305.328648648649,66.2419459459459,0.2
440,10,726.869158878505,153.07476635514,305.285046728972,64.2914018691589,0.225
440,11,726.63829787234,153.191489361702,305.188085106383,64.3404255319149,0.25
440,12,726.683544303797,152,305.207088607595,63.84,0.275
440,13,728.827586206897,151.706896551724,306.107586206897,63.7168965517241,0.3
440,14,728.130434782609,154.246376811594,305.814782608696,64.7834782608696,0.325
440,15,734.718446601942,150.592233009709,308.581747572816,63.2487378640777,0.35
440,16,731.825,150.585,307.3665,63.2457,0.375
440,17,732.171428571429,150.411428571429,307.512,63.1728,0.4
440,18,731.071038251366,150.868852459016,307.049836065574,63.3649180327869,0.425
440,19,729.980769230769,153.00641025641,306.591923076923,64.2626923076923,0.45
440,20,731.146341463415,156.506097560976,307.081463414634,65.7325609756098,0.475
441,1,732.546153846154,253.476923076923,307.669384615385,106.460307692308,0
441,2,737.742857142857,253.47619047619,309.852,106.46,0.025
441,3,736.469230769231,246.284615384615,309.317076923077,103.439538461538,0.05
441,4,734.195804195804,239.321678321678,308.362237762238,100.515104895105,0.075
441,5,734.435,236.055,308.4627,99.1431,0.1
441,6,737.363095238095,233.863095238095,309.6925,98.2225,0.125
441,7,743.324840764331,238.331210191083,312.196433121019,100.099108280255,0.15
441,8,749.264516129032,239.206451612903,314.691096774194,100.466709677419,0.175
441,9,750.401360544218,238.503401360544,315.168571428571,100.171428571429,0.2
441,10,746.141176470588,230.329411764706,313.379294117647,96.7383529411765,0.225
441,11,748.183574879227,226.468599033816,314.237101449275,95.1168115942029,0.25
441,12,748.6,225.464864864865,314.412,94.6952432432432,0.275
441,13,756.746753246753,229.668831168831,317.833636363636,96.4609090909091,0.3
441,14,758.523529411765,232,318.579882352941,97.44,0.325
441,15,762.0375,231.93125,320.05575,97.411125,0.35
441,16,762.684563758389,228.395973154362,320.327516778523,95.9263087248322,0.375
441,17,765.647058823529,230,321.571764705882,96.6,0.4
441,18,761.353846153846,218.603846153846,319.768615384615,91.8136153846154,0.425
441,19,760.283018867925,210.698113207547,319.318867924528,88.4932075471698,0.45
441,20,766.308219178082,213.027397260274,321.849452054794,89.4715068493151,0.475
442,1,730.373015873016,438.595238095238,306.756666666667,184.21,0
442,2,732.951923076923,432.076923076923,307.839807692308,181.472307692308,0.025
442,3,738.596899224806,429.891472868217,310.210697674419,180.554418604651,0.05
442,4,741.615384615385,436.019230769231,311.478461538462,183.128076923077,0.075
442,5,742.535087719298,439.850877192982,311.864736842105,184.737368421053,0.1
442,6,746.064285714286,437.2,313.347,183.624,0.125
442,7,751.195488721805,436.383458646617,315.502105263158,183.281052631579,0.15
442,8,753.047619047619,441.632653061225,316.28,185.485714285714,0.175
442,9,754.171641791045,439.694029850746,316.752089552239,184.671492537313,0.2
442,10,755.272,443.52,317.21424,186.2784,0.225
442,11,747.605263157895,446.868421052632,313.994210526316,187.684736842105,0.25
442,12,751.64347826087,454.75652173913,315.690260869565,190.997739130435,0.275
442,13,760.738738738739,452.432432432432,319.51027027027,190.021621621622,0.3
442,14,766.319672131148,453.262295081967,321.854262295082,190.370163934426,0.325
442,15,762.864285714286,457.857142857143,320.403,192.3,0.35
442,16,756.617647058824,457.985294117647,317.779411764706,192.353823529412,0.375
442,17,761.317567567568,463.844594594595,319.753378378378,194.81472972973,0.4
442,18,762.110236220472,467.259842519685,320.086299212598,196.249133858268,0.425
442,19,764.393939393939,471.25,321.045454545455,197.925,0.45
442,20,768.88785046729,464.07476635514,322.932897196262,194.911401869159,0.475
443,1,746.475,402.6125,313.5195,169.09725,0
443,2,745.366071428571,400.794642857143,313.05375,168.33375,0.025
443,3,746.140776699029,397.320388349515,313.379126213592,166.874563106796,0.05
443,4,755.167808219178,398.106164383562,317.170479452055,167.204589041096,0.075
443,5,755.248344370861,396.900662251656,317.204304635762,166.698278145695,0.1
443,6,754.734265734266,396.017482517483,316.988391608392,166.327342657343,0.125
443,7,752.757936507937,392.68253968254,316.158333333333,164.926666666667,0.15
443,8,751.2,395.533333333333,315.504,166.124,0.175
443,9,746.398876404494,395.696629213483,313.487528089888,166.192584269663,0.2
443,10,745.375,398.786458333333,313.0575,167.4903125,0.225
443,11,744.239520958084,400.179640718563,312.580598802395,168.075449101796,0.25
443,12,749.247474747475,397.631313131313,314.683939393939,167.005151515152,0.275
443,13,750.221719457014,395.619909502262,315.093122171946,166.16036199095,0.3
443,14,750.457399103139,394.242152466368,315.192107623318,165.581704035874,0.325
443,15,750.277551020408,393.289795918367,315.116571428571,165.181714285714,0.35
443,16,750.443686006826,392.126279863481,315.186348122867,164.693037542662,0.375
443,17,748.422018348624,387.183486238532,314.337247706422,162.617064220183,0.4
443,18,747.556074766355,386.883177570093,313.973551401869,162.490934579439,0.425
443,19,746.554502369668,388.132701421801,313.552890995261,163.015734597156,0.45
443,20,750.075117370892,390.31455399061,315.031549295775,163.932112676056,0.475
444,1,754.453125,700.125,316.8703125,294.0525,0
444,2,754.333333333333,700.144927536232,316.82,294.060869565217,0.025
444,3,753.808823529412,700.205882352941,316.599705882353,294.086470588235,0.05
444,4,753.656716417911,700.119402985075,316.535820895522,294.050149253731,0.075
444,5,753.2,699.892307692308,316.344,293.954769230769,0.1
444,6,753.411764705882,699.897058823529,316.432941176471,293.956764705882,0.125
444,7,753,699.5,316.26,293.79,0.15
444,8,752.608695652174,699.434782608696,316.095652173913,293.762608695652,0.175
444,9,752.802631578947,699.263157894737,316.177105263158,293.690526315789,0.2
444,10,753,699.319444444444,316.26,293.714166666667,0.225
444,11,752.481012658228,699.037974683544,316.042025316456,293.595949367089,0.25
444,12,752.385714285714,699.3,316.002,293.706,0.275
444,13,753.333333333333,699.380952380952,316.4,293.74,0.3
444,14,753.72131147541,699.131147540984,316.562950819672,293.635081967213,0.325
444,15,753.476923076923,699.246153846154,316.460307692308,293.683384615385,0.35
444,16,754.078125,698.859375,316.7128125,293.5209375,0.375
444,17,753.477611940299,698.597014925373,316.460597014925,293.410746268657,0.4
444,18,754.714285714286,698.809523809524,316.98,293.5,0.425
444,19,753.463768115942,699.202898550725,316.454782608696,293.665217391304,0.45
444,20,753.171428571429,699.257142857143,316.332,293.688,0.475
445,1,769.122615803815,294.261580381471,323.031498637602,123.589863760218,0
445,2,764.774011299435,300.344632768362,321.205084745763,126.144745762712,0.025
445,3,763.012422360248,299.453416149068,320.465217391304,125.770434782609,0.05
445,4,762.267515923567,301.254777070064,320.152356687898,126.527006369427,0.075
445,5,761.515151515152,302.478787878788,319.836363636364,127.041090909091,0.1
445,6,763.219696969697,302.174242424242,320.552272727273,126.913181818182,0.125
445,7,764.53125,302.5375,321.103125,127.06575,0.15
445,8,765.993197278912,303.768707482993,321.717142857143,127.582857142857,0.175
445,9,767.361111111111,303.977777777778,322.291666666667,127.670666666667,0.2
445,10,769.059139784946,304.790322580645,323.004838709677,128.011935483871,0.225
445,11,774.426229508197,308.426229508197,325.259016393443,129.539016393443,0.25
445,12,776.896825396825,307.777777777778,326.296666666667,129.266666666667,0.275
445,13,777.328859060403,306.120805369128,326.478120805369,128.570738255034,0.3
445,14,778.509433962264,307.446540880503,326.973962264151,129.127547169811,0.325
445,15,779.770833333333,308.090277777778,327.50375,129.397916666667,0.35
445,16,781.041095890411,309.095890410959,328.037260273973,129.820273972603,0.375
445,17,780.130136986301,309.993150684931,327.654657534247,130.197123287671,0.4
445,18,779.883561643836,311.760273972603,327.551095890411,130.939315068493,0.425
445,19,782.911764705882,314.845588235294,328.822941176471,132.235147058824,0.45
445,20,784.986013986014,316.202797202797,329.694125874126,132.805174825175,0.475
446,1,768.162601626016,596.463414634146,322.628292682927,250.514634146341,0
446,2,771.322916666667,596.510416666667,323.955625,250.534375,0.025
446,3,773.936842105263,601.357894736842,325.053473684211,252.570315789474,0.05
446,4,779.405737704918,590.651639344262,327.350409836066,248.07368852459,0.075
446,5,781.579310344828,597.324137931034,328.263310344828,250.876137931034,0.1
446,6,780.328703703704,592.990740740741,327.738055555556,249.056111111111,0.125
446,7,775.58904109589,590.776255707763,325.747397260274,248.12602739726,0.15
446,8,777.056451612903,592.435483870968,326.363709677419,248.822903225806,0.175
446,9,774.814814814815,581.851851851852,325.422222222222,244.377777777778,0.2
446,10,772.088235294118,578.176470588235,324.277058823529,242.834117647059,0.225
446,11,766.645454545455,576.781818181818,321.991090909091,242.248363636364,0.25
446,12,765.623076923077,577.861538461538,321.561692307692,242.701846153846,0.275
446,13,762.666666666667,574.049382716049,320.32,241.100740740741,0.3
446,14,759.8625,573.075,319.14225,240.6915,0.325
446,15,758.871794871795,578.521367521368,318.726153846154,242.978974358974,0.35
446,16,753.112068965517,579.974137931035,316.307068965517,243.589137931034,0.375
446,17,750.349206349206,577.714285714286,315.146666666667,242.64,0.4
446,18,752.478991596639,570.100840336134,316.041176470588,239.442352941176,0.425
446,19,747.028985507246,565.434782608696,313.752173913043,237.482608695652,0.45
446,20,747.268817204301,565.989247311828,313.852903225806,237.715483870968,0.475
447,1,770.595588235294,178.941176470588,323.650147058824,75.1552941176471,0
447,2,774.555555555556,180.437037037037,325.313333333333,75.7835555555556,0.025
447,3,774.762430939227,180.447513812155,325.400220994475,75.787955801105,0.05
447,4,774.441340782123,176.435754189944,325.265363128492,74.1030167597765,0.075
447,5,773.248704663212,173.300518134715,324.764455958549,72.7862176165803,0.1
447,6,775.405263157895,173.136842105263,325.670210526316,72.7174736842105,0.125
447,7,774.932098765432,172.487654320988,325.471481481481,72.4448148148148,0.15
447,8,778.353846153846,171.030769230769,326.908615384615,71.8329230769231,0.175
447,9,781.488,174.36,328.22496,73.2312,0.2
447,10,780.311475409836,169.644808743169,327.730819672131,71.2508196721311,0.225
447,11,780.682926829268,166.278048780488,327.886829268293,69.8367804878049,0.25
447,12,781.292079207921,165.118811881188,328.142673267327,69.349900990099,0.275
447,13,779.323863636364,166.278409090909,327.316022727273,69.8369318181818,0.3
447,14,779.067796610169,165.429378531073,327.208474576271,69.4803389830508,0.325
447,15,782.350993377483,165.609271523179,328.587417218543,69.5558940397351,0.35
447,16,784.306748466258,167.251533742331,329.408834355828,70.2456441717791,0.375
447,17,784.903553299492,163.162436548223,329.659492385787,68.5282233502538,0.4
447,18,782.72192513369,159.657754010695,328.74320855615,67.056256684492,0.425
447,19,783.964071856287,155.730538922156,329.264910179641,65.4068263473054,0.45
447,20,781.774390243902,153.908536585366,328.345243902439,64.6415853658537,0.475
448,1,772.438016528926,426.049586776859,324.423966942149,178.940826446281,0
448,2,774.632,423.712,325.34544,177.95904,0.025
448,3,769.888157894737,428.138157894737,323.353026315789,179.818026315789,0.05
448,4,766.354430379747,430.164556962025,321.868860759494,180.669113924051,0.075
448,5,767.634146341463,434.4,322.406341463415,182.448,0.1
448,6,770.761006289308,440.069182389937,323.719622641509,184.829056603774,0.125
448,7,776.282442748092,439.053435114504,326.038625954198,184.402442748092,0.15
448,8,781.726495726496,430.111111111111,328.325128205128,180.646666666667,0.175
448,9,787.34756097561,428.121951219512,330.685975609756,179.811219512195,0.2
448,10,790.630434782609,427.13768115942,332.064782608696,179.397826086957,0.225
448,11,795.812765957447,425.689361702128,334.241361702128,178.789531914894,0.25
448,12,789.186335403727,433.633540372671,331.458260869565,182.126086956522,0.275
448,13,784.875675675676,434.318918918919,329.647783783784,182.413945945946,0.3
448,14,785.206896551724,434.063218390805,329.786896551724,182.306551724138,0.325
448,15,784.221428571429,438.307142857143,329.373,184.089,0.35
448,16,784.33152173913,445.440217391304,329.419239130435,187.084891304348,0.375
448,17,789.069230769231,446.515384615385,331.409076923077,187.536461538462,0.4
448,18,793.68253968254,443.222222222222,333.346666666667,186.153333333333,0.425
448,19,796.394160583942,439.109489051095,334.485547445255,184.42598540146,0.45
448,20,798.369230769231,438.038461538462,335.315076923077,183.976153846154,0.475
449,1,779.877192982456,67.4736842105263,327.548421052632,28.3389473684211,0
449,2,779.310344827586,66.4827586206897,327.310344827586,27.9227586206897,0.025
449,3,779.074074074074,66.6111111111111,327.211111111111,27.9766666666667,0.05
449,4,778.758620689655,66.9310344827586,327.078620689655,28.1110344827586,0.075
449,5,778.118644067797,67.0847457627119,326.809830508475,28.175593220339,0.1
449,6,778.183333333333,66.3666666666667,326.837,27.874,0.125
449,7,778.245614035088,66.5789473684211,326.863157894737,27.9631578947368,0.15
449,8,778.245614035088,66.5789473684211,326.863157894737,27.9631578947368,0.175
449,9,778.333333333333,66.5555555555556,326.9,27.9533333333333,0.2
449,10,778.4,66.7166666666667,326.928,28.021,0.225
449,11,778.95,67.15,327.159,28.203,0.25
449,12,778.80701754386,66.9122807017544,327.098947368421,28.1031578947368,0.275
449,13,778.771929824561,66.859649122807,327.084210526316,28.0810526315789,0.3
449,14,778.523076923077,66.8307692307692,326.979692307692,28.0689230769231,0.325
449,15,778.064516129032,66.9838709677419,326.787096774194,28.1332258064516,0.35
449,16,778.050847457627,66.7796610169491,326.781355932203,28.0474576271186,0.375
449,17,778.064516129032,66.9838709677419,326.787096774194,28.1332258064516,0.4
449,18,777.754098360656,67.0327868852459,326.656721311475,28.1537704918033,0.425
449,19,778,67.2068965517241,326.76,28.2268965517241,0.45
449,20,778.310344827586,67.2758620689655,326.890344827586,28.2558620689655,0.475
450,1,798.544117647059,134.183823529412,335.388529411765,56.3572058823529,0
450,2,790.01,132.85,331.8042,55.797,0.025
450,3,787.666666666667,131.239583333333,330.82,55.120625,0.05
450,4,786.487179487179,129.525641025641,330.324615384615,54.4007692307692,0.075
450,5,784.509090909091,131.209090909091,329.493818181818,55.1078181818182,0.1
450,6,787.579365079365,125.515873015873,330.783333333333,52.7166666666667,0.125
450,7,788.802395209581,120.323353293413,331.297005988024,50.5358083832335,0.15
450,8,788.447619047619,121.180952380952,331.148,50.896,0.175
450,9,792.808510638298,115.489361702128,332.979574468085,48.5055319148936,0.2
450,10,795.596774193548,114.758064516129,334.15064516129,48.1983870967742,0.225
450,11,783.935344827586,116.39224137931,329.252844827586,48.8847413793103,0.25
450,12,780.539682539683,114.544973544974,327.826666666667,48.1088888888889,0.275
450,13,781.026315789474,109.942105263158,328.031052631579,46.1756842105263,0.3
450,14,784.705583756345,104.446700507614,329.576345177665,43.867614213198,0.325
450,15,782.572115384615,101.961538461538,328.680288461538,42.8238461538462,0.35
450,16,779.888888888889,99.3650793650794,327.553333333333,41.7333333333333,0.375
450,17,777.593220338983,101.497175141243,326.589152542373,42.628813559322,0.4
450,18,773.972972972973,101.686486486486,325.068648648649,42.7083243243243,0.425
450,19,771.364532019704,100.12315270936,323.973103448276,42.051724137931,0.45
450,20,776.42,95.7,326.0964,40.194,0.475
451,1,807.952095808383,254.898203592814,339.339880239521,107.057245508982,0
451,2,810.615384615385,254.636363636364,340.458461538462,106.947272727273,0.025
451,3,809.556291390728,253.986754966887,340.013642384106,106.674437086093,0.05
451,4,809.285714285714,252.503401360544,339.9,106.051428571429,0.075
451,5,812.645390070922,251.496453900709,341.311063829787,105.628510638298,0.1
451,6,812.362068965517,250.333333333333,341.192068965517,105.14,0.125
451,7,810.829545454545,250.420454545455,340.548409090909,105.176590909091,0.15
451,8,813.664516129032,249.296774193548,341.739096774194,104.70464516129,0.175
451,9,814.755319148936,247.026595744681,342.197234042553,103.751170212766,0.2
451,10,813.496774193548,246.832258064516,341.66864516129,103.669548387097,0.225
451,11,815.335403726708,245.16149068323,342.440869565217,102.967826086957,0.25
451,12,816.993975903614,243.981927710843,343.137469879518,102.472409638554,0.275
451,13,815.522727272727,241.25,342.519545454545,101.325,0.3
451,14,815.201030927835,239.701030927835,342.384432989691,100.674432989691,0.325
451,15,819.470238095238,237.946428571429,344.1775,99.9375,0.35
451,16,821.348314606742,236.960674157303,344.966292134831,99.5234831460674,0.375
451,17,820.609195402299,238.390804597701,344.655862068966,100.124137931034,0.4
451,18,822.755681818182,236.386363636364,345.557386363636,99.2822727272727,0.425
451,19,824.402597402597,232.227272727273,346.249090909091,97.5354545454545,0.45
451,20,826.695945945946,233.331081081081,347.212297297297,97.9990540540541,0.475
452,1,810.46,66.64,340.3932,27.9888,0
452,2,810.910714285714,66.6607142857143,340.5825,27.9975,0.025
452,3,810.793103448276,66.551724137931,340.533103448276,27.951724137931,0.05
452,4,810.457627118644,66.1186440677966,340.39220338983,27.7698305084746,0.075
452,5,810.392857142857,66.4107142857143,340.365,27.8925,0.1
452,6,810.306451612903,66.1935483870968,340.328709677419,27.8012903225806,0.125
452,7,810.309090909091,66.6181818181818,340.329818181818,27.9796363636364,0.15
452,8,810.655737704918,66.2459016393443,340.475409836066,27.8232786885246,0.175
452,9,810.383333333333,66.6,340.361,27.972,0.2
452,10,810.44262295082,66.4426229508197,340.385901639344,27.9059016393443,0.225
452,11,810.410714285714,66.625,340.3725,27.9825,0.25
452,12,810.327868852459,66.2950819672131,340.337704918033,27.8439344262295,0.275
452,13,810.016666666667,66.4333333333333,340.207,27.902,0.3
452,14,810.1,66.4166666666667,340.242,27.895,0.325
452,15,810.25,66.9333333333333,340.305,28.112,0.35
452,16,810.169230769231,66.6153846153846,340.271076923077,27.9784615384615,0.375
452,17,810.169230769231,66.6153846153846,340.271076923077,27.9784615384615,0.4
452,18,809.7,67.0666666666667,340.074,28.168,0.425
452,19,809.78125,66.828125,340.108125,28.0678125,0.45
452,20,809.7,66.9333333333333,340.074,28.112,0.475
453,1,826.757575757576,521.977272727273,347.238181818182,219.230454545455,0
453,2,831.584415584416,520.214285714286,349.265454545455,218.49,0.025
453,3,828.963768115942,520.985507246377,348.164782608696,218.813913043478,0.05
453,4,827.718518518519,520.214814814815,347.641777777778,218.490222222222,0.075
453,5,830.208,518.752,348.68736,217.87584,0.1
453,6,828.406015037594,516.721804511278,347.930526315789,217.023157894737,0.125
453,7,825.645833333333,515.006944444444,346.77125,216.302916666667,0.15
453,8,826.417218543046,512.41059602649,347.095231788079,215.212450331126,0.175
453,9,826.733333333333,510.806060606061,347.228,214.538545454545,0.2
453,10,826.95,509.564285714286,347.319,214.017,0.225
453,11,831.946564885496,511.893129770992,349.417557251908,214.995114503817,0.25
453,12,834.785714285714,515.767857142857,350.61,216.6225,0.275
453,13,837.472049689441,514.60248447205,351.738260869565,216.133043478261,0.3
453,14,839.855421686747,512.71686746988,352.739277108434,215.341084337349,0.325
453,15,835.641221374046,509.068702290076,350.969312977099,213.808854961832,0.35
453,16,829.213114754098,505.483606557377,348.269508196721,212.303114754098,0.375
453,17,825.798611111111,502.409722222222,346.835416666667,211.012083333333,0.4
453,18,827.22905027933,499.821229050279,347.436201117318,209.924916201117,0.425
453,19,829.094736842105,497.921052631579,348.219789473684,209.126842105263,0.45
453,20,831.179347826087,497.070652173913,349.095326086957,208.769673913043,0.475
454,1,837.952380952381,461.293650793651,351.94,193.743333333333,0
454,2,838.836206896552,457.327586206897,352.311206896552,192.077586206897,0.025
454,3,841.854304635762,453.913907284768,353.57880794702,190.643841059603,0.05
454,4,840.452941176471,448.023529411765,352.990235294118,188.169882352941,0.075
454,5,842.526627218935,444.491124260355,353.861183431953,186.686272189349,0.1
454,6,841.145945945946,443.243243243243,353.281297297297,186.162162162162,0.125
454,7,835.20245398773,441.668711656442,350.785030674847,185.500858895706,0.15
454,8,834.744186046512,440.674418604651,350.592558139535,185.083255813953,0.175
454,9,837.171779141104,441.337423312883,351.612147239264,185.361717791411,0.2
454,10,833.80303030303,438.598484848485,350.197272727273,184.211363636364,0.225
454,11,839.813008130081,433.861788617886,352.721463414634,182.221951219512,0.25
454,12,841.011627906977,429.424418604651,353.22488372093,180.358255813953,0.275
454,13,841.511961722488,428.368421052632,353.435023923445,179.914736842105,0.3
454,14,842.875776397516,426.726708074534,354.007826086957,179.225217391304,0.325
454,15,838.260563380282,427.838028169014,352.069436619718,179.691971830986,0.35
454,16,832.683544303797,428.689873417722,349.727088607595,180.049746835443,0.375
454,17,830.741935483871,425.658064516129,348.911612903226,178.776387096774,0.4
454,18,829.040816326531,427.503401360544,348.197142857143,179.551428571429,0.425
454,19,828.655405405405,423.486486486487,348.03527027027,177.864324324324,0.45
454,20,836.302631578947,422.559210526316,351.247105263158,177.474868421053,0.475
455,1,840.236842105263,611.953947368421,352.89947368421,257.020657894737,0
455,2,842.7,619.294117647059,353.934,260.103529411765,0.025
455,3,840.922155688623,621.766467065868,353.187305389222,261.141916167665,0.05
455,4,839.16393442623,623.114754098361,352.448852459016,261.708196721311,0.075
455,5,838.444444444444,624.567251461988,352.146666666667,262.318245614035,0.1
455,6,834.946428571429,624.708333333333,350.6775,262.3775,0.125
455,7,836.234375,629.484375,351.2184375,264.3834375,0.15
455,8,832.557291666667,631.03125,349.6740625,265.033125,0.175
455,9,827.154411764706,629.264705882353,347.404852941176,264.291176470588,0.2
455,10,825.786069651741,632.691542288557,346.830149253731,265.730447761194,0.225
455,11,825.274509803922,638.25,346.615294117647,268.065,0.25
455,12,823.331325301205,636.656626506024,345.799156626506,267.39578313253,0.275
455,13,822.280821917808,637.13698630137,345.357945205479,267.597534246575,0.3
455,14,819.538011695906,638.263157894737,344.205964912281,268.070526315789,0.325
455,15,816.061643835616,641.08904109589,342.745890410959,269.257397260274,0.35
455,16,812.220858895706,643.030674846626,341.132760736196,270.072883435583,0.375
455,17,815.072727272727,647.951515151515,342.330545454545,272.139636363636,0.4
455,18,811.233766233766,646.668831168831,340.718181818182,271.600909090909,0.425
455,19,804.100694444444,655.340277777778,337.722291666667,275.242916666667,0.45
455,20,803.415584415584,657.876623376623,337.434545454545,276.308181818182,0.475
456,1,848.419642857143,317.955357142857,356.33625,133.54125,0
456,2,841.888888888889,314.729166666667,353.593333333333,132.18625,0.025
456,3,847.0625,311.411458333333,355.76625,130.7928125,0.05
456,4,846.359788359788,311.05291005291,355.471111111111,130.642222222222,0.075
456,5,848.658031088083,310.917098445596,356.436373056995,130.58518134715,0.1
456,6,851.362962962963,318.355555555556,357.572444444444,133.709333333333,0.125
456,7,857.677631578947,318.414473684211,360.224605263158,133.734078947368,0.15
456,8,859.111111111111,317.5,360.826666666667,133.35,0.175
456,9,855.597122302158,313.215827338129,359.350791366906,131.550647482014,0.2
456,10,850.811428571429,306.931428571429,357.3408,128.9112,0.225
456,11,851.928934010152,305.284263959391,357.810152284264,128.219390862944,0.25
456,12,850.270967741935,304.116129032258,357.113806451613,127.728774193548,0.275
456,13,854.532374100719,303.035971223022,358.903597122302,127.275107913669,0.3
456,14,855.089108910891,303.910891089109,359.137425742574,127.642574257426,0.325
456,15,859.361502347418,303.75117370892,360.931830985915,127.575492957746,0.35
456,16,857.908108108108,301.962162162162,360.321405405405,126.824108108108,0.375
456,17,853.994475138122,300.82320441989,358.677679558011,126.345745856354,0.4
456,18,854.877551020408,297.619047619048,359.048571428571,125,0.425
456,19,855.380281690141,295.443661971831,359.259718309859,124.086338028169,0.45
456,20,854.472,294.288,358.87824,123.60096,0.475
457,1,854.025641025641,388.700854700855,358.690769230769,163.254358974359,0
457,2,852.306569343066,389.547445255474,357.968759124088,163.609927007299,0.025
457,3,853.757575757576,393.030303030303,358.578181818182,165.072727272727,0.05
457,4,857.666666666667,393.598639455782,360.22,165.311428571429,0.075
457,5,855.9375,392.046875,359.49375,164.6596875,0.1
457,6,858.194915254237,392.838983050847,360.44186440678,164.992372881356,0.125
457,7,862.270491803279,391.819672131148,362.153606557377,164.564262295082,0.15
457,8,864.216216216216,394.18018018018,362.970810810811,165.555675675676,0.175
457,9,863.295652173913,395.904347826087,362.584173913043,166.279826086957,0.2
457,10,863.813953488372,402.31007751938,362.801860465116,168.97023255814,0.225
457,11,867.113636363636,403.022727272727,364.187727272727,169.269545454545,0.25
457,12,863.074074074074,403.607407407407,362.491111111111,169.515111111111,0.275
457,13,862.422818791946,405.046979865772,362.217583892617,170.119731543624,0.3
457,14,866.642276422764,406.016260162602,363.989756097561,170.526829268293,0.325
457,15,871.934065934066,406.021978021978,366.212307692308,170.529230769231,0.35
457,16,873.452702702703,401.567567567568,366.850135135135,168.658378378378,0.375
457,17,876.760416666667,405.541666666667,368.239375,170.3275,0.4
457,18,878.279661016949,407.949152542373,368.877457627119,171.338644067797,0.425
457,19,873.462809917355,413.867768595041,366.854380165289,173.824462809917,0.45
457,20,873.932773109244,415.697478991597,367.051764705882,174.592941176471,0.475
458,1,860.707920792079,127.039603960396,361.497326732673,53.3566336633663,0
458,2,862.451219512195,130.225609756098,362.229512195122,54.694756097561,0.025
458,3,857.579234972678,127.688524590164,360.183278688525,53.6291803278689,0.05
458,4,858.005102040816,125.709183673469,360.362142857143,52.7978571428571,0.075
458,5,860.056910569106,119.520325203252,361.223902439024,50.1985365853659,0.1
458,6,859.661764705882,118.929411764706,361.057941176471,49.9503529411765,0.125
458,7,861.40099009901,120.205445544554,361.788415841584,50.4862871287129,0.15
458,8,863.31712962963,122.203703703704,362.593194444444,51.3255555555556,0.175
458,9,862.104683195592,124.33608815427,362.083966942149,52.2211570247934,0.2
458,10,862.042857142857,124.419047619048,362.058,52.256,0.225
458,11,862.959183673469,128.352040816327,362.442857142857,53.9078571428571,0.25
458,12,870.690821256039,122.63768115942,365.690144927536,51.5078260869565,0.275
458,13,871.582887700535,120.700534759358,366.064812834225,50.6942245989305,0.3
458,14,872.680751173709,121.629107981221,366.525915492958,51.0842253521127,0.325
458,15,877.284023668639,126.568047337278,368.459289940828,53.1585798816568,0.35
458,16,881.044585987261,124.414012738854,370.03872611465,52.2538853503185,0.375
458,17,881.132947976879,125,370.075838150289,52.5,0.4
458,18,880.424731182796,129.295698924731,369.778387096774,54.3041935483871,0.425
458,19,885.169934640523,130.43137254902,371.77137254902,54.7811764705882,0.45
458,20,888.378109452736,130.248756218905,373.118805970149,54.7044776119403,0.475
459,1,865.092857142857,280.564285714286,363.339,117.837,0
459,2,866,281.326241134752,363.72,118.157021276596,0.025
459,3,867.290502793296,281.04469273743,364.262011173184,118.038770949721,0.05
459,4,872.757575757576,283.762626262626,366.558181818182,119.180303030303,0.075
459,5,871.65445026178,288.701570680628,366.094869109948,121.254659685864,0.1
459,6,869.278947368421,290.084210526316,365.097157894737,121.835368421053,0.125
459,7,871.109452736318,291.776119402985,365.865970149254,122.545970149254,0.15
459,8,874.433497536946,292.773399014778,367.262068965517,122.964827586207,0.175
459,9,874.791111111111,294.186666666667,367.412266666667,123.5584,0.2
459,10,874.893719806763,295.111111111111,367.455362318841,123.946666666667,0.225
459,11,878.940425531915,296.787234042553,369.154978723404,124.650638297872,0.25
459,12,879.314159292035,296.738938053097,369.311946902655,124.630353982301,0.275
459,13,879.027173913043,296.489130434783,369.191413043478,124.525434782609,0.3
459,14,880.886462882096,298.847161572052,369.97231441048,125.515807860262,0.325
459,15,884.680365296804,301.109589041096,371.565753424658,126.46602739726,0.35
459,16,885.31455399061,300.305164319249,371.832112676056,126.128169014085,0.375
459,17,885.552884615385,299.024038461538,371.932211538462,125.590096153846,0.4
459,18,886.905759162304,298.120418848168,372.500418848167,125.21057591623,0.425
459,19,889.832061068702,298.587786259542,373.729465648855,125.406870229008,0.45
459,20,894.572674418605,298.607558139535,375.720523255814,125.415174418605,0.475
460,1,883.261146496815,30.7452229299363,370.969681528662,12.9129936305732,0
460,2,885.576923076923,28.3692307692308,371.942307692308,11.9150769230769,0.025
460,3,891.087248322148,26.0402684563758,374.256644295302,10.9369127516779,0.05
460,4,888.62987012987,22.012987012987,373.224545454545,9.24545454545454,0.075
460,5,894.691588785047,25.0841121495327,375.77046728972,10.5353271028037,0.1
460,6,892.265486725664,37.7433628318584,374.751504424779,15.8522123893805,0.125
460,7,888.184049079755,44.9018404907975,373.037300613497,18.858773006135,0.15
460,8,897.5,48.9492753623188,376.95,20.5586956521739,0.175
460,9,902.042553191489,49.9219858156028,378.857872340426,20.9672340425532,0.2
460,10,903.582677165354,46.5511811023622,379.504724409449,19.5514960629921,0.225
460,11,896.362244897959,35.5765306122449,376.472142857143,14.9421428571429,0.25
460,12,896.645502645503,30.1481481481481,376.591111111111,12.6622222222222,0.275
460,13,902.037878787879,27.8257575757576,378.855909090909,11.6868181818182,0.3
460,14,902.883333333333,26.3416666666667,379.211,11.0635,0.325
460,15,907.822429906542,30.6355140186916,381.285420560748,12.8669158878505,0.35
460,16,905.617647058824,36.75,380.359411764706,15.435,0.375
460,17,908.965217391304,39.095652173913,381.765391304348,16.4201739130435,0.4
460,18,914.467889908257,37.5045871559633,384.076513761468,15.7519266055046,0.425
460,19,917.603174603175,38.5396825396825,385.393333333333,16.1866666666667,0.45
460,20,913.504132231405,39.0247933884297,383.67173553719,16.3904132231405,0.475
461,1,883.731707317073,628.878048780488,371.167317073171,264.128780487805,0
461,2,884.825757575758,627.227272727273,371.626818181818,263.435454545455,0.025
461,3,885.506849315069,627.150684931507,371.912876712329,263.403287671233,0.05
461,4,882.626086956522,622.260869565217,370.702956521739,261.349565217391,0.075
461,5,882.530769230769,618.738461538462,370.662923076923,259.870153846154,0.1
461,6,878.473214285714,619.857142857143,368.95875,260.34,0.125
461,7,875.861538461538,622.915384615385,367.861846153846,261.624461538462,0.15
461,8,872.572519083969,624.832061068702,366.480458015267,262.429465648855,0.175
461,9,868.830769230769,629.161538461538,364.908923076923,264.247846153846,0.2
461,10,867.442477876106,626.938053097345,364.325840707965,263.313982300885,0.225
461,11,868.530769230769,621.507692307692,364.782923076923,261.033230769231,0.25
461,12,866.584615384615,616.130769230769,363.965538461538,258.774923076923,0.275
461,13,866.029850746269,614.216417910448,363.732537313433,257.970895522388,0.3
461,14,864.930434782609,612.626086956522,363.270782608696,257.302956521739,0.325
461,15,864.157894736842,616.622807017544,362.946315789474,258.981578947368,0.35
461,16,865.178571428571,624.696428571429,363.375,262.3725,0.375
461,17,859.041666666667,624.451388888889,360.7975,262.269583333333,0.4
461,18,858.7,622.9,360.654,261.618,0.425
461,19,856.647058823529,622.18487394958,359.791764705882,261.317647058824,0.45
461,20,857.582781456954,617.986754966887,360.184768211921,259.554437086093,0.475
462,1,886.475806451613,253.274193548387,372.319838709677,106.375161290323,0
462,2,885.985074626866,253.365671641791,372.113731343284,106.413582089552,0.025
462,3,885.940298507463,253.768656716418,372.094925373134,106.582835820896,0.05
462,4,884.602836879433,253.418439716312,371.533191489362,106.435744680851,0.075
462,5,884.460431654676,253.762589928058,371.473381294964,106.580287769784,0.1
462,6,885.410071942446,253.625899280576,371.872230215827,106.522877697842,0.125
462,7,884.285714285714,253.292207792208,371.4,106.382727272727,0.15
462,8,884.844594594595,253.709459459459,371.63472972973,106.557972972973,0.175
462,9,884.703947368421,253.559210526316,371.575657894737,106.494868421053,0.2
462,10,884.570512820513,253.487179487179,371.519615384615,106.464615384615,0.225
462,11,884.175141242938,254.067796610169,371.353559322034,106.708474576271,0.25
462,12,890.361216730038,258.787072243346,373.951711026616,108.690570342205,0.275
462,13,894.619144602851,251.199592668024,375.740040733198,105.50382892057,0.3
462,14,885.04347826087,253.028985507246,371.718260869565,106.272173913043,0.325
462,15,886.014084507042,252.704225352113,372.125915492958,106.135774647887,0.35
462,16,885.898089171975,252.452229299363,372.077197452229,106.029936305732,0.375
462,17,890.02380952381,246.493197278912,373.81,103.527142857143,0.4
462,18,888.35,250.114285714286,373.107,105.048,0.425
462,19,887.158064516129,246.229032258065,372.606387096774,103.416193548387,0.45
462,20,884.47619047619,253.353741496599,371.48,106.408571428571,0.475
463,1,896.609589041096,169.452054794521,376.57602739726,71.1698630136986,0
463,2,896.223021582734,167.856115107914,376.413669064748,70.4995683453237,0.025
463,3,894.347517730496,170.007092198582,375.625957446808,71.4029787234043,0.05
463,4,891.744525547445,173.408759124088,374.532700729927,72.8316788321168,0.075
463,5,889.490196078431,172.346405228758,373.585882352941,72.3854901960784,0.1
463,6,887.113402061856,171.654639175258,372.587628865979,72.0949484536082,0.125
463,7,887.005813953488,170.918604651163,372.542441860465,71.7858139534884,0.15
463,8,881.460992907801,172.609929078014,370.213617021277,72.4961702127659,0.175
463,9,878.985815602837,170.014184397163,369.174042553191,71.4059574468085,0.2
463,10,877.528169014084,165.62676056338,368.561830985915,69.5632394366197,0.225
463,11,873.01724137931,166.149425287356,366.66724137931,69.7827586206896,0.25
463,12,872.472826086957,166.559782608696,366.438586956522,69.9551086956522,0.275
463,13,875.330882352941,166.125,367.638970588235,69.7725,0.3
463,14,870.850299401198,163.065868263473,365.757125748503,68.4876646706587,0.325
463,15,868.819277108434,160.586345381526,364.904096385542,67.446265060241,0.35
463,16,868.122448979592,164.197278911565,364.611428571429,68.9628571428571,0.375
463,17,863.890625,164.453125,362.8340625,69.0703125,0.4
463,18,860.982905982906,167.068376068376,361.612820512821,70.1687179487179,0.425
463,19,861.884146341463,165.969512195122,361.991341463415,69.7071951219512,0.45
463,20,861.744186046512,160.529069767442,361.932558139535,67.4222093023256,0.475
464,1,893.490566037736,227.188679245283,375.266037735849,95.4192452830189,0
464,2,897.380434782609,232.565217391304,376.899782608696,97.6773913043478,0.025
464,3,899.050847457627,239.296610169492,377.601355932203,100.504576271186,0.05
464,4,902.841584158416,241.60396039604,379.193465346535,101.473663366337,0.075
464,5,902.875,238.296875,379.2075,100.0846875,0.1
464,6,903.478260869565,235.826086956522,379.460869565217,99.0469565217391,0.125
464,7,906.982905982906,232.65811965812,380.932820512821,97.7164102564103,0.15
464,8,919.449074074074,239.199074074074,386.168611111111,100.463611111111,0.175
464,9,919.363344051447,245.641479099678,386.132604501608,103.169421221865,0.2
464,10,917.644007155635,247.656529516995,385.410483005367,104.015742397138,0.225
464,11,912.76935483871,248.674193548387,383.363129032258,104.443161290323,0.25
464,12,914.604651162791,240.429175475687,384.133953488372,100.980253699789,0.275
464,13,924.217573221757,239.686192468619,388.171380753138,100.66820083682,0.3
464,14,926.455752212389,240.08407079646,389.111415929204,100.835309734513,0.325
464,15,920.554347826087,245.7,386.632826086957,103.194,0.35
464,16,923.244897959184,243.235827664399,387.762857142857,102.159047619048,0.375
464,17,923.636155606407,241.519450800915,387.927185354691,101.438169336384,0.4
464,18,921.864795918367,242.752551020408,387.183214285714,101.956071428571,0.425
464,19,929.168674698795,242.815261044177,390.250843373494,101.982409638554,0.45
464,20,926.651162790698,239.412790697674,389.193488372093,100.553372093023,0.475
465,1,899.6,644.485714285714,377.832,270.684,0
465,2,899.519230769231,644.586538461538,377.798076923077,270.726346153846,0.025
465,3,900.171171171171,645.783783783784,378.071891891892,271.229189189189,0.05
465,4,900.163793103448,647.353448275862,378.068793103448,271.888448275862,0.075
465,5,899.6953125,651,377.87203125,273.42,0.1
465,6,899.139534883721,647.891472868217,377.638604651163,272.114418604651,0.125
465,7,899.196721311475,643.975409836066,377.66262295082,270.469672131147,0.15
465,8,899.495327102804,643.233644859813,377.788037383178,270.158130841121,0.175
465,9,905.431906614786,638.988326848249,380.28140077821,268.375097276265,0.2
465,10,905.076612903226,638.467741935484,380.132177419355,268.156451612903,0.225
465,11,904.760784313725,639.792156862745,379.999529411765,268.712705882353,0.25
465,12,904.516260162602,642.012195121951,379.896829268293,269.645121951219,0.275
465,13,901.536764705882,643.933823529412,378.645441176471,270.452205882353,0.3
465,14,902.946341463415,640.273170731707,379.237463414634,268.914731707317,0.325
465,15,901.048648648649,641.935135135135,378.440432432432,269.612756756757,0.35
465,16,899.723577235772,647.243902439024,377.883902439024,271.84243902439,0.375
465,17,897.655737704918,647.254098360656,377.015409836066,271.846721311475,0.4
465,18,894.385454545455,638.581818181818,375.641890909091,268.204363636364,0.425
465,19,894.045296167247,637.348432055749,375.499024390244,267.686341463415,0.45
465,20,894.441176470588,637.772058823529,375.665294117647,267.864264705882,0.475
466,1,902.919642857143,547.098214285714,379.22625,229.78125,0
466,2,902.274336283186,547.87610619469,378.955221238938,230.10796460177,0.025
466,3,905.428571428571,548.142857142857,380.28,230.22,0.05
466,4,904.893805309734,547.362831858407,380.055398230088,229.892389380531,0.075
466,5,907.752,545.824,381.25584,229.24608,0.1
466,6,918.6,545.572727272727,385.812,229.140545454545,0.125
466,7,924.248175182482,542.489051094891,388.184233576642,227.845401459854,0.15
466,8,927.811965811966,542.965811965812,389.681025641026,228.045641025641,0.175
466,9,924.419047619048,547.657142857143,388.256,230.016,0.2
466,10,917.806451612903,549.725806451613,385.478709677419,230.884838709677,0.225
466,11,917.59872611465,553.904458598726,385.391464968153,232.639872611465,0.25
466,12,920.821229050279,563.502793296089,386.744916201117,236.671173184358,0.275
466,13,922.032679738562,566.032679738562,387.253725490196,237.733725490196,0.3
466,14,930.735849056604,560.849056603774,390.909056603774,235.556603773585,0.325
466,15,931.983739837398,553.447154471545,391.433170731707,232.447804878049,0.35
466,16,935.236842105263,551.271929824561,392.799473684211,231.534210526316,0.375
466,17,942.422018348624,551.724770642202,395.817247706422,231.724403669725,0.4
466,18,944.216666666667,552.416666666667,396.571,232.015,0.425
466,19,940.645454545455,558.145454545455,395.071090909091,234.421090909091,0.45
466,20,933.785714285714,559.515873015873,392.19,234.996666666667,0.475
467,1,926.019230769231,145.365384615385,388.928076923077,61.0534615384615,0
467,2,924.009950248756,146.437810945274,388.084179104478,61.5038805970149,0.025
467,3,921.793103448276,149.245210727969,387.153103448276,62.6829885057471,0.05
467,4,921.461538461538,150.576923076923,387.013846153846,63.2423076923077,0.075
467,5,923.235023041475,150.276497695853,387.758709677419,63.1161290322581,0.1
467,6,923.975708502024,147.566801619433,388.06979757085,61.9780566801619,0.125
467,7,924.78125,146.383928571429,388.408125,61.48125,0.15
467,8,917.871621621622,137.141891891892,385.506081081081,57.5995945945946,0.175
467,9,910.6796875,139.015625,382.48546875,58.3865625,0.2
467,10,913.4,140.571428571429,383.628,59.04,0.225
467,11,915.085714285714,140.028571428571,384.336,58.812,0.25
467,12,909.196428571429,143.5625,381.8625,60.29625,0.275
467,13,910.146666666667,149.706666666667,382.2616,62.8768,0.3
467,14,901.1875,154.178571428571,378.49875,64.755,0.325
467,15,908.06875,155.65625,381.388875,65.375625,0.35
467,16,916.235714285714,158.414285714286,384.819,66.534,0.375
467,17,918.479289940828,160.03550295858,385.761301775148,67.2149112426035,0.4
467,18,920.478571428571,163.342857142857,386.601,68.604,0.425
467,19,925.082278481013,163.563291139241,388.534556962025,68.696582278481,0.45
467,20,919.071428571429,164.755952380952,386.01,69.1975,0.475
468,1,926.504347826087,203.35652173913,389.131826086956,85.4097391304348,0
468,2,926.193798449612,204.015503875969,389.001395348837,85.686511627907,0.025
468,3,926.099236641221,203.664122137405,388.961679389313,85.5389312977099,0.05
468,4,926.184,202.92,388.99728,85.2264,0.075
468,5,926.184,202.92,388.99728,85.2264,0.1
468,6,926.4,202.791666666667,389.088,85.1725,0.125
468,7,926.450819672131,202.94262295082,389.109344262295,85.2359016393443,0.15
468,8,926.051724137931,203.086206896552,388.941724137931,85.2962068965517,0.175
468,9,926.051724137931,203.086206896552,388.941724137931,85.2962068965517,0.2
468,10,926.652542372881,203.677966101695,389.19406779661,85.5447457627119,0.225
468,11,926.508064516129,203.225806451613,389.133387096774,85.3548387096774,0.25
468,12,926.672,203.152,389.20224,85.32384,0.275
468,13,926.682926829268,202.878048780488,389.206829268293,85.2087804878049,0.3
468,14,926.746153846154,202.846153846154,389.233384615385,85.1953846153846,0.325
468,15,926.832061068702,202.839694656489,389.269465648855,85.1926717557252,0.35
468,16,926.161971830986,202.718309859155,388.988028169014,85.1416901408451,0.375
468,17,925.893333333333,203.086666666667,388.8752,85.2964,0.4
468,18,925.748201438849,203.251798561151,388.814244604317,85.3657553956835,0.425
468,19,925.266666666667,203.222222222222,388.612,85.3533333333333,0.45
468,20,935.038116591928,196.161434977578,392.71600896861,82.387802690583,0.475
469,1,928.145454545455,503.581818181818,389.821090909091,211.504363636364,0
469,2,926.584905660377,503.509433962264,389.165660377358,211.473962264151,0.025
469,3,923.222222222222,502,387.753333333333,210.84,0.05
469,4,922.303571428571,500.875,387.3675,210.3675,0.075
469,5,921.824561403509,503.210526315789,387.166315789474,211.348421052632,0.1
469,6,922.525423728814,503,387.460677966102,211.26,0.125
469,7,923.561403508772,502.929824561404,387.895789473684,211.230526315789,0.15
469,8,922.191176470588,502.676470588235,387.320294117647,211.124117647059,0.175
469,9,921.698412698413,503.793650793651,387.113333333333,211.593333333333,0.2
469,10,921.065573770492,503.655737704918,386.847540983607,211.535409836066,0.225
469,11,920.559322033898,503.033898305085,386.634915254237,211.274237288136,0.25
469,12,919.169491525424,503,386.051186440678,211.26,0.275
469,13,920.269230769231,502.884615384615,386.513076923077,211.211538461538,0.3
469,14,920.235294117647,503.823529411765,386.498823529412,211.605882352941,0.325
469,15,920.098039215686,504.882352941176,386.441176470588,212.050588235294,0.35
469,16,921.374358974359,496.661538461538,386.977230769231,208.597846153846,0.375
469,17,917.650717703349,497.157894736842,385.413301435407,208.806315789474,0.4
469,18,918.101063829787,499.547872340426,385.602446808511,209.810106382979,0.425
469,19,920.486486486486,496.967567567568,386.604324324324,208.726378378378,0.45
469,20,917.918518518519,499.637037037037,385.525777777778,209.847555555556,0.475
470,1,935.712962962963,170.611111111111,392.999444444444,71.6566666666667,0
470,2,937.347826086957,170.130434782609,393.686086956522,71.4547826086957,0.025
470,3,938.021505376344,170.344086021505,393.969032258064,71.5445161290323,0.05
470,4,938.96875,168.71875,394.366875,70.861875,0.075
470,5,937.734042553191,170.308510638298,393.84829787234,71.5295744680851,0.1
470,6,937.660377358491,171.198113207547,393.817358490566,71.9032075471698,0.125
470,7,941.416666666667,171.388888888889,395.395,71.9833333333333,0.15
470,8,941.429824561404,172.587719298246,395.400526315789,72.4868421052632,0.175
470,9,940.80602006689,162.438127090301,395.138528428094,68.2240133779264,0.2
470,10,937.591397849462,163.268817204301,393.788387096774,68.5729032258065,0.225
470,11,938.150753768844,167.603015075377,394.023316582915,70.3932663316583,0.25
470,12,935.292253521127,169.62676056338,392.822746478873,71.2432394366197,0.275
470,13,938.308243727599,168.94982078853,394.089462365591,70.9589247311828,0.3
470,14,939.447826086957,167.769565217391,394.568086956522,70.4632173913044,0.325
470,15,942.987341772152,163.329113924051,396.054683544304,68.5982278481013,0.35
470,16,943.021978021978,163.868131868132,396.069230769231,68.8246153846154,0.375
470,17,943.879518072289,164.024096385542,396.429397590361,68.8901204819277,0.4
470,18,943.963414634146,163.5,396.464634146341,68.67,0.425
470,19,944.493975903614,163.481927710843,396.687469879518,68.6624096385542,0.45
470,20,944.072164948454,162.680412371134,396.510309278351,68.3257731958763,0.475
471,1,934.8,688.853333333333,392.616,289.3184,0
471,2,932.263157894737,691.092105263158,391.550526315789,290.258684210526,0.025
471,3,930.247706422018,695.266055045872,390.704036697248,292.011743119266,0.05
471,4,928.875,695.340909090909,390.1275,292.043181818182,0.075
471,5,928.828125,695.65625,390.1078125,292.175625,0.1
471,6,925.881720430108,688.623655913978,388.870322580645,289.221935483871,0.125
471,7,923.380530973451,690.221238938053,387.81982300885,289.892920353982,0.15
471,8,923.41095890411,690.109589041096,387.832602739726,289.84602739726,0.175
471,9,922.901408450704,696.352112676056,387.618591549296,292.467887323944,0.2
471,10,919.416,697.608,386.15472,292.99536,0.225
471,11,916.262626262626,698.434343434343,384.830303030303,293.342424242424,0.25
471,12,917.238805970149,694.55223880597,385.240298507463,291.711940298507,0.275
471,13,916.272727272727,691,384.834545454545,290.22,0.3
471,14,911.873873873874,694.45045045045,382.987027027027,291.669189189189,0.325
471,15,908.733333333333,695.825,381.668,292.2465,0.35
471,16,908.435294117647,698.247058823529,381.542823529412,293.263764705882,0.375
471,17,907.590909090909,698.920454545455,381.188181818182,293.546590909091,0.4
471,18,903.704347826087,696.113043478261,379.555826086957,292.36747826087,0.425
471,19,902.201754385965,697.719298245614,378.924736842105,293.042105263158,0.45
471,20,905.253012048193,695.867469879518,380.206265060241,292.264337349398,0.475
472,1,947.186046511628,676.604651162791,397.818139534884,284.173953488372,0
472,2,953.795180722892,673.271084337349,400.593975903614,282.773855421687,0.025
472,3,954.021276595745,668.787234042553,400.688936170213,280.890638297872,0.05
472,4,955.875,674.634615384615,401.4675,283.346538461538,0.075
472,5,950.35,682.31875,399.147,286.573875,0.1
472,6,951.557046979866,688.590604026846,399.653959731544,289.208053691275,0.125
472,7,960.201298701299,690.123376623377,403.284545454545,289.851818181818,0.15
472,8,958.695035460993,689.893617021277,402.651914893617,289.755319148936,0.175
472,9,956.914285714286,684.107142857143,401.904,287.325,0.2
472,10,957.2265625,678.609375,402.03515625,285.0159375,0.225
472,11,959.22641509434,677.930817610063,402.875094339623,284.730943396226,0.25
472,12,966.058394160584,677.204379562044,405.744525547445,284.425839416058,0.275
472,13,965.347826086957,675.572463768116,405.446086956522,283.740434782609,0.3
472,14,966.925287356322,672.316091954023,406.108620689655,282.37275862069,0.325
472,15,973.568690095847,676.05750798722,408.898849840256,283.944153354633,0.35
472,16,974.642857142857,670.484126984127,409.35,281.603333333333,0.375
472,17,979.110619469027,681.973451327434,411.226460176991,286.428849557522,0.4
472,18,982.994565217391,680.527173913043,412.857717391304,285.821413043478,0.425
472,19,981.929203539823,672.46017699115,412.410265486726,282.433274336283,0.45
472,20,980.635593220339,675.093220338983,411.866949152542,283.539152542373,0.475
473,1,951.553571428571,376.330357142857,399.6525,158.05875,0
473,2,952.677083333333,373.333333333333,400.124375,156.8,0.025
473,3,952.77380952381,371.083333333333,400.165,155.855,0.05
473,4,953.234375,370.53125,400.3584375,155.623125,0.075
473,5,954.84693877551,367.520408163265,401.035714285714,154.358571428571,0.1
473,6,952.935779816514,365,400.233027522936,153.3,0.125
473,7,950.428571428571,362.959183673469,399.18,152.442857142857,0.15
473,8,948.526315789474,363.135338345865,398.381052631579,152.516842105263,0.175
473,9,947.040983606557,361.852459016393,397.757213114754,151.978032786885,0.2
473,10,945.625,361.708333333333,397.1625,151.9175,0.225
473,11,944.105263157895,360.342105263158,396.524210526316,151.343684210526,0.25
473,12,943.8125,358.696428571429,396.40125,150.6525,0.275
473,13,947.072580645161,355.540322580645,397.770483870968,149.326935483871,0.3
473,14,952.231404958678,354.652892561983,399.937190082645,148.954214876033,0.325
473,15,955.457943925234,354.485981308411,401.292336448598,148.884112149533,0.35
473,16,956.011363636364,353.988636363636,401.524772727273,148.675227272727,0.375
473,17,956.329787234043,352.946808510638,401.658510638298,148.237659574468,0.4
473,18,956.09243697479,352.302521008403,401.558823529412,147.967058823529,0.425
473,19,956.9375,352.7734375,401.91375,148.16484375,0.45
473,20,957.555555555556,353.577777777778,402.173333333333,148.502666666667,0.475
474,1,972.664473684211,484.266447368421,408.519078947368,203.391907894737,0
474,2,972.95867768595,486.202479338843,408.642644628099,204.205041322314,0.025
474,3,973.01581027668,489.134387351779,408.666640316206,205.436442687747,0.05
474,4,973.938596491228,487.793859649123,409.054210526316,204.873421052632,0.075
474,5,975.470338983051,488.60593220339,409.697542372881,205.214491525424,0.1
474,6,976.033457249071,489.966542750929,409.93405204461,205.78594795539,0.125
474,7,978.006968641115,489.93031358885,410.762926829268,205.770731707317,0.15
474,8,976.980769230769,484.480769230769,410.331923076923,203.481923076923,0.175
474,9,975.370078740158,483.102362204724,409.655433070866,202.902992125984,0.2
474,10,986.863945578231,487.478458049887,414.482857142857,204.740952380952,0.225
474,11,985.105376344086,485.262365591398,413.744258064516,203.810193548387,0.25
474,12,991.044025157233,477.767295597484,416.238490566038,200.662264150943,0.275
474,13,994.703125,489.484375,417.7753125,205.5834375,0.3
474,14,993.632978723404,494.425531914894,417.32585106383,207.658723404255,0.325
474,15,994.977528089888,492.747191011236,417.890561797753,206.953820224719,0.35
474,16,996.085,491.04,418.3557,206.2368,0.375
474,17,994.467213114754,487.696721311475,417.676229508197,204.83262295082,0.4
474,18,993.935018050542,482.996389891697,417.452707581227,202.858483754513,0.425
474,19,989.983050847458,484.525423728814,415.792881355932,203.500677966102,0.45
474,20,981.013986013986,480.27972027972,412.025874125874,201.717482517482,0.475
475,1,966.709944751381,598.831491712707,406.01817679558,251.509226519337,0
475,2,969.127659574468,606.095744680851,407.033617021277,254.560212765957,0.025
475,3,970.766961651917,598.793510324484,407.722123893805,251.493274336283,0.05
475,4,971.132142857143,599.389285714286,407.8755,251.7435,0.075
475,5,969.9375,601.034722222222,407.37375,252.434583333333,0.1
475,6,972.496575342466,597.424657534247,408.448561643836,250.918356164384,0.125
475,7,966.869318181818,600.971590909091,406.085113636364,252.408068181818,0.15
475,8,974.175953079179,595.381231671554,409.153900293255,250.060117302053,0.175
475,9,972.816326530612,594.309037900875,408.582857142857,249.609795918367,0.2
475,10,970.381443298969,600.994845360825,407.560206185567,252.417835051546,0.225
475,11,964.460784313726,603.539215686274,405.073529411765,253.486470588235,0.25
475,12,966.717073170732,599.034146341463,406.021170731707,251.594341463415,0.275
475,13,964.157446808511,596.374468085106,404.946127659574,250.477276595745,0.3
475,14,963.567567567568,604.189189189189,404.698378378378,253.759459459459,0.325
475,15,963.922330097087,605.47572815534,404.847378640777,254.299805825243,0.35
475,16,963.102040816327,604.897959183673,404.502857142857,254.057142857143,0.375
475,17,962.642857142857,602.6875,404.31,253.12875,0.4
475,18,961.242424242424,600.590909090909,403.721818181818,252.248181818182,0.425
475,19,960.88785046729,600.299065420561,403.572897196262,252.125607476636,0.45
475,20,960.10101010101,599.626262626263,403.242424242424,251.84303030303,0.475
476,1,976.426666666667,211.713333333333,410.0992,88.9196,0
476,2,977.483695652174,212.334239130435,410.543152173913,89.1803804347826,0.025
476,3,976.363905325444,209.550295857988,410.072840236686,88.011124260355,0.05
476,4,971.255102040816,207.687074829932,407.927142857143,87.2285714285714,0.075
476,5,968.049707602339,208.748538011696,406.580877192982,87.6743859649123,0.1
476,6,966.413698630137,206.638356164384,405.893753424658,86.7881095890411,0.125
476,7,967.5,208.547058823529,406.35,87.5897647058824,0.15
476,8,965.144329896907,209.862542955326,405.360618556701,88.1422680412371,0.175
476,9,963.135869565217,210.334239130435,404.517065217391,88.3403804347826,0.2
476,10,965.117808219178,205.983561643836,405.349479452055,86.513095890411,0.225
476,11,964.034391534391,206.097883597884,404.894444444444,86.5611111111111,0.25
476,12,961.53591160221,212.519337016575,403.845082872928,89.2581215469613,0.275
476,13,963.349206349206,212.730158730159,404.606666666667,89.3466666666667,0.3
476,14,963.963917525773,211.989690721649,404.864845360825,89.0356701030928,0.325
476,15,964.76404494382,213.314606741573,405.200898876404,89.5921348314607,0.35
476,16,965.553571428571,213.196428571429,405.5325,89.5425,0.375
476,17,965.354285714286,213.451428571429,405.4488,89.6496,0.4
476,18,965.265193370166,213.502762430939,405.41138121547,89.6711602209945,0.425
476,19,965.372093023256,212.970930232558,405.456279069767,89.4477906976744,0.45
476,20,965.406091370558,213.258883248731,405.470558375634,89.568730964467,0.475
477,1,977.670658682635,69.3832335329341,410.621676646707,29.1409580838323,0
477,2,976.540880503145,68.8490566037736,410.147169811321,28.9166037735849,0.025
477,3,976.051829268293,76.0335365853659,409.941768292683,31.9340853658537,0.05
477,4,975.350340136054,76.9421768707483,409.647142857143,32.3157142857143,0.075
477,5,974.165517241379,77.9586206896552,409.149517241379,32.7426206896552,0.1
477,6,975.076411960133,77.6079734219269,409.532093023256,32.5953488372093,0.125
477,7,973.035256410256,77.7275641025641,408.674807692308,32.6455769230769,0.15
477,8,971.930921052632,78.0657894736842,408.210986842105,32.7876315789474,0.175
477,9,970.545171339564,77.6417445482866,407.628971962617,32.6095327102804,0.2
477,10,970.461538461538,79.5174825174825,407.593846153846,33.3973426573427,0.225
477,11,970.386885245902,81.7967213114754,407.562491803279,34.3546229508197,0.25
477,12,968.485714285714,82.9107142857143,406.764,34.8225,0.275
477,13,969.258992805755,83.1043165467626,407.088776978417,34.9038129496403,0.3
477,14,968.778985507246,82.2971014492754,406.887173913043,34.5647826086957,0.325
477,15,967.735177865613,82.4703557312253,406.448774703557,34.6375494071146,0.35
477,16,964.924731182796,82.7921146953405,405.268387096774,34.772688172043,0.375
477,17,964.212543554007,83.0348432055749,404.969268292683,34.8746341463415,0.4
477,18,964.058823529412,84.1176470588235,404.904705882353,35.3294117647059,0.425
477,19,964.823741007194,84.5035971223022,405.225971223022,35.4915107913669,0.45
477,20,964.397727272727,85.3863636363636,405.047045454545,35.8622727272727,0.475
478,1,976.974358974359,393.495726495727,410.329230769231,165.268205128205,0
478,2,977.680672268908,392.546218487395,410.625882352941,164.869411764706,0.025
478,3,978.748031496063,393.40157480315,411.074173228346,165.228661417323,0.05
478,4,978.615384615385,393.753846153846,411.018461538462,165.376615384615,0.075
478,5,979.192,393.56,411.26064,165.2952,0.1
478,6,978.793650793651,393.65873015873,411.093333333333,165.336666666667,0.125
478,7,978.314960629921,393.700787401575,410.892283464567,165.354330708661,0.15
478,8,978.295081967213,392.901639344262,410.88393442623,165.01868852459,0.175
478,9,978.035398230089,392.681415929204,410.774867256637,164.926194690265,0.2
478,10,978.279661016949,392.067796610169,410.877457627119,164.668474576271,0.225
478,11,978.204918032787,392.065573770492,410.84606557377,164.667540983607,0.25
478,12,978.90990990991,392.369369369369,411.142162162162,164.795135135135,0.275
478,13,978.803571428571,392.214285714286,411.0975,164.73,0.3
478,14,978.81981981982,392.081081081081,411.104324324324,164.674054054054,0.325
478,15,978.721153846154,391.538461538462,411.062884615385,164.446153846154,0.35
478,16,978.149122807018,391.298245614035,410.822631578947,164.345263157895,0.375
478,17,977.965517241379,391.396551724138,410.745517241379,164.386551724138,0.4
478,18,977.880341880342,391.367521367521,410.709743589744,164.374358974359,0.425
478,19,977.591304347826,390.930434782609,410.588347826087,164.190782608696,0.45
478,20,975.943262411348,391.744680851064,409.896170212766,164.532765957447,0.475
479,1,983.923664122137,4.67175572519084,413.247938931298,1.96213740458015,0
479,2,983.947674418605,5.50581395348837,413.258023255814,2.31244186046512,0.025
479,3,984.993939393939,7.46666666666667,413.697454545455,3.136,0.05
479,4,983.683937823834,7.63212435233161,413.14725388601,3.20549222797927,0.075
479,5,984.825174825175,6.98601398601399,413.626573426573,2.93412587412587,0.1
479,6,984.164772727273,8.60795454545454,413.349204545455,3.61534090909091,0.125
479,7,984.95652173913,10.6739130434783,413.681739130435,4.48304347826087,0.15
479,8,986.303191489362,8.55851063829787,414.247340425532,3.59457446808511,0.175
479,9,988.226804123711,7.25773195876289,415.055257731959,3.04824742268041,0.2
479,10,989.527272727273,10,415.601454545455,4.2,0.225
479,11,991.113636363636,11.5397727272727,416.267727272727,4.84670454545455,0.25
479,12,990.296296296296,10.3756613756614,415.924444444444,4.35777777777778,0.275
479,13,992.826815642458,10.145251396648,416.987262569832,4.26100558659218,0.3
479,14,992.674418604651,10.7151162790698,416.923255813953,4.5003488372093,0.325
479,15,994.311557788945,13.572864321608,417.610854271357,5.70060301507538,0.35
479,16,994.733870967742,14.3790322580645,417.788225806452,6.0391935483871,0.375
479,17,994.579646017699,13.7300884955752,417.723451327434,5.76663716814159,0.4
479,18,993.941176470588,13.7983193277311,417.455294117647,5.79529411764706,0.425
479,19,995.444444444444,16.2183908045977,418.086666666667,6.81172413793103,0.45
479,20,998.116161616162,15.8282828282828,419.208787878788,6.64787878787879,0.475
480,1,986.138613861386,54.6039603960396,414.178217821782,22.9336633663366,0
480,2,989.742857142857,50.8952380952381,415.692,21.376,0.025
480,3,990.707317073171,51.9268292682927,416.097073170732,21.8092682926829,0.05
480,4,989.921568627451,51.6470588235294,415.767058823529,21.6917647058824,0.075
480,5,991.536842105263,55.4105263157895,416.445473684211,23.2724210526316,0.1
480,6,994.622047244094,57.3779527559055,417.74125984252,24.0987401574803,0.125
480,7,994.377049180328,58.9918032786885,417.638360655738,24.7765573770492,0.15
480,8,998.63,57.17,419.4246,24.0114,0.175
480,9,1001.44628099174,56.0826446280992,420.607438016529,23.5547107438017,0.2
480,10,1001.13821138211,57.0731707317073,420.478048780488,23.9707317073171,0.225
480,11,1002.18867924528,55.5849056603774,420.919245283019,23.3456603773585,0.25
480,12,1003.25252525253,57.8181818181818,421.366060606061,24.2836363636364,0.275
480,13,1006.888,57.584,422.89296,24.18528,0.3
480,14,1008.93571428571,57.4285714285714,423.753,24.12,0.325
480,15,1010.54,56.62,424.4268,23.7804,0.35
480,16,1011.28155339806,60.5533980582524,424.738252427184,25.432427184466,0.375
480,17,1013.89430894309,60.4471544715447,425.835609756098,25.3878048780488,0.4
480,18,1016.91588785047,60.0560747663551,427.104672897196,25.2235514018692,0.425
480,19,1016.20952380952,57.1428571428571,426.808,24,0.45
480,20,1018.75,57.85,427.875,24.297,0.475
481,1,996.940828402367,132.627218934911,418.715147928994,55.7034319526627,0
481,2,997.441988950276,136,418.925635359116,57.12,0.025
481,3,997.915254237288,136.74011299435,419.124406779661,57.4308474576271,0.05
481,4,995.34693877551,137.877551020408,418.045714285714,57.9085714285714,0.075
481,5,991.754966887417,138.344370860927,416.537086092715,58.1046357615894,0.1
481,6,998.138775510204,143.089795918367,419.218285714286,60.0977142857143,0.125
481,7,999.347280334728,144.807531380753,419.725857740586,60.8191631799163,0.15
481,8,1000.16182572614,145.04979253112,420.067966804979,60.9209128630705,0.175
481,9,1000.74074074074,148.031746031746,420.311111111111,62.1733333333333,0.2
481,10,1006.98275862069,151.155172413793,422.93275862069,63.4851724137931,0.225
481,11,1006.58064516129,151.225806451613,422.763870967742,63.5148387096774,0.25
481,12,995.816,149.752,418.24272,62.89584,0.275
481,13,999.063492063492,151.481481481481,419.606666666667,63.6222222222222,0.3
481,14,1000.37674418605,152.13488372093,420.15823255814,63.8966511627907,0.325
481,15,997.406060606061,154.157575757576,418.910545454545,64.7461818181818,0.35
481,16,996.220238095238,156.702380952381,418.4125,65.815,0.375
481,17,990.659863945578,155.993197278912,416.077142857143,65.5171428571429,0.4
481,18,991.222222222222,157.818713450292,416.313333333333,66.2838596491228,0.425
481,19,992.690355329949,161.751269035533,416.929949238579,67.9355329949239,0.45
481,20,995.509554140127,162.777070063694,418.114012738853,68.3663694267516,0.475
482,1,1008.81944444444,560.513888888889,423.704166666667,235.415833333333,0
482,2,1007.23577235772,563.390243902439,423.039024390244,236.623902439024,0.025
482,3,1005.78070175439,566.921052631579,422.427894736842,238.106842105263,0.05
482,4,1003.67142857143,569.057142857143,421.542,239.004,0.075
482,5,998.631067961165,572.058252427184,419.425048543689,240.264466019417,0.1
482,6,1000.04464285714,574.651785714286,420.01875,241.35375,0.125
482,7,1000.0987654321,576.123456790123,420.041481481481,241.971851851852,0.15
482,8,996.176470588235,577.245098039216,418.394117647059,242.442941176471,0.175
482,9,996.3359375,582.2578125,418.46109375,244.54828125,0.2
482,10,996.81052631579,582.884210526316,418.660421052632,244.811368421053,0.225
482,11,986.443298969072,583.814432989691,414.30618556701,245.20206185567,0.25
482,12,988.079069767442,584.827906976744,414.993209302326,245.627720930233,0.275
482,13,988.521739130435,588.641304347826,415.179130434783,247.229347826087,0.3
482,14,986.579787234043,587.686170212766,414.363510638298,246.828191489362,0.325
482,15,984.284210526316,594.778947368421,413.399368421053,249.807157894737,0.35
482,16,984.511111111111,596.455555555556,413.494666666667,250.511333333333,0.375
482,17,986.067567567568,598.567567567568,414.148378378378,251.398378378378,0.4
482,18,980.285714285714,600.826530612245,411.72,252.347142857143,0.425
482,19,980.339622641509,603.207547169811,411.742641509434,253.347169811321,0.45
482,20,980.22619047619,603.72619047619,411.695,253.565,0.475
483,1,1012.40229885057,218.241379310345,425.208965517241,91.6613793103448,0
483,2,1012.18181818182,219.056818181818,425.116363636364,92.0038636363636,0.025
483,3,1012.69411764706,219.882352941176,425.331529411765,92.3505882352941,0.05
483,4,1015.44615384615,218.861538461538,426.487384615385,91.9218461538461,0.075
483,5,1016.57575757576,215.878787878788,426.961818181818,90.6690909090909,0.1
483,6,1016.32467532468,215.103896103896,426.856363636364,90.3436363636363,0.125
483,7,1016.75903614458,214.457831325301,427.038795180723,90.0722891566265,0.15
483,8,1015.22988505747,215.862068965517,426.396551724138,90.6620689655172,0.175
483,9,1012.37804878049,216.30487804878,425.198780487805,90.8480487804878,0.2
483,10,1010.05617977528,215.707865168539,424.223595505618,90.5973033707865,0.225
483,11,1011.05825242718,213.922330097087,424.644466019417,89.8473786407767,0.25
483,12,1011.64705882353,213.862745098039,424.891764705882,89.8223529411765,0.275
483,13,1011.58762886598,216.185567010309,424.866804123711,90.7979381443299,0.3
483,14,1010.54444444444,215.822222222222,424.428666666667,90.6453333333333,0.325
483,15,1010.67021276596,216.085106382979,424.481489361702,90.7557446808511,0.35
483,16,1013.11956521739,214.586956521739,425.510217391304,90.1265217391304,0.375
483,17,1012.66304347826,214.70652173913,425.31847826087,90.1767391304348,0.4
483,18,1013.46,215.17,425.6532,90.3714,0.425
483,19,1013.45454545455,213.060606060606,425.650909090909,89.4854545454545,0.45
483,20,1013.4693877551,212.020408163265,425.657142857143,89.0485714285714,0.475
484,1,1016.39024390244,259,426.883902439024,108.78,0
484,2,1017.78894472362,259.502512562814,427.47135678392,108.991055276382,0.025
484,3,1018.17721518987,258.008438818565,427.634430379747,108.363544303797,0.05
484,4,1021.36073059361,260.438356164384,428.971506849315,109.384109589041,0.075
484,5,1028.29305912596,255.568123393316,431.883084832905,107.338611825193,0.1
484,6,1029.04383561644,255.2,432.198410958904,107.184,0.125
484,7,1029.5245398773,254.524539877301,432.400306748466,106.900306748466,0.15
484,8,1030.08620689655,254.051724137931,432.636206896552,106.701724137931,0.175
484,9,1030.67638483965,254.997084548105,432.884081632653,107.098775510204,0.2
484,10,1030.99730458221,254.164420485175,433.018867924528,106.749056603774,0.225
484,11,1030.32707774799,254.252010723861,432.737372654155,106.785844504021,0.25
484,12,1032.00845070423,254.180281690141,433.443549295775,106.755718309859,0.275
484,13,1032.93169398907,254.42349726776,433.83131147541,106.857868852459,0.3
484,14,1033.32320441989,254.71546961326,433.995745856354,106.980497237569,0.325
484,15,1032.44054054054,254.616216216216,433.625027027027,106.938810810811,0.35
484,16,1033.44063324538,254.306068601583,434.045065963061,106.808548812665,0.375
484,17,1034.03886010363,254.041450777202,434.296321243523,106.697409326425,0.4
484,18,1033.62113402062,254.621134020619,434.12087628866,106.94087628866,0.425
484,19,1032.52659574468,255.06914893617,433.661170212766,107.129042553191,0.45
484,20,1033.56052631579,255.034210526316,434.095421052632,107.114368421053,0.475
485,1,1013.28431372549,528.186274509804,425.579411764706,221.838235294118,0
485,2,1018.52631578947,526.535087719298,427.781052631579,221.144736842105,0.025
485,3,1019.17557251908,532.450381679389,428.053740458015,223.629160305344,0.05
485,4,1017.64,534.56,427.4088,224.5152,0.075
485,5,1010.44537815126,534.831932773109,424.387058823529,224.629411764706,0.1
485,6,1005.97260273973,537.986301369863,422.508493150685,225.954246575342,0.125
485,7,1010.81512605042,542.529411764706,424.542352941176,227.862352941176,0.15
485,8,1011.29807692308,547.163461538462,424.745192307692,229.808653846154,0.175
485,9,1018.47169811321,544.27358490566,427.758113207547,228.594905660377,0.2
485,10,1022.17931034483,545.586206896552,429.315310344828,229.146206896552,0.225
485,11,1023.79230769231,548.2,429.992769230769,230.244,0.25
485,12,1022.23308270677,549.593984962406,429.337894736842,230.829473684211,0.275
485,13,1015.44545454545,551.545454545455,426.487090909091,231.649090909091,0.3
485,14,1012.81395348837,553.767441860465,425.381860465116,232.582325581395,0.325
485,15,1014.225,558.116666666667,425.9745,234.409,0.35
485,16,1015.91743119266,560.532110091743,426.685321100917,235.423486238532,0.375
485,17,1022.5,558.75,429.45,234.675,0.4
485,18,1027.03007518797,559.203007518797,431.352631578947,234.865263157895,0.425
485,19,1027.38983050847,561.093220338983,431.503728813559,235.659152542373,0.45
485,20,1028.66666666667,563.823529411765,432.04,236.805882352941,0.475
486,1,1014.53086419753,398.444444444444,426.102962962963,167.346666666667,0
486,2,1014.63291139241,398.367088607595,426.14582278481,167.31417721519,0.025
486,3,1014.7037037037,398.469135802469,426.175555555556,167.357037037037,0.05
486,4,1014.75609756098,398.5,426.19756097561,167.37,0.075
486,5,1014.8375,398.4625,426.23175,167.35425,0.1
486,6,1014.91764705882,398.741176470588,426.265411764706,167.471294117647,0.125
486,7,1014.7037037037,398.469135802469,426.175555555556,167.357037037037,0.15
486,8,1014.42352941176,398.4,426.057882352941,167.328,0.175
486,9,1014.36585365854,398.243902439024,426.033658536585,167.26243902439,0.2
486,10,1014.96341463415,397.975609756098,426.284634146341,167.149756097561,0.225
486,11,1014.72413793103,397.816091954023,426.184137931035,167.08275862069,0.25
486,12,1014.37777777778,397.822222222222,426.038666666667,167.085333333333,0.275
486,13,1015.40740740741,398.074074074074,426.471111111111,167.191111111111,0.3
486,14,1015.40740740741,398.074074074074,426.471111111111,167.191111111111,0.325
486,15,1015.41025641026,397.884615384615,426.472307692308,167.111538461538,0.35
486,16,1015.40506329114,397.949367088608,426.470126582278,167.138734177215,0.375
486,17,1015.33333333333,397.987654320988,426.44,167.154814814815,0.4
486,18,1015.03370786517,398.011235955056,426.314157303371,167.164719101124,0.425
486,19,1014.63829787234,397.925531914894,426.148085106383,167.128723404255,0.45
486,20,1014.77173913043,397.934782608696,426.204130434783,167.132608695652,0.475
487,1,1035.09848484848,600.757575757576,434.741363636364,252.318181818182,0
487,2,1037.50495049505,601.60396039604,435.752079207921,252.673663366337,0.025
487,3,1040.11304347826,607.939130434783,436.84747826087,255.334434782609,0.05
487,4,1042.55454545455,604.181818181818,437.872909090909,253.756363636364,0.075
487,5,1042.24,598.544,437.7408,251.38848,0.1
487,6,1044.9465648855,597.488549618321,438.877557251908,250.945190839695,0.125
487,7,1042.86821705426,598.023255813953,438.004651162791,251.16976744186,0.15
487,8,1056.69191919192,596.333333333333,443.810606060606,250.46,0.175
487,9,1055.71903323263,594.963746223565,443.401993957704,249.884773413897,0.2
487,10,1053.31843575419,597.765363128492,442.39374301676,251.061452513966,0.225
487,11,1046.46153846154,597.5,439.513846153846,250.95,0.25
487,12,1046.62719298246,594.25,439.583421052632,249.585,0.275
487,13,1045.73846153846,593.726923076923,439.210153846154,249.365307692308,0.3
487,14,1039.87735849057,594.349056603774,436.748490566038,249.626603773585,0.325
487,15,1053.04504504505,590.945945945946,442.278918918919,248.197297297297,0.35
487,16,1055.17551020408,590.416326530612,443.173714285714,247.974857142857,0.375
487,17,1048.22900763359,582.396946564886,440.256183206107,244.606717557252,0.4
487,18,1046.17073170732,580.658536585366,439.391707317073,243.876585365854,0.425
487,19,1039.95614035088,581.324561403509,436.781578947368,244.156315789474,0.45
487,20,1044.19444444444,581.194444444444,438.561666666667,244.101666666667,0.475
488,1,1053.98492462312,225.690954773869,442.673668341709,94.7902010050251,0
488,2,1054.64943820225,224.647191011236,442.952764044944,94.3518202247191,0.025
488,3,1048.79047619048,222.828571428571,440.492,93.588,0.05
488,4,1047.37246963563,221.704453441296,439.896437246964,93.1158704453441,0.075
488,5,1047.29136690647,222,439.862374100719,93.24,0.1
488,6,1049.67639257294,227.511936339523,440.864084880637,95.5550132625995,0.125
488,7,1046.47787610619,220.902654867257,439.520707964602,92.7791150442478,0.15
488,8,1047.015,219.935,439.7463,92.3727,0.175
488,9,1046.70852017937,219.757847533632,439.617578475336,92.2982959641256,0.2
488,10,1044.86528497409,221.243523316062,438.843419689119,92.9222797927461,0.225
488,11,1045.2850678733,220.773755656109,439.019728506787,92.7249773755656,0.25
488,12,1043.0625,220.142857142857,438.08625,92.46,0.275
488,13,1044.64953271028,219.196261682243,438.752803738318,92.0624299065421,0.3
488,14,1046.13425925926,219.226851851852,439.376388888889,92.0752777777778,0.325
488,15,1045.90222222222,218.528888888889,439.278933333333,91.7821333333333,0.35
488,16,1046.9537037037,218.643518518519,439.720555555556,91.8302777777778,0.375
488,17,1045.23451327434,219.265486725664,438.998495575221,92.0915044247788,0.4
488,18,1047.24901185771,216.893280632411,439.844584980237,91.0951778656126,0.425
488,19,1046.5702811245,218.184738955823,439.559518072289,91.6375903614458,0.45
488,20,1046.20802919708,217.802919708029,439.407372262774,91.4772262773723,0.475
489,1,1052.86206896552,475.603448275862,442.202068965517,199.753448275862,0
489,2,1056.42741935484,470.959677419355,443.699516129032,197.803064516129,0.025
489,3,1060.4375,468.669642857143,445.38375,196.84125,0.05
489,4,1063.83,468.5,446.8086,196.77,0.075
489,5,1061.94174757282,472.941747572816,446.015533980583,198.635533980583,0.1
489,6,1061.57342657343,475.629370629371,445.860839160839,199.764335664336,0.125
489,7,1060.50819672131,481.926229508197,445.413442622951,202.409016393443,0.15
489,8,1065.7,483.190909090909,447.594,202.940181818182,0.175
489,9,1069.7984496124,481,449.315348837209,202.02,0.2
489,10,1073.8,477.4,450.996,200.508,0.225
489,11,1076.3982300885,475.513274336283,452.087256637168,199.715575221239,0.25
489,12,1074.89230769231,479.838461538462,451.454769230769,201.532153846154,0.275
489,13,1075.2676056338,481.549295774648,451.612394366197,202.250704225352,0.3
489,14,1077.58235294118,484.564705882353,452.584588235294,203.517176470588,0.325
489,15,1082.3786407767,486.388349514563,454.599029126214,204.283106796116,0.35
489,16,1083.45714285714,477.609523809524,455.052,200.596,0.375
489,17,1085.85454545455,472.881818181818,456.058909090909,198.610363636364,0.4
489,18,1087.86776859504,471.95867768595,456.904462809917,198.222644628099,0.425
489,19,1091.07407407407,470.722222222222,458.251111111111,197.703333333333,0.45
489,20,1090.92929292929,475.070707070707,458.190303030303,199.529696969697,0.475
490,1,1060.41549295775,48.5140845070423,445.374507042253,20.3759154929577,0
490,2,1053.78512396694,51.6776859504132,442.589752066116,21.7046280991736,0.025
490,3,1051.36956521739,53.5144927536232,441.575217391304,22.4760869565217,0.05
490,4,1047.79674796748,51.4552845528455,440.074634146341,21.6112195121951,0.075
490,5,1053.09917355372,44.3223140495868,442.301652892562,18.6153719008264,0.1
490,6,1053.04195804196,43.1818181818182,442.277622377622,18.1363636363636,0.125
490,7,1046.94285714286,39.7928571428571,439.716,16.713,0.15
490,8,1045.09401709402,36.0683760683761,438.939487179487,15.1487179487179,0.175
490,9,1041.40178571429,38.4196428571429,437.38875,16.13625,0.2
490,10,1038.3813559322,42.5254237288136,436.120169491525,17.8606779661017,0.225
490,11,1034.76388888889,40.9722222222222,434.600833333333,17.2083333333333,0.25
490,12,1034.89393939394,43.4166666666667,434.655454545455,18.235,0.275
490,13,1034.35135135135,38.5675675675676,434.427567567568,16.1983783783784,0.3
490,14,1038.66371681416,32.646017699115,436.238761061947,13.7113274336283,0.325
490,15,1037.37878787879,28.7272727272727,435.699090909091,12.0654545454545,0.35
490,16,1036.40880503145,24.6352201257862,435.291698113208,10.3467924528302,0.375
490,17,1034.10619469027,22.9557522123894,434.324601769912,9.64141592920354,0.4
490,18,1028.32631578947,31.3368421052632,431.897052631579,13.1614736842105,0.425
490,19,1028.84251968504,38.2362204724409,432.113858267717,16.0592125984252,0.45
490,20,1019.79166666667,38.95,428.3125,16.359,0.475
491,1,1058.3275862069,16,444.497586206897,6.72,0
491,2,1059.1186440678,16.8474576271186,444.829830508475,7.07593220338983,0.025
491,3,1059.23214285714,16.4821428571429,444.8775,6.9225,0.05
491,4,1059.96721311475,16.672131147541,445.186229508197,7.00229508196721,0.075
491,5,1060.82142857143,17.0178571428571,445.545,7.1475,0.1
491,6,1060.64285714286,16.75,445.47,7.035,0.125
491,7,1060.57627118644,16.5593220338983,445.442033898305,6.95491525423729,0.15
491,8,1061.24137931034,16.4827586206897,445.721379310345,6.92275862068966,0.175
491,9,1061.1,15.9833333333333,445.662,6.713,0.2
491,10,1060.59677419355,16.2903225806452,445.45064516129,6.84193548387097,0.225
491,11,1061.20634920635,16.5555555555556,445.706666666667,6.95333333333333,0.25
491,12,1060.98484848485,16.5757575757576,445.613636363636,6.96181818181818,0.275
491,13,1060.65,18.3,445.473,7.686,0.3
491,14,1061.03389830508,18.728813559322,445.634237288136,7.86610169491525,0.325
491,15,1061.59322033898,19.1525423728814,445.869152542373,8.04406779661017,0.35
491,16,1061.4262295082,19.4918032786885,445.799016393443,8.18655737704918,0.375
491,17,1060.98245614035,19.140350877193,445.612631578947,8.03894736842105,0.4
491,18,1061.17857142857,17.6964285714286,445.695,7.4325,0.425
491,19,1060.65517241379,16.5,445.475172413793,6.93,0.45
491,20,1060.14545454545,16.6363636363636,445.261090909091,6.98727272727273,0.475
492,1,1065.140625,521.921875,447.3590625,219.2071875,0
492,2,1064.46153846154,521.8,447.073846153846,219.156,0.025
492,3,1063.453125,520.875,446.6503125,218.7675,0.05
492,4,1064.05882352941,521.029411764706,446.904705882353,218.832352941176,0.075
492,5,1064.13636363636,521.136363636364,446.937272727273,218.877272727273,0.1
492,6,1064.01538461538,521.569230769231,446.886461538462,219.059076923077,0.125
492,7,1065.01538461538,521.569230769231,447.306461538462,219.059076923077,0.15
492,8,1065.45454545455,521.590909090909,447.490909090909,219.068181818182,0.175
492,9,1065,522.549295774648,447.3,219.470704225352,0.2
492,10,1064.94029850746,522.686567164179,447.274925373134,219.528358208955,0.225
492,11,1064.2,523.107692307692,446.964,219.705230769231,0.25
492,12,1064.2,523.107692307692,446.964,219.705230769231,0.275
492,13,1064.4347826087,522.985507246377,447.062608695652,219.653913043478,0.3
492,14,1064.44285714286,522.714285714286,447.066,219.54,0.325
492,15,1064.04347826087,522.594202898551,446.898260869565,219.489565217391,0.35
492,16,1064.04347826087,522.594202898551,446.898260869565,219.489565217391,0.375
492,17,1064.11940298507,522.477611940299,446.930149253731,219.440597014925,0.4
492,18,1064.11940298507,522.477611940299,446.930149253731,219.440597014925,0.425
492,19,1064.57142857143,522.542857142857,447.12,219.468,0.45
492,20,1064.57534246575,522.164383561644,447.121643835616,219.30904109589,0.475
493,1,1078.86231884058,692.81884057971,453.122173913043,290.983913043478,0
493,2,1081.45588235294,690.617647058824,454.211470588235,290.059411764706,0.025
493,3,1082.08783783784,687.783783783784,454.476891891892,288.869189189189,0.05
493,4,1079.81756756757,687.27027027027,453.523378378378,288.653513513514,0.075
493,5,1078.96385542169,688.066265060241,453.164819277108,288.987831325301,0.1
493,6,1077.13475177305,689.184397163121,452.396595744681,289.457446808511,0.125
493,7,1078.19852941176,690.007352941176,452.843382352941,289.803088235294,0.15
493,8,1080.01342281879,689.228187919463,453.605637583893,289.475838926174,0.175
493,9,1078.31125827815,685.172185430464,452.890728476821,287.772317880795,0.2
493,10,1077.73456790123,681.759259259259,452.648518518519,286.338888888889,0.225
493,11,1076.8152173913,679.429347826087,452.262391304348,285.360326086957,0.25
493,12,1077.33333333333,679.838709677419,452.48,285.532258064516,0.275
493,13,1078.6902173913,680.782608695652,453.049891304348,285.928695652174,0.3
493,14,1081.00694444444,679.5625,454.022916666667,285.41625,0.325
493,15,1082.83916083916,680.181818181818,454.792447552447,285.676363636364,0.35
493,16,1083.83333333333,679.733333333333,455.21,285.488,0.375
493,17,1084.49019607843,678.307189542484,455.485882352941,284.889019607843,0.4
493,18,1086.28220858896,677.319018404908,456.238527607362,284.473987730061,0.425
493,19,1085.86111111111,677.506944444444,456.061666666667,284.552916666667,0.45
493,20,1085.93984962406,677.263157894737,456.094736842105,284.450526315789,0.475
494,1,1081.944,131.92,454.41648,55.4064,0
494,2,1081.32352941176,132.647058823529,454.155882352941,55.7117647058824,0.025
494,3,1081,133.753968253968,454.02,56.1766666666667,0.05
494,4,1080.968,134.312,454.00656,56.41104,0.075
494,5,1080.26016260163,134.463414634146,453.709268292683,56.4746341463415,0.1
494,6,1080.48780487805,133.715447154472,453.80487804878,56.160487804878,0.125
494,7,1079.47540983607,132.754098360656,453.379672131148,55.7567213114754,0.15
494,8,1079.425,133.425,453.3585,56.0385,0.175
494,9,1078.55737704918,133.418032786885,452.994098360656,56.0355737704918,0.2
494,10,1077.02419354839,132.33064516129,452.350161290323,55.5788709677419,0.225
494,11,1077.95762711864,133.381355932203,452.74220338983,56.0201694915254,0.25
494,12,1076.55371900826,135.413223140496,452.152561983471,56.8735537190083,0.275
494,13,1075.84297520661,136.413223140496,451.854049586777,57.2935537190083,0.3
494,14,1075.42477876106,138.115044247788,451.678407079646,58.0083185840708,0.325
494,15,1073.22314049587,136.479338842975,450.753719008264,57.3213223140496,0.35
494,16,1071.39024390244,136.373983739837,449.983902439024,57.2770731707317,0.375
494,17,1071.61157024793,136.553719008264,450.076859504132,57.3525619834711,0.4
494,18,1071.078125,136.1875,449.8528125,57.19875,0.425
494,19,1077.51202749141,133.020618556701,452.555051546392,55.8686597938144,0.45
494,20,1075.95729537367,133.291814946619,451.902064056939,55.9825622775801,0.475
495,1,1089.4126984127,331.206349206349,457.553333333333,139.106666666667,0
495,2,1087.056,330.664,456.56352,138.87888,0.025
495,3,1084.03174603175,329.833333333333,455.293333333333,138.53,0.05
495,4,1083.46616541353,327.744360902256,455.055789473684,137.652631578947,0.075
495,5,1083.91333333333,326.746666666667,455.2436,137.2336,0.1
495,6,1085.13422818792,324.778523489933,455.756375838926,136.406979865772,0.125
495,7,1082.61349693252,322.38036809816,454.697668711656,135.399754601227,0.15
495,8,1080,321.343558282209,453.6,134.964294478528,0.175
495,9,1078.46428571429,321.440476190476,452.955,135.005,0.2
495,10,1079.96794871795,322.378205128205,453.586538461538,135.398846153846,0.225
495,11,1080.5035971223,322.820143884892,453.811510791367,135.584460431655,0.25
495,12,1080.47794117647,323.867647058824,453.800735294118,136.024411764706,0.275
495,13,1079.83720930233,325.240310077519,453.531627906977,136.600930232558,0.3
495,14,1078.77777777778,325.133333333333,453.086666666667,136.556,0.325
495,15,1075.44171779141,324.220858895706,451.685521472393,136.172760736196,0.35
495,16,1075.26973684211,324.144736842105,451.613289473684,136.140789473684,0.375
495,17,1074.84057971014,323.485507246377,451.433043478261,135.863913043478,0.4
495,18,1076.14285714286,321.517006802721,451.98,135.037142857143,0.425
495,19,1075.02702702703,321.709459459459,451.511351351351,135.117972972973,0.45
495,20,1071.75862068966,322.98275862069,450.138620689655,135.65275862069,0.475
496,1,1089.12413793103,179.020689655172,457.432137931035,75.1886896551724,0
496,2,1090.37671232877,179.609589041096,457.958219178082,75.4360273972603,0.025
496,3,1091.74820143885,180.73381294964,458.534244604316,75.9082014388489,0.05
496,4,1090.08108108108,180.225225225225,457.834054054054,75.6945945945946,0.075
496,5,1089.17647058824,180.680672268908,457.454117647059,75.8858823529412,0.1
496,6,1091.46774193548,180.782258064516,458.416451612903,75.9285483870968,0.125
496,7,1091.74615384615,181.015384615385,458.533384615385,76.0264615384615,0.15
496,8,1092.1171875,181.6484375,458.68921875,76.29234375,0.175
496,9,1091.38947368421,180.536842105263,458.383578947368,75.8254736842105,0.2
496,10,1091.40566037736,180.971698113208,458.390377358491,76.0081132075472,0.225
496,11,1091.13392857143,181.196428571429,458.27625,76.1025,0.25
496,12,1090.8347826087,181.095652173913,458.150608695652,76.0601739130435,0.275
496,13,1091.58490566038,181.11320754717,458.465660377359,76.0675471698113,0.3
496,14,1091.69724770642,181.504587155963,458.512844036697,76.2319266055046,0.325
496,15,1091.4380952381,181.32380952381,458.404,76.156,0.35
496,16,1091.22123893805,181.176991150442,458.312920353982,76.0943362831858,0.375
496,17,1091.18965517241,181.405172413793,458.299655172414,76.1901724137931,0.4
496,18,1091.30701754386,181.201754385965,458.348947368421,76.1047368421053,0.425
496,19,1093.125,180.802083333333,459.1125,75.936875,0.45
496,20,1094,181.479591836735,459.48,76.2214285714286,0.475
497,1,1101.27739726027,611.756849315069,462.536506849315,256.937876712329,0
497,2,1100.72,612.047272727273,462.3024,257.059854545455,0.025
497,3,1099.75862068966,612.055172413793,461.898620689655,257.063172413793,0.05
497,4,1099.92335766423,611.974452554745,461.967810218978,257.029270072993,0.075
497,5,1099.24,611.32,461.6808,256.7544,0.1
497,6,1101.28832116788,610.759124087591,462.541094890511,256.518832116788,0.125
497,7,1102.43205574913,607.909407665505,463.021463414634,255.321951219512,0.15
497,8,1102.07666666667,608.023333333333,462.8722,255.3698,0.175
497,9,1101.5303514377,608.597444089457,462.642747603834,255.610926517572,0.2
497,10,1099.90031152648,607.956386292835,461.958130841121,255.341682242991,0.225
497,11,1099.28323699422,606.320809248555,461.698959537572,254.654739884393,0.25
497,12,1098.75609756098,601.651567944251,461.47756097561,252.693658536585,0.275
497,13,1099.03493449782,598.694323144105,461.594672489083,251.451615720524,0.3
497,14,1098.74178403756,599.920187793427,461.471549295775,251.966478873239,0.325
497,15,1097.16355140187,600.476635514019,460.808691588785,252.200186915888,0.35
497,16,1095.63063063063,601.779279279279,460.164864864865,252.747297297297,0.375
497,17,1092.87978142077,600.24043715847,459.009508196721,252.100983606557,0.4
497,18,1090.69117647059,597.147058823529,458.090294117647,250.801764705882,0.425
497,19,1090.70454545455,595.622727272727,458.095909090909,250.161545454545,0.45
497,20,1092.30875576037,594.414746543779,458.769677419355,249.654193548387,0.475
498,1,1105.99479166667,193.453125,464.5178125,81.2503125,0
498,2,1107.37654320988,195.395061728395,465.098148148148,82.0659259259259,0.025
498,3,1109.05,199.1125,465.801,83.62725,0.05
498,4,1111.64779874214,198.503144654088,466.892075471698,83.371320754717,0.075
498,5,1116.19333333333,195.28,468.8012,82.0176,0.1
498,6,1117.84705882353,193.935294117647,469.495764705882,81.4528235294118,0.125
498,7,1116.22023809524,195.702380952381,468.8125,82.195,0.15
498,8,1115.22289156627,196.536144578313,468.393614457831,82.5451807228916,0.175
498,9,1117.15,195.98125,469.203,82.312125,0.2
498,10,1121.17419354839,197.01935483871,470.893161290323,82.7481290322581,0.225
498,11,1123.1835443038,195.056962025316,471.737088607595,81.9239240506329,0.25
498,12,1124.31081081081,193.783783783784,472.210540540541,81.3891891891892,0.275
498,13,1125.17714285714,193.045714285714,472.5744,81.0792,0.3
498,14,1128.43835616438,188.150684931507,473.944109589041,79.0232876712329,0.325
498,15,1131.8125,188.140625,475.36125,79.0190625,0.35
498,16,1132.24390243902,191.373983739837,475.54243902439,80.3770731707317,0.375
498,17,1134.79464285714,192.428571428571,476.61375,80.82,0.4
498,18,1138.53333333333,192.866666666667,478.184,81.004,0.425
498,19,1138.13333333333,192.681481481481,478.016,80.9262222222222,0.45
498,20,1136.81746031746,188.904761904762,477.463333333333,79.34,0.475
499,1,1103.12837837838,74.4864864864865,463.313918918919,31.2843243243243,0
499,2,1105.37142857143,70.8642857142857,464.256,29.763,0.025
499,3,1106.81927710843,72.5903614457831,464.864096385542,30.4879518072289,0.05
499,4,1106.38823529412,68.1882352941176,464.683058823529,28.6390588235294,0.075
499,5,1101.46153846154,64.9340659340659,462.613846153846,27.2723076923077,0.1
499,6,1105.68867924528,58.2547169811321,464.389245283019,24.4669811320755,0.125
499,7,1108.15555555556,54.4296296296296,465.425333333333,22.8604444444444,0.15
499,8,1108.01459854015,56.7153284671533,465.366131386861,23.8204379562044,0.175
499,9,1107.6,56.968,465.192,23.92656,0.2
499,10,1103.45263157895,52.8526315789474,463.450105263158,22.1981052631579,0.225
499,11,1105.76404494382,54.4494382022472,464.420898876404,22.8687640449438,0.25
499,12,1111.25925925926,58.7222222222222,466.728888888889,24.6633333333333,0.275
499,13,1114,51.4259259259259,467.88,21.5988888888889,0.3
499,14,1116,48.9548387096774,468.72,20.5610322580645,0.325
499,15,1110.57894736842,47.8771929824561,466.443157894737,20.1084210526316,0.35
499,16,1109.58,45.81,466.0236,19.2402,0.375
499,17,1110.20909090909,42.9090909090909,466.287818181818,18.0218181818182,0.4
499,18,1105.13131313131,42.2727272727273,464.155151515151,17.7545454545455,0.425
499,19,1104.109375,37.078125,463.7259375,15.5728125,0.45
499,20,1107.23308270677,33.0225563909774,465.037894736842,13.8694736842105,0.475
500,1,1105.09259259259,287.166666666667,464.138888888889,120.61,0
500,2,1105.31034482759,287.01724137931,464.230344827586,120.54724137931,0.025
500,3,1105.38,288.2,464.2596,121.044,0.05
500,4,1105.90909090909,288.909090909091,464.481818181818,121.341818181818,0.075
500,5,1106.28813559322,287.576271186441,464.641016949153,120.782033898305,0.1
500,6,1106.45,287.45,464.709,120.729,0.125
500,7,1107.08620689655,287.603448275862,464.976206896552,120.793448275862,0.15
500,8,1107.05263157895,287.964912280702,464.962105263158,120.945263157895,0.175
500,9,1107.5,288,465.15,120.96,0.2
500,10,1101.93684210526,303.705263157895,462.813473684211,127.556210526316,0.225
500,11,1099.36363636364,299.397727272727,461.732727272727,125.747045454545,0.25
500,12,1094.29523809524,294.095238095238,459.604,123.52,0.275
500,13,1091.65060240964,301.542168674699,458.493253012048,126.647710843374,0.3
500,14,1086.86419753086,305.469135802469,456.482962962963,128.297037037037,0.325
500,15,1083.01282051282,298.346153846154,454.865384615385,125.305384615385,0.35
500,16,1083.49206349206,297.420634920635,455.066666666667,124.916666666667,0.375
500,17,1085.824,295.88,456.04608,124.2696,0.4
500,18,1079.63218390805,296.655172413793,453.445517241379,124.595172413793,0.425
500,19,1078.32,295.68,452.8944,124.1856,0.45
500,20,1082.29333333333,290.186666666667,454.5632,121.8784,0.475
501,1,1118.4453125,434.0078125,469.74703125,182.28328125,0
501,2,1120.06015037594,430.90977443609,470.425263157895,180.982105263158,0.025
501,3,1120.20740740741,427.274074074074,470.487111111111,179.455111111111,0.05
501,4,1123.45238095238,426.246031746032,471.85,179.023333333333,0.075
501,5,1123.95973154362,425.120805369128,472.063087248322,178.550738255034,0.1
501,6,1128.56296296296,425.955555555556,473.996444444444,178.901333333333,0.125
501,7,1129.57258064516,427.612903225806,474.420483870968,179.597419354839,0.15
501,8,1129.98058252427,424.067961165049,474.591844660194,178.10854368932,0.175
501,9,1131.41605839416,421.773722627737,475.194744525547,177.14496350365,0.2
501,10,1128.42168674699,418.969879518072,473.937108433735,175.96734939759,0.225
501,11,1128.22085889571,419.337423312883,473.852760736196,176.121717791411,0.25
501,12,1131.4406779661,422.771186440678,475.205084745763,177.563898305085,0.275
501,13,1137.20338983051,422.720338983051,477.625423728814,177.542542372881,0.3
501,14,1136.3381294964,417.726618705036,477.262014388489,175.445179856115,0.325
501,15,1133.578125,412.734375,476.1028125,173.3484375,0.35
501,16,1132.89130434783,408.557971014493,475.814347826087,171.594347826087,0.375
501,17,1128.97183098592,405.957746478873,474.168169014084,170.502253521127,0.4
501,18,1130.08552631579,404.282894736842,474.635921052631,169.798815789474,0.425
501,19,1129.21794871795,404.025641025641,474.271538461538,169.690769230769,0.45
501,20,1130.26056338028,401.049295774648,474.709436619718,168.440704225352,0.475
502,1,1132.23333333333,283.35,475.538,119.007,0
502,2,1133.31623931624,284.495726495727,475.99282051282,119.488205128205,0.025
502,3,1132.70338983051,284.423728813559,475.735423728814,119.457966101695,0.05
502,4,1132.71,285.46,475.7382,119.8932,0.075
502,5,1133.27358490566,286.764150943396,475.974905660377,120.440943396226,0.1
502,6,1133.03539823009,286.805309734513,475.874867256637,120.458230088496,0.125
502,7,1133.6347826087,286.913043478261,476.126608695652,120.50347826087,0.15
502,8,1134.04716981132,286.330188679245,476.299811320755,120.258679245283,0.175
502,9,1133.77477477477,286.828828828829,476.185405405405,120.468108108108,0.2
502,10,1134.80909090909,287.854545454545,476.619818181818,120.898909090909,0.225
502,11,1134.44166666667,287.875,476.4655,120.9075,0.25
502,12,1135.2380952381,288.447619047619,476.8,121.148,0.275
502,13,1135.89743589744,287.538461538462,477.076923076923,120.766153846154,0.3
502,14,1135.80952380952,286.647619047619,477.04,120.392,0.325
502,15,1134.83333333333,288.970588235294,476.63,121.367647058824,0.35
502,16,1133.61261261261,289.189189189189,476.117297297297,121.459459459459,0.375
502,17,1133.34343434343,289.979797979798,476.004242424242,121.791515151515,0.4
502,18,1134.48039215686,289.558823529412,476.481764705882,121.614705882353,0.425
502,19,1134.23762376238,289.079207920792,476.379801980198,121.413267326733,0.45
502,20,1133.5,289.592592592593,476.07,121.628888888889,0.475
503,1,1131.375,517.125,475.1775,217.1925,0
503,2,1131.79166666667,514.944444444444,475.3525,216.276666666667,0.025
503,3,1130.49038461538,509.961538461538,474.805961538461,214.183846153846,0.05
503,4,1131.95041322314,507.421487603306,475.419173553719,213.117024793388,0.075
503,5,1130.0198019802,507.029702970297,474.608316831683,212.952475247525,0.1
503,6,1128.79347826087,506.95652173913,474.093260869565,212.921739130435,0.125
503,7,1130.0253164557,508.151898734177,474.610632911392,213.423797468354,0.15
503,8,1129.9358974359,502.448717948718,474.573076923077,211.028461538462,0.175
503,9,1127.59677419355,502.645161290323,473.59064516129,211.110967741935,0.2
503,10,1124.26041666667,502.40625,472.189375,211.010625,0.225
503,11,1124.00909090909,499.509090909091,472.083818181818,209.793818181818,0.25
503,12,1125.26262626263,498.636363636364,472.610303030303,209.427272727273,0.275
503,13,1127.70149253731,499.029850746269,473.634626865672,209.592537313433,0.3
503,14,1130.43103448276,496.362068965517,474.781034482759,208.472068965517,0.325
503,15,1128.70238095238,493.488095238095,474.055,207.265,0.35
503,16,1129.2735042735,489.709401709402,474.294871794872,205.677948717949,0.375
503,17,1126.26126126126,490.666666666667,473.02972972973,206.08,0.4
503,18,1124.4380952381,490.238095238095,472.264,205.9,0.425
503,19,1125.54455445545,489.029702970297,472.728712871287,205.392475247525,0.45
503,20,1128.06578947368,485.447368421053,473.787631578947,203.887894736842,0.475
504,1,1154.0756302521,426.285714285714,484.711764705882,179.04,0
504,2,1162.38392857143,424.089285714286,488.20125,178.1175,0.025
504,3,1167.0325203252,421.528455284553,490.153658536585,177.041951219512,0.05
504,4,1167.79487179487,424.213675213675,490.473846153846,178.169743589744,0.075
504,5,1168.27,420.48,490.6734,176.6016,0.1
504,6,1170.68,422.56,491.6856,177.4752,0.125
504,7,1171.70588235294,423.774509803922,492.116470588235,177.985294117647,0.15
504,8,1174.35537190083,422.669421487603,493.229256198347,177.521157024793,0.175
504,9,1174.93430656934,420.656934306569,493.472408759124,176.675912408759,0.2
504,10,1176.12413793103,415.8,493.972137931034,174.636,0.225
504,11,1180.06081081081,412.452702702703,495.625540540541,173.230135135135,0.25
504,12,1181.36363636364,415.785123966942,496.172727272727,174.629752066116,0.275
504,13,1180.05263157895,420.546052631579,495.622105263158,176.629342105263,0.3
504,14,1183.22764227642,424.869918699187,496.955609756098,178.445365853659,0.325
504,15,1183.57657657658,428.441441441441,497.102162162162,179.945405405405,0.35
504,16,1187.70689655172,423.422413793103,498.836896551724,177.837413793103,0.375
504,17,1184.31451612903,414.403225806452,497.412096774194,174.04935483871,0.4
504,18,1189.49230769231,413.184615384615,499.586769230769,173.537538461538,0.425
504,19,1192.68292682927,412.707317073171,500.926829268293,173.337073170732,0.45
504,20,1197.86956521739,413.336956521739,503.105217391304,173.60152173913,0.475
505,1,1157.42767295597,526.918238993711,486.119622641509,221.305660377358,0
505,2,1153.98319327731,527.260504201681,484.672941176471,221.449411764706,0.025
505,3,1156.1231884058,524.507246376812,485.571739130435,220.293043478261,0.05
505,4,1158.95757575758,522.745454545455,486.762181818182,219.553090909091,0.075
505,5,1158.5974025974,518.62987012987,486.610909090909,217.824545454545,0.1
505,6,1161.56953642384,515.476821192053,487.859205298013,216.500264900662,0.125
505,7,1159.7027027027,511.087837837838,487.075135135135,214.656891891892,0.15
505,8,1161.88194444444,513.965277777778,487.990416666667,215.865416666667,0.175
505,9,1162.09523809524,511.761904761905,488.08,214.94,0.2
505,10,1155.58695652174,509.70652173913,485.34652173913,214.076739130435,0.225
505,11,1150.98051948052,504.305194805195,483.411818181818,211.808181818182,0.25
505,12,1150.59504132231,509.694214876033,483.249917355372,214.071570247934,0.275
505,13,1147.2734375,511.1640625,481.85484375,214.68890625,0.3
505,14,1146.90845070423,505.401408450704,481.701549295775,212.268591549296,0.325
505,15,1144.84567901235,501.067901234568,480.835185185185,210.448518518519,0.35
505,16,1152.55813953488,502.085271317829,484.074418604651,210.875813953488,0.375
505,17,1156.33571428571,496.742857142857,485.661,208.632,0.4
505,18,1151.23129251701,493.006802721088,483.517142857143,207.062857142857,0.425
505,19,1150.47368421053,492.771929824561,483.198947368421,206.964210526316,0.45
505,20,1145.36842105263,498.073684210526,481.054736842105,209.190947368421,0.475
506,1,1158.56034482759,384.637931034483,486.595344827586,161.547931034483,0
506,2,1158.51239669421,384.322314049587,486.57520661157,161.415371900826,0.025
506,3,1159.03418803419,385.581196581197,486.794358974359,161.944102564103,0.05
506,4,1158.98214285714,385.464285714286,486.7725,161.895,0.075
506,5,1158.8691588785,386.065420560748,486.725046728972,162.147476635514,0.1
506,6,1158.71818181818,387.063636363636,486.661636363636,162.566727272727,0.125
506,7,1159.48113207547,387.047169811321,486.982075471698,162.559811320755,0.15
506,8,1159.33027522936,387.880733944954,486.91871559633,162.909908256881,0.175
506,9,1160.01904761905,387.190476190476,487.208,162.62,0.2
506,10,1158.49425287356,388.471264367816,486.567586206897,163.157931034483,0.225
506,11,1158.68131868132,390.362637362637,486.646153846154,163.952307692308,0.25
506,12,1160.50588235294,388.317647058824,487.412470588235,163.093411764706,0.275
506,13,1159.76829268293,390.121951219512,487.102682926829,163.851219512195,0.3
506,14,1160.54117647059,389.6,487.427294117647,163.632,0.325
506,15,1158.20879120879,392.153846153846,486.447692307692,164.704615384615,0.35
506,16,1160.63333333333,390.5,487.466,164.01,0.375
506,17,1158.55555555556,392.533333333333,486.593333333333,164.864,0.4
506,18,1158.28571428571,393.571428571429,486.48,165.3,0.425
506,19,1160.25882352941,392.317647058824,487.308705882353,164.773411764706,0.45
506,20,1158.37078651685,395.168539325843,486.515730337079,165.970786516854,0.475
507,1,1169.32773109244,86.2941176470588,491.117647058824,36.2435294117647,0
507,2,1169.18947368421,91.1157894736842,491.059578947368,38.2686315789474,0.025
507,3,1176.5775862069,90.9741379310345,494.162586206896,38.2091379310345,0.05
507,4,1172.48591549296,88.6830985915493,492.444084507042,37.2469014084507,0.075
507,5,1171.09448818898,83.5196850393701,491.85968503937,35.0782677165354,0.1
507,6,1171.17910447761,78.4776119402985,491.895223880597,32.9605970149254,0.125
507,7,1181.15625,77.140625,496.085625,32.3990625,0.15
507,8,1183.38518518519,76.3703703703704,497.021777777778,32.0755555555556,0.175
507,9,1179.70175438596,71.719298245614,495.474736842105,30.1221052631579,0.2
507,10,1174.80536912752,66.2214765100671,493.418255033557,27.8130201342282,0.225
507,11,1179.2,58.8206896551724,495.264,24.7046896551724,0.25
507,12,1182.78021978022,55.5054945054945,496.767692307692,23.3123076923077,0.275
507,13,1185.59701492537,55.544776119403,497.950746268657,23.3288059701493,0.3
507,14,1190.50588235294,68.9176470588235,500.012470588235,28.9454117647059,0.325
507,15,1188.41739130435,71.6130434782609,499.135304347826,30.0774782608696,0.35
507,16,1186.10585585586,77.4662162162162,498.164459459459,32.5358108108108,0.375
507,17,1177.40366972477,80.2293577981651,494.509541284404,33.6963302752294,0.4
507,18,1177.25619834711,80.3719008264463,494.447603305785,33.7561983471074,0.425
507,19,1182.99137931034,81.948275862069,496.856379310345,34.418275862069,0.45
507,20,1189.2700729927,86.8321167883212,499.493430656934,36.4694890510949,0.475
508,1,1173.42857142857,471.473214285714,492.84,198.01875,0
508,2,1174.08653846154,475.865384615385,493.116346153846,199.863461538462,0.025
508,3,1179.03571428571,476.842857142857,495.195,200.274,0.05
508,4,1181.23423423423,479.252252252252,496.118378378378,201.285945945946,0.075
508,5,1182.13392857143,473.598214285714,496.49625,198.91125,0.1
508,6,1177.16438356164,465.993150684931,494.40904109589,195.717123287671,0.125
508,7,1178.14965986395,462.30612244898,494.822857142857,194.168571428571,0.15
508,8,1180.31690140845,458.570422535211,495.733098591549,192.599577464789,0.175
508,9,1181.94117647059,456.419117647059,496.415294117647,191.696029411765,0.2
508,10,1184.01739130435,459.878260869565,497.287304347826,193.148869565217,0.225
508,11,1187.42975206612,458.669421487603,498.720495867769,192.641157024793,0.25
508,12,1188.76978417266,455.287769784173,499.283309352518,191.220863309353,0.275
508,13,1190.48888888889,454.192592592593,500.005333333333,190.760888888889,0.3
508,14,1187.92857142857,455.611111111111,498.93,191.356666666667,0.325
508,15,1189.07272727273,452.836363636364,499.410545454545,190.191272727273,0.35
508,16,1191.54054054054,453.666666666667,500.447027027027,190.54,0.375
508,17,1193.54135338346,450.593984962406,501.287368421053,189.249473684211,0.4
508,18,1192.98550724638,451.014492753623,501.053913043478,189.426086956522,0.425
508,19,1194.37398373984,451.780487804878,501.637073170732,189.747804878049,0.45
508,20,1193.49268292683,438.770731707317,501.266926829268,184.283707317073,0.475
509,1,1186.06827309237,121.052208835341,498.148674698795,50.8419277108434,0
509,2,1188.51869158879,119.621495327103,499.17785046729,50.2410280373832,0.025
509,3,1190.93625498008,119.621513944223,500.193227091633,50.2410358565737,0.05
509,4,1191.73429951691,110.265700483092,500.528405797101,46.3115942028985,0.075
509,5,1189.11351351351,109.281081081081,499.427675675676,45.8980540540541,0.1
509,6,1187.16355140187,107.5,498.608691588785,45.15,0.125
509,7,1189.55639097744,104.943609022556,499.613684210526,44.0763157894737,0.15
509,8,1187.26875,104.26875,498.652875,43.792875,0.175
509,9,1192.66451612903,107.025806451613,500.919096774194,44.9508387096774,0.2
509,10,1198.27376425856,103.376425855513,503.274980988593,43.4180988593156,0.225
509,11,1200.75784753363,97.8295964125561,504.318295964126,41.0884304932735,0.25
509,12,1202.75774134791,83.2258652094718,505.15825136612,34.9548633879781,0.275
509,13,1196.06162464986,83.484593837535,502.345882352941,35.0635294117647,0.3
509,14,1203.48101265823,84.2911392405063,505.462025316456,35.4022784810127,0.325
509,15,1206.4367816092,81.0574712643678,506.703448275862,34.0441379310345,0.35
509,16,1206.61417322835,79.1574803149606,506.777952755906,33.2461417322835,0.375
509,17,1202.5730994152,84.1345029239766,505.080701754386,35.3364912280702,0.4
509,18,1203.99090909091,90.9454545454546,505.676181818182,38.1970909090909,0.425
509,19,1211.09411764706,80.3882352941176,508.659529411765,33.7630588235294,0.45
509,20,1213.31835205993,79.3558052434457,509.593707865168,33.3294382022472,0.475
510,1,1183.2614379085,436.104575163399,496.969803921569,183.163921568627,0
510,2,1191.5593220339,435.533898305085,500.454915254237,182.924237288136,0.025
510,3,1193.41353383459,435.593984962406,501.233684210526,182.949473684211,0.05
510,4,1193.56390977444,429.676691729323,501.296842105263,180.464210526316,0.075
510,5,1191.29605263158,424.75,500.344342105263,178.395,0.1
510,6,1192.21698113208,419.160377358491,500.731132075472,176.047358490566,0.125
510,7,1195.2323943662,416.549295774648,501.997605633803,174.950704225352,0.15
510,8,1204.88505747126,419.283524904215,506.051724137931,176.09908045977,0.175
510,9,1205.4854368932,419.199029126214,506.303883495146,176.06359223301,0.2
510,10,1207.1875,418.875,507.01875,175.9275,0.225
510,11,1206,414.654761904762,506.52,174.155,0.25
510,12,1204.04147465438,415.953917050691,505.697419354839,174.70064516129,0.275
510,13,1205.99056603774,413.712264150943,506.516037735849,173.759150943396,0.3
510,14,1206.04958677686,404.99173553719,506.540826446281,170.09652892562,0.325
510,15,1210.5234375,407.8828125,508.41984375,171.31078125,0.35
510,16,1212.11805555556,409.229166666667,509.089583333333,171.87625,0.375
510,17,1219.60377358491,407.415094339623,512.23358490566,171.114339622642,0.4
510,18,1222.96402877698,402.294964028777,513.644892086331,168.963884892086,0.425
510,19,1223.96478873239,401.049295774648,514.065211267606,168.440704225352,0.45
510,20,1225.6992481203,401.586466165414,514.793684210526,168.666315789474,0.475
511,1,1180.80952380952,588.195238095238,495.94,247.042,0
511,2,1178.08108108108,586.021621621622,494.794054054054,246.129081081081,0.025
511,3,1178.85534591195,583.679245283019,495.119245283019,245.145283018868,0.05
511,4,1178.2890625,583.5078125,494.88140625,245.07328125,0.075
511,5,1176.67391304348,584.253623188406,494.203043478261,245.38652173913,0.1
511,6,1177.28676470588,583.963235294118,494.460441176471,245.264558823529,0.125
511,7,1176.63636363636,583.143939393939,494.187272727273,244.920454545455,0.15
511,8,1175.85815602837,582.659574468085,493.860425531915,244.717021276596,0.175
511,9,1175.43382352941,582.602941176471,493.682205882353,244.693235294118,0.2
511,10,1174.99295774648,582.359154929577,493.497042253521,244.590845070423,0.225
511,11,1175.04761904762,581.646258503401,493.52,244.291428571429,0.25
511,12,1174.86956521739,582.472049689441,493.445217391304,244.638260869565,0.275
511,13,1175.78911564626,582.408163265306,493.831428571429,244.611428571429,0.3
511,14,1177.83615819209,581.802259887006,494.691186440678,244.356949152542,0.325
511,15,1179.92924528302,583.13679245283,495.570283018868,244.917452830189,0.35
511,16,1182.90952380952,583.738095238095,496.822,245.17,0.375
511,17,1185.7358490566,584.333333333333,498.009056603774,245.42,0.4
511,18,1187.92682926829,583.384146341463,498.929268292683,245.021341463415,0.425
511,19,1187.62944162437,582.116751269035,498.804365482233,244.489035532995,0.45
511,20,1188.77300613497,575.616564417178,499.284662576687,241.758957055215,0.475
512,1,1180.97744360902,687.721804511278,496.010526315789,288.843157894737,0
512,2,1174.38732394366,682.37323943662,493.242676056338,286.59676056338,0.025
512,3,1176.01470588235,678.029411764706,493.926176470588,284.772352941176,0.05
512,4,1176.70552147239,674.073619631902,494.216319018405,283.110920245399,0.075
512,5,1179.03100775194,675.441860465116,495.193023255814,283.685581395349,0.1
512,6,1181.60330578512,677.900826446281,496.273388429752,284.718347107438,0.125
512,7,1186.70689655172,675.629310344828,498.416896551724,283.764310344828,0.15
512,8,1188.9504950495,674.227722772277,499.359207920792,283.175643564356,0.175
512,9,1189.89473684211,679.203947368421,499.755789473684,285.265657894737,0.2
512,10,1191.17142857143,682.685714285714,500.292,286.728,0.225
512,11,1193.21052631579,681.664473684211,501.148421052632,286.299078947368,0.25
512,12,1196.21698113208,673.292452830189,502.411132075472,282.782830188679,0.275
512,13,1196.36,670.03,502.4712,281.4126,0.3
512,14,1188.56818181818,669.060606060606,499.198636363636,281.005454545454,0.325
512,15,1184.58173076923,668.699519230769,497.524326923077,280.853798076923,0.35
512,16,1182.83707865169,660.696629213483,496.791573033708,277.492584269663,0.375
512,17,1195.59848484848,665.098484848485,502.151363636364,279.341363636364,0.4
512,18,1196.38211382114,671.20325203252,502.480487804878,281.905365853659,0.425
512,19,1198.26984126984,671.420634920635,503.273333333333,281.996666666667,0.45
512,20,1202.70247933884,667.561983471074,505.135041322314,280.376033057851,0.475
513,1,1198.16504854369,151.407766990291,503.22932038835,63.5912621359223,0
513,2,1202.14563106796,150.679611650485,504.901165048544,63.2854368932039,0.025
513,3,1202.61538461538,153.659340659341,505.098461538461,64.5369230769231,0.05
513,4,1209.68067226891,162.428571428571,508.065882352941,68.22,0.075
513,5,1210.09130434783,163.539130434783,508.238347826087,68.6864347826087,0.1
513,6,1212.21890547264,160.925373134328,509.131940298507,67.5886567164179,0.125
513,7,1217.52459016393,160.77868852459,511.360327868852,67.5270491803279,0.15
513,8,1217.91555555556,159.204444444444,511.524533333333,66.8658666666667,0.175
513,9,1216.30107526882,159.02688172043,510.846451612903,66.7912903225807,0.2
513,10,1212.04761904762,162.065476190476,509.06,68.0675,0.225
513,11,1213.86363636364,160.753787878788,509.822727272727,67.5165909090909,0.25
513,12,1212.74090909091,162.154545454545,509.351181818182,68.1049090909091,0.275
513,13,1219.58139534884,163.813953488372,512.224186046512,68.8018604651163,0.3
513,14,1220.82978723404,167.276595744681,512.748510638298,70.256170212766,0.325
513,15,1224.73387096774,171.290322580645,514.388225806452,71.941935483871,0.35
513,16,1225.5,171.3046875,514.71,71.94796875,0.375
513,17,1226.16058394161,170.306569343066,514.987445255474,71.5287591240876,0.4
513,18,1228.83018867925,171.22641509434,516.108679245283,71.9150943396226,0.425
513,19,1227.53535353535,172.262626262626,515.564848484849,72.350303030303,0.45
513,20,1226.78571428571,174.491071428571,515.25,73.28625,0.475
514,1,1198.09259259259,241.87037037037,503.198888888889,101.585555555556,0
514,2,1193.21276595745,244.035460992908,501.149361702128,102.494893617021,0.025
514,3,1191.0534351145,242.450381679389,500.242442748092,101.829160305344,0.05
514,4,1193.09923664122,238.923664122137,501.101679389313,100.347938931298,0.075
514,5,1190.59649122807,239.008771929825,500.050526315789,100.383684210526,0.1
514,6,1185.13636363636,235.272727272727,497.757272727273,98.8145454545455,0.125
514,7,1183.09375,234.96875,496.899375,98.686875,0.15
514,8,1187.65354330709,230.220472440945,498.814488188976,96.6925984251968,0.175
514,9,1190.7323943662,227.387323943662,500.107605633803,95.502676056338,0.2
514,10,1182.09756097561,223.69918699187,496.480975609756,93.9536585365854,0.225
514,11,1179.24761904762,222.295238095238,495.284,93.364,0.25
514,12,1165.70926517572,226.843450479233,489.597891373802,95.274249201278,0.275
514,13,1158.95930232558,226.343023255814,486.762906976744,95.0640697674419,0.3
514,14,1165.51748251748,230.601398601399,489.517342657343,96.8525874125874,0.325
514,15,1160.9212962963,231.199074074074,487.586944444444,97.1036111111111,0.35
514,16,1165.43023255814,227.075581395349,489.480697674419,95.3717441860465,0.375
514,17,1165.75543478261,224.701086956522,489.617282608696,94.3744565217391,0.4
514,18,1162.2027972028,216.363636363636,488.125174825175,90.8727272727273,0.425
514,19,1159.84210526316,216.201754385965,487.133684210526,90.8047368421053,0.45
514,20,1158.06299212598,219.653543307087,486.386456692913,92.2544881889764,0.475
515,1,1202.44230769231,130.317307692308,505.025769230769,54.7332692307692,0
515,2,1205.96460176991,131.743362831858,506.505132743363,55.3322123893805,0.025
515,3,1207.66101694915,131.067796610169,507.217627118644,55.0484745762712,0.05
515,4,1209.13793103448,132.810344827586,507.837931034483,55.7803448275862,0.075
515,5,1210.49122807018,133.219298245614,508.406315789474,55.9521052631579,0.1
515,6,1212.70909090909,131.190909090909,509.337818181818,55.1001818181818,0.125
515,7,1212.60909090909,131.936363636364,509.295818181818,55.4132727272727,0.15
515,8,1213.48039215686,130.558823529412,509.661764705882,54.8347058823529,0.175
515,9,1215.09523809524,128.971428571429,510.34,54.168,0.2
515,10,1217.15454545455,131.281818181818,511.204909090909,55.1383636363636,0.225
515,11,1220.38235294118,130.588235294118,512.560588235294,54.8470588235294,0.25
515,12,1223.59322033898,130,513.909152542373,54.6,0.275
515,13,1225.34108527132,129.472868217054,514.643255813953,54.3786046511628,0.3
515,14,1228.00806451613,128.346774193548,515.763387096774,53.9056451612903,0.325
515,15,1229.79032258065,128.491935483871,516.511935483871,53.9666129032258,0.35
515,16,1232.872,127.592,517.80624,53.58864,0.375
515,17,1243.33333333333,132.808743169399,522.2,55.7796721311475,0.4
515,18,1244.29768786127,133.471098265896,522.605028901734,56.0578612716763,0.425
515,19,1244.91907514451,133.832369942197,522.866011560694,56.2095953757225,0.45
515,20,1245.40483383686,134.368580060423,523.07003021148,56.4348036253776,0.475
516,1,1210.82113821138,374.333333333333,508.54487804878,157.22,0
516,2,1208.62337662338,372.116883116883,507.621818181818,156.289090909091,0.025
516,3,1211.41095890411,372.712328767123,508.792602739726,156.539178082192,0.05
516,4,1212.58208955224,372.850746268657,509.28447761194,156.597313432836,0.075
516,5,1212.44210526316,370.747368421053,509.225684210526,155.713894736842,0.1
516,6,1214.97413793103,366.931034482759,510.289137931034,154.111034482759,0.125
516,7,1216.13675213675,364.521367521367,510.777435897436,153.098974358974,0.15
516,8,1219.1976744186,365.988372093023,512.063023255814,153.71511627907,0.175
516,9,1218.21518987342,364.113924050633,511.650379746835,152.927848101266,0.2
516,10,1219.13414634146,362.365853658537,512.036341463415,152.193658536585,0.225
516,11,1220.6976744186,362.418604651163,512.693023255814,152.215813953488,0.25
516,12,1222.45098039216,359.029411764706,513.429411764706,150.792352941176,0.275
516,13,1224.87857142857,357.25,514.449,150.045,0.3
516,14,1224.05737704918,354.508196721311,514.104098360656,148.893442622951,0.325
516,15,1225.52173913043,356.619565217391,514.719130434783,149.780217391304,0.35
516,16,1226.96470588235,355.505882352941,515.325176470588,149.312470588235,0.375
516,17,1228.37209302326,352.674418604651,515.916279069767,148.123255813953,0.4
516,18,1232.07894736842,349.815789473684,517.473157894737,146.922631578947,0.425
516,19,1235.109375,347.9921875,518.7459375,146.15671875,0.45
516,20,1237.05607476636,347.785046728972,519.563551401869,146.069719626168,0.475
517,1,1223.38947368421,692.989473684211,513.823578947368,291.055578947368,0
517,2,1223.28125,692.697916666667,513.778125,290.933125,0.025
517,3,1223.17894736842,692.463157894737,513.735157894737,290.834526315789,0.05
517,4,1222.80612244898,692.438775510204,513.578571428571,290.824285714286,0.075
517,5,1222.73786407767,692.349514563107,513.549902912621,290.786796116505,0.1
517,6,1223.55319148936,692.382978723404,513.892340425532,290.80085106383,0.125
517,7,1223.63736263736,692.395604395604,513.927692307692,290.806153846154,0.15
517,8,1223.63440860215,692.139784946237,513.926451612903,290.698709677419,0.175
517,9,1223.70833333333,692.083333333333,513.9575,290.675,0.2
517,10,1223.41747572816,692.339805825243,513.835339805825,290.782718446602,0.225
517,11,1224.375,691.840909090909,514.2375,290.573181818182,0.25
517,12,1224.45454545455,691.454545454545,514.270909090909,290.410909090909,0.275
517,13,1224.5652173913,691.597826086957,514.317391304348,290.471086956522,0.3
517,14,1224.22222222222,691.355555555556,514.173333333333,290.369333333333,0.325
517,15,1224.22471910112,691.123595505618,514.174382022472,290.27191011236,0.35
517,16,1223.80898876404,691.191011235955,513.999775280899,290.300224719101,0.375
517,17,1223.69791666667,691.791666666667,513.953125,290.5525,0.4
517,18,1224.14285714286,692.318681318681,514.14,290.773846153846,0.425
517,19,1224.16666666667,692.288888888889,514.15,290.761333333333,0.45
517,20,1223.72043010753,692.290322580645,513.962580645161,290.761935483871,0.475
518,1,1227.97037037037,711.111111111111,515.747555555556,298.666666666667,0
518,2,1227.9022556391,711.15037593985,515.718947368421,298.683157894737,0.025
518,3,1227.97037037037,711.111111111111,515.747555555556,298.666666666667,0.05
518,4,1227.65441176471,711.132352941176,515.614852941176,298.675588235294,0.075
518,5,1227.85714285714,711,515.7,298.62,0.1
518,6,1227.97368421053,711.381578947368,515.748947368421,298.780263157895,0.125
518,7,1228.45925925926,710.333333333333,515.952888888889,298.34,0.15
518,8,1228.64285714286,709.821428571429,516.03,298.125,0.175
518,9,1228.6496350365,709.905109489051,516.032846715328,298.160145985401,0.2
518,10,1228.70422535211,710.640845070423,516.055774647887,298.469154929577,0.225
518,11,1228.56818181818,709.886363636364,515.998636363636,298.152272727273,0.25
518,12,1228.31060606061,709.742424242424,515.890454545455,298.091818181818,0.275
518,13,1228.4347826087,709.014492753623,515.942608695652,297.786086956522,0.3
518,14,1227.89705882353,708.904411764706,515.716764705882,297.739852941176,0.325
518,15,1227.70212765957,708.63829787234,515.634893617021,297.628085106383,0.35
518,16,1227.33082706767,708.917293233083,515.478947368421,297.745263157895,0.375
518,17,1228.02898550725,708.804347826087,515.772173913044,297.697826086957,0.4
518,18,1227.7619047619,709.547619047619,515.66,298.01,0.425
518,19,1227.98496240602,709.248120300752,515.753684210526,297.884210526316,0.45
518,20,1227.74015748032,709.503937007874,515.650866141732,297.991653543307,0.475
519,1,1233.10084033613,292.504201680672,517.902352941176,122.851764705882,0
519,2,1228.496,289.784,515.96832,121.70928,0.025
519,3,1223.27205882353,289.764705882353,513.774264705882,121.701176470588,0.05
519,4,1225.19130434783,289.773913043478,514.580347826087,121.705043478261,0.075
519,5,1226.08411214953,291.88785046729,514.955327102804,122.592897196262,0.1
519,6,1223.12403100775,288.31007751938,513.712093023256,121.09023255814,0.125
519,7,1224.38961038961,286.097402597403,514.243636363636,120.160909090909,0.15
519,8,1223.10434782609,285.713043478261,513.703826086956,119.99947826087,0.175
519,9,1221.4358974359,284.358974358974,513.003076923077,119.430769230769,0.2
519,10,1212.40151515152,283.992424242424,509.208636363636,119.276818181818,0.225
519,11,1208.75409836066,284.483606557377,507.676721311475,119.483114754098,0.25
519,12,1209.03759398496,283.007518796992,507.795789473684,118.863157894737,0.275
519,13,1210.39316239316,282.094017094017,508.365128205128,118.479487179487,0.3
519,14,1207.40983606557,278.213114754098,507.112131147541,116.849508196721,0.325
519,15,1207.76056338028,274.760563380282,507.259436619718,115.399436619718,0.35
519,16,1203.9918699187,277.813008130081,505.676585365854,116.681463414634,0.375
519,17,1199.30188679245,280.150943396226,503.70679245283,117.663396226415,0.4
519,18,1193.14285714286,281.828571428571,501.12,118.368,0.425
519,19,1192.68382352941,280.433823529412,500.927205882353,117.782205882353,0.45
519,20,1194.1679389313,278.648854961832,501.550534351145,117.032519083969,0.475
520,1,1238.98675496689,505.635761589404,520.374437086093,212.36701986755,0
520,2,1233.44848484848,510.957575757576,518.048363636364,214.602181818182,0.025
520,3,1231.67320261438,514.457516339869,517.302745098039,216.072156862745,0.05
520,4,1233.73684210526,513.556390977444,518.169473684211,215.693684210526,0.075
520,5,1233.7890625,516.5,518.19140625,216.93,0.1
520,6,1237.27722772277,523.534653465347,519.656435643564,219.884554455446,0.125
520,7,1237.62962962963,523.972222222222,519.804444444444,220.068333333333,0.15
520,8,1232.24561403509,521.973684210526,517.543157894737,219.228947368421,0.175
520,9,1227.77586206897,522.620689655172,515.665862068966,219.500689655172,0.2
520,10,1225.56862745098,522.607843137255,514.738823529412,219.495294117647,0.225
520,11,1227.30303030303,528.373737373737,515.467272727273,221.91696969697,0.25
520,12,1234.76470588235,526.714285714286,518.601176470588,221.22,0.275
520,13,1237.19327731092,534.420168067227,519.621176470588,224.456470588235,0.3
520,14,1234.28776978417,543.021582733813,518.400863309353,228.069064748201,0.325
520,15,1232.12280701754,543,517.491578947368,228.06,0.35
520,16,1223.84615384615,536.076923076923,514.015384615385,225.152307692308,0.375
520,17,1219.1393442623,537.426229508197,512.038524590164,225.719016393443,0.4
520,18,1216.45569620253,538.46835443038,510.911392405063,226.156708860759,0.425
520,19,1217.90476190476,541.444444444444,511.52,227.406666666667,0.45
520,20,1226.10483870968,544.217741935484,514.964032258064,228.571451612903,0.475
521,1,1241.97183098592,660.985915492958,521.628169014085,277.614084507042,0
521,2,1241.32894736842,662.651315789474,521.358157894737,278.313552631579,0.025
521,3,1243.13157894737,666.085526315789,522.115263157895,279.755921052632,0.05
521,4,1242.97222222222,670,522.048333333333,281.4,0.075
521,5,1245.5730994152,669.66081871345,523.140701754386,281.257543859649,0.1
521,6,1248.52040816327,667.724489795918,524.378571428571,280.444285714286,0.125
521,7,1254.38888888889,664.074074074074,526.843333333333,278.911111111111,0.15
521,8,1254.21138211382,662.117886178862,526.768780487805,278.089512195122,0.175
521,9,1256.575,661.9125,527.7615,278.00325,0.2
521,10,1254.74358974359,658.810256410256,526.992307692308,276.700307692308,0.225
521,11,1257.78481012658,658.867088607595,528.269620253164,276.72417721519,0.25
521,12,1258.77380952381,660.428571428571,528.685,277.38,0.275
521,13,1260.48044692737,663.536312849162,529.401787709497,278.685251396648,0.3
521,14,1259.63070539419,664.609958506224,529.04489626556,279.136182572614,0.325
521,15,1262.19421487603,663.929752066116,530.121570247934,278.850495867769,0.35
521,16,1261.98283261803,663.519313304721,530.032789699571,278.678111587983,0.375
521,17,1260.82995951417,661.331983805668,529.548582995951,277.759433198381,0.4
521,18,1264.22180451128,658.890977443609,530.973157894737,276.734210526316,0.425
521,19,1265,659.760784313725,531.3,277.099529411765,0.45
521,20,1264.35494880546,659.774744027304,531.029078498294,277.105392491468,0.475
522,1,1249.52727272727,469.254545454545,524.801454545454,197.086909090909,0
522,2,1249.71698113208,468.446540880503,524.881132075472,196.747547169811,0.025
522,3,1247.7816091954,471.402298850575,524.068275862069,197.988965517241,0.05
522,4,1244.61333333333,470.773333333333,522.7376,197.7248,0.075
522,5,1238.95614035088,472.964912280702,520.361578947368,198.645263157895,0.1
522,6,1240.01315789474,475.559210526316,520.80552631579,199.734868421053,0.125
522,7,1239.84,476.64,520.7328,200.1888,0.15
522,8,1234.6347826087,479.973913043478,518.546608695652,201.589043478261,0.175
522,9,1233.03076923077,481.123076923077,517.872923076923,202.071692307692,0.2
522,10,1232.09574468085,484.085106382979,517.480212765958,203.315744680851,0.225
522,11,1231.5641025641,485.564102564103,517.256923076923,203.936923076923,0.25
522,12,1227.73469387755,485.69387755102,515.648571428571,203.991428571429,0.275
522,13,1227.78,489.8,515.6676,205.716,0.3
522,14,1222.75,491.366666666667,513.555,206.374,0.325
522,15,1220.14615384615,494.130769230769,512.461384615385,207.534923076923,0.35
522,16,1220.41592920354,493.973451327434,512.574690265487,207.468849557522,0.375
522,17,1220.04210526316,493.8,512.417684210526,207.396,0.4
522,18,1223.10309278351,498.659793814433,513.703298969072,209.437113402062,0.425
522,19,1220.02816901408,498.760563380282,512.411830985915,209.479436619718,0.45
522,20,1215.43617021277,499.914893617021,510.483191489362,209.964255319149,0.475
523,1,1273.33096085409,379.135231316726,534.799003558719,159.236797153025,0
523,2,1272.12704918033,378.098360655738,534.293360655738,158.80131147541,0.025
523,3,1271.17991631799,377.016736401674,533.895564853556,158.347029288703,0.05
523,4,1271.83884297521,375.384297520661,534.172314049587,157.661404958678,0.075
523,5,1273.65546218487,374.579831932773,534.935294117647,157.323529411765,0.1
523,6,1273.56589147287,374.903100775194,534.897674418605,157.459302325581,0.125
523,7,1274.84234234234,374.342342342342,535.433783783784,157.223783783784,0.15
523,8,1282.05479452055,369.090410958904,538.46301369863,155.01797260274,0.175
523,9,1281.99390243902,370.44512195122,538.43743902439,155.586951219512,0.2
523,10,1281.71525423729,369.616949152542,538.320406779661,155.239118644068,0.225
523,11,1280.21771217712,368.461254612546,537.691439114391,154.753726937269,0.25
523,12,1279.67676767677,369.141414141414,537.464242424242,155.039393939394,0.275
523,13,1281.12568306011,368.688524590164,538.072786885246,154.849180327869,0.3
523,14,1282.06796116505,367.402912621359,538.46854368932,154.309223300971,0.325
523,15,1283.48230088496,367.08407079646,539.062566371681,154.175309734513,0.35
523,16,1282.05238095238,365.114285714286,538.462,153.348,0.375
523,17,1280.04705882353,363.639215686274,537.619764705882,152.728470588235,0.4
523,18,1281.13253012048,362.168674698795,538.075662650602,152.110843373494,0.425
523,19,1283.58744394619,361.022421524664,539.106726457399,151.629417040359,0.45
523,20,1284.736,360.712,539.58912,151.49904,0.475
524,1,1267.21854304636,223.635761589404,532.23178807947,93.9270198675497,0
524,2,1267.13636363636,222.272727272727,532.197272727273,93.3545454545455,0.025
524,3,1267.58181818182,219.448484848485,532.384363636364,92.1683636363636,0.05
524,4,1266.40579710145,215.528985507246,531.890434782609,90.5221739130435,0.075
524,5,1265.31428571429,217.057142857143,531.432,91.164,0.1
524,6,1263.68387096774,216.916129032258,530.747225806452,91.1047741935484,0.125
524,7,1263.81578947368,215.618421052632,530.802631578947,90.5597368421053,0.15
524,8,1262.92356687898,213.585987261146,530.427898089172,89.7061146496815,0.175
524,9,1261.77586206897,210.206896551724,529.945862068966,88.2868965517241,0.2
524,10,1261.82320441989,210.475138121547,529.965745856354,88.3995580110497,0.225
524,11,1260.60126582278,208.867088607595,529.45253164557,87.7241772151899,0.25
524,12,1259.03448275862,208.505747126437,528.794482758621,87.5724137931034,0.275
524,13,1262.275,205.85,530.1555,86.457,0.3
524,14,1263.26744186047,204.709302325581,530.572325581395,85.9779069767442,0.325
524,15,1261.99371069182,202.905660377358,530.037358490566,85.2203773584906,0.35
524,16,1260.93167701863,202.577639751553,529.591304347826,85.0826086956522,0.375
524,17,1259.6,200.212121212121,529.032,84.0890909090909,0.4
524,18,1260.21428571429,200.649350649351,529.29,84.2727272727273,0.425
524,19,1260.78873239437,199.161971830986,529.531267605634,83.6480281690141,0.45
524,20,1258.40277777778,198.083333333333,528.529166666667,83.195,0.475
525,1,1271.84375,33.6171875,534.174375,14.11921875,0
525,2,1269.86607142857,35.3214285714286,533.34375,14.835,0.025
525,3,1267.0396039604,36.4059405940594,532.156633663366,15.290495049505,0.05
525,4,1265.3956043956,36.1098901098901,531.466153846154,15.1661538461538,0.075
525,5,1264.06730769231,34.0576923076923,530.908269230769,14.3042307692308,0.1
525,6,1262.68,33.9,530.3256,14.238,0.125
525,7,1259.97580645161,36.7741935483871,529.189838709677,15.4451612903226,0.15
525,8,1254.33673469388,37.5408163265306,526.821428571429,15.7671428571429,0.175
525,9,1253.3813559322,36.2372881355932,526.420169491525,15.2196610169492,0.2
525,10,1253.69166666667,35.525,526.5505,14.9205,0.225
525,11,1254.27272727273,35.1818181818182,526.794545454545,14.7763636363636,0.25
525,12,1252.90909090909,36.6909090909091,526.221818181818,15.4101818181818,0.275
525,13,1252.4251497006,38.5149700598802,526.018562874251,16.1762874251497,0.3
525,14,1253.70860927152,39.9867549668874,526.55761589404,16.7944370860927,0.325
525,15,1254.15428571429,40.8171428571429,526.7448,17.1432,0.35
525,16,1252.53260869565,40.9945652173913,526.063695652174,17.2177173913043,0.375
525,17,1249.77551020408,42.1156462585034,524.905714285714,17.6885714285714,0.4
525,18,1250.41721854305,44.1523178807947,525.175231788079,18.5439735099338,0.425
525,19,1252.22875816993,44.7581699346405,525.936078431373,18.798431372549,0.45
525,20,1251.88826815642,46.0502793296089,525.793072625698,19.3411173184358,0.475
526,1,1272.97368421053,448.657894736842,534.648947368421,188.436315789474,0
526,2,1273.47826086957,444.376811594203,534.860869565217,186.638260869565,0.025
526,3,1270.87719298246,435.877192982456,533.768421052632,183.068421052632,0.05
526,4,1265.73333333333,433.7,531.608,182.154,0.075
526,5,1260.35185185185,435.314814814815,529.347777777778,182.832222222222,0.1
526,6,1257.50877192982,433.122807017544,528.153684210526,181.911578947368,0.125
526,7,1256.15238095238,433.4,527.584,182.028,0.15
526,8,1250.39603960396,435.534653465347,525.166336633663,182.924554455446,0.175
526,9,1251.8625,433.9375,525.78225,182.25375,0.2
526,10,1253.55789473684,441.768421052632,526.494315789474,185.542736842105,0.225
526,11,1254.792,450.12,527.01264,189.0504,0.25
526,12,1245.28282828283,448.939393939394,523.018787878788,188.554545454545,0.275
526,13,1239.38888888889,450,520.543333333333,189,0.3
526,14,1239.64285714286,444.241071428571,520.65,186.58125,0.325
526,15,1239.5,439.217741935484,520.59,184.471451612903,0.35
526,16,1236.06593406593,440.571428571429,519.147692307692,185.04,0.375
526,17,1231.35344827586,444.75,517.168448275862,186.795,0.4
526,18,1228.66666666667,443.243243243243,516.04,186.162162162162,0.425
526,19,1229.47321428571,440.946428571429,516.37875,185.1975,0.45
526,20,1223.04347826087,437.130434782609,513.678260869565,183.594782608696,0.475
527,1,1286.90322580645,714.758064516129,540.49935483871,300.198387096774,0
527,2,1287.92517006803,714.12925170068,540.928571428571,299.934285714286,0.025
527,3,1287.65492957746,714.43661971831,540.815070422535,300.06338028169,0.05
527,4,1287.98089171975,714.43949044586,540.951974522293,300.064585987261,0.075
527,5,1287.17931034483,714.462068965517,540.615310344828,300.074068965517,0.1
527,6,1287.98,714.473333333333,540.9516,300.0788,0.125
527,7,1287.98,714.473333333333,540.9516,300.0788,0.15
527,8,1287.72258064516,714.290322580645,540.843483870968,300.001935483871,0.175
527,9,1287.85333333333,714.3,540.8984,300.006,0.2
527,10,1287.27210884354,713.741496598639,540.654285714286,299.771428571429,0.225
527,11,1287.26351351351,714.236486486486,540.650675675676,299.979324324324,0.25
527,12,1287.22602739726,714.219178082192,540.634931506849,299.972054794521,0.275
527,13,1287.59119496855,714.40251572327,540.788301886793,300.049056603774,0.3
527,14,1287.72727272727,714.41958041958,540.845454545455,300.056223776224,0.325
527,15,1288,713.529411764706,540.96,299.682352941176,0.35
527,16,1288.46666666667,713.35,541.156,299.607,0.375
527,17,1288.52941176471,712.994652406417,541.182352941176,299.457754010695,0.4
527,18,1288.35483870968,712.833333333333,541.109032258064,299.39,0.425
527,19,1288.15789473684,713.315789473684,541.026315789474,299.592631578947,0.45
527,20,1288.0650887574,713.289940828402,540.987337278107,299.581775147929,0.475
528,1,1289.46456692913,293.905511811024,541.575118110236,123.44031496063,0
528,2,1290.24468085106,289.542553191489,541.902765957447,121.607872340426,0.025
528,3,1283.70454545455,292.772727272727,539.155909090909,122.964545454545,0.05
528,4,1288.7676056338,297.56338028169,541.282394366197,124.97661971831,0.075
528,5,1287.39130434783,298.45652173913,540.704347826087,125.351739130435,0.1
528,6,1278.03418803419,298.376068376068,536.774358974359,125.317948717949,0.125
528,7,1274.98947368421,299.8,535.495578947368,125.916,0.15
528,8,1271.33333333333,297.983739837398,533.96,125.153170731707,0.175
528,9,1275.28695652174,304.095652173913,535.62052173913,127.720173913043,0.2
528,10,1277.28070175439,307.736842105263,536.457894736842,129.249473684211,0.225
528,11,1269.32222222222,303.922222222222,533.115333333333,127.647333333333,0.25
528,12,1265.67088607595,295.924050632911,531.581772151899,124.288101265823,0.275
528,13,1261.92173913043,292.469565217391,530.007130434783,122.837217391304,0.3
528,14,1270.05405405405,291.522522522523,533.422702702703,122.439459459459,0.325
528,15,1278.07476635514,288.196261682243,536.791401869159,121.042429906542,0.35
528,16,1277.53389830508,285.279661016949,536.564237288136,119.817457627119,0.375
528,17,1272.26446280992,284.520661157025,534.351074380165,119.49867768595,0.4
528,18,1266.848,283.752,532.07616,119.17584,0.425
528,19,1264.84042553191,284.808510638298,531.232978723404,119.619574468085,0.45
528,20,1269.32,294.04,533.1144,123.4968,0.475
529,2,12.7071428571429,299.835714285714,5.337,125.931,0.025
529,3,12.4405594405594,301.587412587413,5.22503496503496,126.666713286713,0.05
529,4,12.1942446043165,303.41726618705,5.12158273381295,127.435251798561,0.075
529,5,15.0738255033557,304.295302013423,6.3310067114094,127.804026845638,0.1
529,6,13.3087248322148,304.375838926174,5.5896644295302,127.837852348993,0.125
529,7,10.172619047619,305.446428571429,4.2725,128.2875,0.15
529,8,8.32075471698113,307.603773584906,3.49471698113208,129.19358490566,0.175
529,9,6.81884057971014,311.086956521739,2.86391304347826,130.65652173913,0.2
529,10,5.49295774647887,309.394366197183,2.30704225352113,129.945633802817,0.225
529,11,7.49305555555556,309.555555555556,3.14708333333333,130.013333333333,0.25
529,12,9.24223602484472,310.465838509317,3.88173913043478,130.395652173913,0.275
529,13,10.45,313.057142857143,4.389,131.484,0.3
529,14,11.6048387096774,316.758064516129,4.87403225806452,133.038387096774,0.325
529,15,10.3084112149533,316.710280373832,4.32953271028037,133.018317757009,0.35
529,16,10.4809160305344,318.389312977099,4.40198473282443,133.723511450382,0.375
529,17,12.0384615384615,318.538461538462,5.05615384615385,133.786153846154,0.4
529,18,13.4220779220779,321.551948051948,5.63727272727273,135.051818181818,0.425
529,19,11.8104575163399,323.241830065359,4.96039215686275,135.761568627451,0.45
529,20,11.2337662337662,323.512987012987,4.71818181818182,135.875454545455,0.475
530,2,79.5042016806723,617.512605042017,33.3917647058824,259.355294117647,0.025
530,3,80.3217391304348,617.565217391304,33.7351304347826,259.377391304348,0.05
530,4,80.3125,617.1875,33.73125,259.21875,0.075
530,5,79.776,617.2,33.50592,259.224,0.1
530,6,82.6031746031746,614.063492063492,34.6933333333333,257.906666666667,0.125
530,7,82.88,615.824,34.8096,258.64608,0.15
530,8,81.344537815126,617.084033613445,34.1647058823529,259.175294117647,0.175
530,9,80.0756302521008,618.109243697479,33.6317647058823,259.605882352941,0.2
530,10,79.1157024793388,618.00826446281,33.2285950413223,259.56347107438,0.225
530,11,78.864,618.84,33.12288,259.9128,0.25
530,12,79.1240310077519,620.062015503876,33.2320930232558,260.426046511628,0.275
530,13,78.8455284552846,619.260162601626,33.1151219512195,260.089268292683,0.3
530,14,79.1587301587302,618.079365079365,33.2466666666667,259.593333333333,0.325
530,15,80.1496062992126,617.173228346457,33.6628346456693,259.212755905512,0.35
530,16,81.4812030075188,616.187969924812,34.2221052631579,258.798947368421,0.375
530,17,80.8412698412698,615.825396825397,33.9533333333333,258.646666666667,0.4
530,18,80.6377952755905,615.338582677165,33.867874015748,258.442204724409,0.425
530,19,80.375,614.9765625,33.7575,258.29015625,0.45
530,20,80.1746031746032,615.150793650794,33.6733333333333,258.363333333333,0.475
531,2,403.604938271605,478.901234567901,169.514074074074,201.138518518519,0.025
531,3,407.544117647059,483.088235294118,171.168529411765,202.897058823529,0.05
531,4,413.725,478.6875,173.7645,201.04875,0.075
531,5,420.84,484.1,176.7528,203.322,0.1
531,6,421.869918699187,485.691056910569,177.185365853659,203.990243902439,0.125
531,7,421.742857142857,488.142857142857,177.132,205.02,0.15
531,8,415.511363636364,490.715909090909,174.514772727273,206.100681818182,0.175
531,9,413.246376811594,495.014492753623,173.56347826087,207.906086956522,0.2
531,10,420.507042253521,493.56338028169,176.612957746479,207.29661971831,0.225
531,11,423.159090909091,497.193181818182,177.726818181818,208.821136363636,0.25
531,12,418.757575757576,500.810606060606,175.878181818182,210.340454545455,0.275
531,13,416.608108108108,506.972972972973,174.975405405405,212.928648648649,0.3
531,14,414.414285714286,506.528571428571,174.054,212.742,0.325
531,15,413.118644067797,506.067796610169,173.509830508475,212.548474576271,0.35
531,16,420.666666666667,506.894736842105,176.68,212.895789473684,0.375
531,17,428.211538461538,508.038461538462,179.848846153846,213.376153846154,0.4
531,18,422.890243902439,515.731707317073,177.613902439024,216.607317073171,0.425
531,19,419.992481203008,519.533834586466,176.396842105263,218.204210526316,0.45
531,20,423.161538461538,518.869230769231,177.727846153846,217.925076923077,0.475
532,2,632.112781954887,576.075187969925,265.487368421053,241.951578947368,0.025
532,3,637.607547169811,570.524528301887,267.795169811321,239.620301886792,0.05
532,4,637.116040955631,568.866894197952,267.588737201365,238.92409556314,0.075
532,5,640.200704225352,568.102112676056,268.884295774648,238.602887323944,0.1
532,6,632.515151515152,561.643939393939,265.656363636364,235.890454545455,0.125
532,7,628.311594202899,559.565217391304,263.890869565217,235.017391304348,0.15
532,8,626.617647058824,556.926470588235,263.179411764706,233.909117647059,0.175
532,9,625.828571428571,557.635714285714,262.848,234.207,0.2
532,10,623.609756097561,559.382113821138,261.916097560976,234.940487804878,0.225
532,11,621.51724137931,560.905172413793,261.03724137931,235.580172413793,0.25
532,12,622.404761904762,555.944444444444,261.41,233.496666666667,0.275
532,13,623.383458646617,553.563909774436,261.821052631579,232.496842105263,0.3
532,14,619.196581196581,554.649572649573,260.062564102564,232.95282051282,0.325
532,15,616.807339449541,557.284403669725,259.059082568807,234.059449541284,0.35
532,16,612.394160583942,551.992700729927,257.205547445255,231.836934306569,0.375
532,17,615.007575757576,547.871212121212,258.303181818182,230.105909090909,0.4
532,18,612.455223880597,550.746268656716,257.231194029851,231.313432835821,0.425
532,19,611.342105263158,556.377192982456,256.763684210526,233.678421052632,0.45
532,20,605.689075630252,558.142857142857,254.389411764706,234.42,0.475
533,2,773.94701986755,286.41059602649,325.057748344371,120.292450331126,0.025
533,3,776.418300653595,287.098039215686,326.09568627451,120.581176470588,0.05
533,4,776.389261744966,286.791946308725,326.083489932886,120.452617449664,0.075
533,5,776.076388888889,287.569444444444,325.952083333333,120.779166666667,0.1
533,6,774.972413793103,286.634482758621,325.488413793103,120.386482758621,0.125
533,7,775.007142857143,285.6,325.503,119.952,0.15
533,8,775.287581699346,286.307189542484,325.620784313725,120.249019607843,0.175
533,9,774.682432432432,285.898648648649,325.366621621622,120.077432432432,0.2
533,10,775.165517241379,285.544827586207,325.569517241379,119.928827586207,0.225
533,11,775.72,285.713333333333,325.8024,119.9996,0.25
533,12,774.69014084507,285.704225352113,325.36985915493,119.995774647887,0.275
533,13,775.757009345794,285.831775700935,325.817943925234,120.049345794393,0.3
533,14,773.607142857143,285.657142857143,324.915,119.976,0.325
533,15,773.678571428571,285.5,324.945,119.91,0.35
533,16,773.787234042553,284.950354609929,324.990638297872,119.67914893617,0.375
533,17,773.335664335664,283.804195804196,324.800979020979,119.197762237762,0.4
533,18,773.790849673203,283.882352941176,324.992156862745,119.230588235294,0.425
533,19,772.705035971223,284.669064748201,324.536115107914,119.561007194245,0.45
533,20,771.728682170543,284.643410852713,324.126046511628,119.55023255814,0.475
534,2,913.402985074627,97.2686567164179,383.629253731343,40.8528358208955,0.025
534,3,914.985074626866,95.865671641791,384.293731343284,40.2635820895522,0.05
534,4,915.26582278481,95.6582278481013,384.41164556962,40.1764556962025,0.075
534,5,914.383720930233,95.7558139534884,384.041162790698,40.2174418604651,0.1
534,6,914.744897959184,94.5510204081633,384.192857142857,39.7114285714286,0.125
534,7,913.698924731183,93.6021505376344,383.753548387097,39.3129032258065,0.15
534,8,912.073170731707,93.5121951219512,383.070731707317,39.2751219512195,0.175
534,9,912.269230769231,92.4615384615385,383.153076923077,38.8338461538462,0.2
534,10,912.283783783784,92.2972972972973,383.159189189189,38.7648648648649,0.225
534,11,912.202702702703,91.4594594594595,383.125135135135,38.412972972973,0.25
534,12,912.105263157895,91.7631578947368,383.084210526316,38.5405263157895,0.275
534,13,912.368421052632,90.3684210526316,383.194736842105,37.9547368421053,0.3
534,14,912.970588235294,90.2941176470588,383.447647058824,37.9235294117647,0.325
534,15,913.149253731343,89.8208955223881,383.522686567164,37.724776119403,0.35
534,16,915.114754098361,89.3114754098361,384.348196721311,37.5108196721311,0.375
534,17,915.819444444444,88.7777777777778,384.644166666667,37.2866666666667,0.4
534,18,914.894736842105,88.1684210526316,384.255789473684,37.0307368421053,0.425
534,19,914.208333333333,87.1666666666667,383.9675,36.61,0.45
534,20,912.841584158416,87.4851485148515,383.393465346535,36.7437623762376,0.475
535,3,451.188524590164,136.467213114754,189.499180327869,57.3162295081967,0.05
535,4,449.929824561404,140.368421052632,188.970526315789,58.9547368421053,0.075
535,5,450.1484375,141.28125,189.06234375,59.338125,0.1
535,6,449.871559633028,143.559633027523,188.946055045872,60.2950458715596,0.125
535,7,447.686046511628,147.255813953488,188.028139534884,61.8474418604651,0.15
535,8,449.060975609756,149,188.605609756098,62.58,0.175
535,9,450.447368421053,151.473684210526,189.187894736842,63.6189473684211,0.2
535,10,447.895652173913,155.15652173913,188.116173913043,65.1657391304348,0.225
535,11,450.230088495575,156.327433628319,189.096637168142,65.6575221238938,0.25
535,12,450.21,157.64,189.0882,66.2088,0.275
535,13,450.733333333333,159.688888888889,189.308,67.0693333333333,0.3
535,14,451.12676056338,160.464788732394,189.47323943662,67.3952112676056,0.325
535,15,450.525423728814,162.067796610169,189.220677966102,68.0684745762712,0.35
535,16,448.833333333333,165.235294117647,188.51,69.3988235294118,0.375
535,17,450.419642857143,169.955357142857,189.17625,71.38125,0.4
535,18,449.743801652893,171.413223140496,188.892396694215,71.9935537190083,0.425
535,19,451.076923076923,173.019230769231,189.452307692308,72.6680769230769,0.45
535,20,451.857142857143,174.857142857143,189.78,73.44,0.475
536,3,1293.19736842105,563.052631578947,543.142894736842,236.482105263158,0.05
536,4,1291.67647058824,557.205882352941,542.504117647059,234.026470588235,0.075
536,5,1292.6511627907,556.410852713178,542.913488372093,233.692558139535,0.1
536,6,1290.75968992248,560.875968992248,542.119069767442,235.567906976744,0.125
536,7,1289.18085106383,559.18085106383,541.455957446808,234.855957446809,0.15
536,8,1285.51351351351,558.558558558559,539.915675675676,234.594594594595,0.175
536,9,1284.34482758621,557.870689655172,539.424827586207,234.305689655172,0.2
536,10,1284.5974025974,557.597402597403,539.530909090909,234.190909090909,0.225
536,11,1283.68888888889,557.044444444444,539.149333333333,233.958666666667,0.25
536,12,1279.54098360656,557.180327868852,537.407213114754,234.015737704918,0.275
536,13,1279.02962962963,552.274074074074,537.192444444444,231.955111111111,0.3
536,14,1278.576,550.736,537.00192,231.30912,0.325
536,15,1277.54482758621,549.724137931035,536.568827586207,230.884137931035,0.35
536,16,1272.7520661157,552.413223140496,534.555867768595,232.013553719008,0.375
536,17,1270.28828828829,552.504504504505,533.521081081081,232.051891891892,0.4
536,18,1268.15463917526,549.474226804124,532.624948453608,230.779175257732,0.425
536,19,1266.35,548.425,531.867,230.3385,0.45
536,20,1266.9173553719,544.520661157025,532.105289256198,228.69867768595,0.475
537,4,222.44578313253,212.433734939759,93.4272289156627,89.2221686746988,0.075
537,5,214.039473684211,212.763157894737,89.8965789473684,89.3605263157895,0.1
537,6,209.7375,211.8125,88.08975,88.96125,0.125
537,7,207.347222222222,204.715277777778,87.0858333333333,85.9804166666667,0.15
537,8,208.375,205.325,87.5175,86.2365,0.175
537,9,211.36641221374,206.435114503817,88.773893129771,86.7027480916031,0.2
537,10,212.420560747664,202.766355140187,89.2166355140187,85.1618691588785,0.225
537,11,209.102564102564,199.65811965812,87.8230769230769,83.8564102564103,0.25
537,12,211.854961832061,198.557251908397,88.9790839694656,83.3940458015267,0.275
537,13,213.975757575758,192.557575757576,89.8698181818182,80.8741818181818,0.3
537,14,212.075471698113,187.861635220126,89.0716981132075,78.9018867924528,0.325
537,15,211.652941176471,186.447058823529,88.8942352941176,78.3077647058823,0.35
537,16,214.191489361702,184.070921985816,89.9604255319149,77.3097872340425,0.375
537,17,218.7265625,182.0078125,91.86515625,76.44328125,0.4
537,18,219.632183908046,179.218390804598,92.2455172413793,75.271724137931,0.425
537,19,212.938461538462,180.707692307692,89.4341538461538,75.8972307692308,0.45
537,20,208.3125,178.513888888889,87.49125,74.9758333333333,0.475
538,4,333.683544303797,4.25316455696202,140.147088607595,1.78632911392405,0.075
538,5,328.516853932584,5.26966292134831,137.977078651685,2.21325842696629,0.1
538,6,326.468085106383,5.47872340425532,137.116595744681,2.30106382978723,0.125
538,7,324.592105263158,9.48684210526316,136.328684210526,3.98447368421053,0.15
538,8,330.808695652174,7.89565217391304,138.939652173913,3.31617391304348,0.175
538,9,335.811475409836,6.67213114754098,141.040819672131,2.80229508196721,0.2
538,10,333.275,12.65,139.9755,5.313,0.225
538,11,337.017543859649,15.8245614035088,141.547368421053,6.64631578947368,0.25
538,12,331.223880597015,17.9402985074627,139.114029850746,7.53492537313433,0.275
538,13,325.58064516129,20.3548387096774,136.743870967742,8.54903225806452,0.3
538,14,328.677685950413,23.4793388429752,138.044628099174,9.86132231404959,0.325
538,15,335.666666666667,24.4252873563218,140.98,10.2586206896552,0.35
538,16,339.64347826087,21.7217391304348,142.650260869565,9.12313043478261,0.375
538,17,334.68,27.976,140.5656,11.74992,0.4
538,18,335.194174757282,29.6601941747573,140.781553398058,12.4572815533981,0.425
538,19,329.926470588235,29.4558823529412,138.569117647059,12.3714705882353,0.45
538,20,326.75,31,137.235,13.02,0.475
539,4,414.017857142857,245,173.8875,102.9,0.075
539,5,412.959459459459,245.824324324324,173.442972972973,103.246216216216,0.1
539,6,413.981132075472,238.490566037736,173.872075471698,100.166037735849,0.125
539,7,418.033898305085,232.372881355932,175.574237288136,97.5966101694915,0.15
539,8,414.511811023622,226.188976377953,174.094960629921,94.9993700787402,0.175
539,9,408.358778625954,223.603053435115,171.510687022901,93.9132824427481,0.2
539,10,408.962962962963,223.722222222222,171.764444444444,93.9633333333333,0.225
539,11,406.807692307692,230.115384615385,170.859230769231,96.6484615384615,0.25
539,12,405.272727272727,236.257575757576,170.214545454545,99.2281818181818,0.275
539,13,396.761061946903,235.008849557522,166.639646017699,98.7037168141593,0.3
539,14,395.522727272727,234.147727272727,166.119545454545,98.3420454545455,0.325
539,15,396.75,231.166666666667,166.635,97.09,0.35
539,16,401.377358490566,224.075471698113,168.578490566038,94.1116981132075,0.375
539,17,395.035714285714,220.0625,165.915,92.42625,0.4
539,18,392.059259259259,220.311111111111,164.664888888889,92.5306666666667,0.425
539,19,391.229508196721,221.508196721311,164.316393442623,93.0334426229508,0.45
539,20,391.938461538462,229.261538461538,164.614153846154,96.2898461538462,0.475
540,4,939.427586206897,279.834482758621,394.559586206897,117.530482758621,0.075
540,5,942.485074626866,281.044776119403,395.843731343284,118.038805970149,0.1
540,6,950.6484375,281.3046875,399.27234375,118.14796875,0.125
540,7,949.335877862595,284.709923664122,398.72106870229,119.578167938931,0.15
540,8,944.895833333333,283.777777777778,396.85625,119.186666666667,0.175
540,9,943.071895424837,289.490196078431,396.090196078431,121.585882352941,0.2
540,10,941.204968944099,295.745341614907,395.306086956522,124.213043478261,0.225
540,11,946.746575342466,299.595890410959,397.633561643836,125.830273972603,0.25
540,12,943.767605633803,301.288732394366,396.382394366197,126.541267605634,0.275
540,13,946.584745762712,304.025423728814,397.565593220339,127.690677966102,0.3
540,14,951.41095890411,307.568493150685,399.592602739726,129.178767123288,0.325
540,15,950.234482758621,307.179310344828,399.098482758621,129.015310344828,0.35
540,16,953.095588235294,305.022058823529,400.300147058824,128.109264705882,0.375
540,17,950.658064516129,310.245161290323,399.276387096774,130.302967741935,0.4
540,18,953.72049689441,314.27950310559,400.562608695652,131.997391304348,0.425
540,19,959.891025641026,313.076923076923,403.154230769231,131.492307692308,0.45
540,20,964.658536585366,314.09756097561,405.156585365854,131.920975609756,0.475
541,5,220.355555555556,473.666666666667,92.5493333333333,198.94,0.1
541,6,219.045045045045,478.144144144144,91.9989189189189,200.820540540541,0.125
541,7,217.509090909091,480.854545454545,91.3538181818182,201.958909090909,0.15
541,8,217.017857142857,479.964285714286,91.1475,201.585,0.175
541,9,219.425287356322,479.965517241379,92.1586206896552,201.585517241379,0.2
541,10,223.563218390805,480.701149425287,93.8965517241379,201.894482758621,0.225
541,11,222.788461538462,484.653846153846,93.5711538461538,203.554615384615,0.25
541,12,222.44347826087,486.313043478261,93.4262608695652,204.25147826087,0.275
541,13,222.281553398058,485.592233009709,93.3582524271845,203.948737864078,0.3
541,14,223.377551020408,488.316326530612,93.8185714285714,205.092857142857,0.325
541,15,224.22,488.69,94.1724,205.2498,0.35
541,16,221.173469387755,490.316326530612,92.8928571428571,205.932857142857,0.375
541,17,221.612068965517,493.629310344828,93.0770689655172,207.324310344828,0.4
541,18,222.842105263158,496.078947368421,93.5936842105263,208.353157894737,0.425
541,19,224.382352941176,497.43137254902,94.2405882352941,208.921176470588,0.45
541,20,223.494382022472,498.52808988764,93.8676404494382,209.381797752809,0.475
542,5,282.820105820106,651.153439153439,118.784444444444,273.484444444444,0.1
542,6,283.185792349727,650.136612021858,118.938032786885,273.05737704918,0.125
542,7,283.29012345679,650.469135802469,118.981851851852,273.197037037037,0.15
542,8,284.801324503311,651.211920529801,119.616556291391,273.509006622517,0.175
542,9,285.216560509554,651.140127388535,119.790955414013,273.478853503185,0.2
542,10,285.798780487805,651.042682926829,120.035487804878,273.437926829268,0.225
542,11,286.790849673203,649.888888888889,120.452156862745,272.953333333333,0.25
542,12,285.271428571429,648.014285714286,119.814,272.166,0.275
542,13,284.253731343284,643.134328358209,119.386567164179,270.116417910448,0.3
542,14,284.451219512195,641.219512195122,119.469512195122,269.312195121951,0.325
542,15,284.748502994012,639.497005988024,119.594371257485,268.58874251497,0.35
542,16,285.146853146853,638.20979020979,119.761678321678,268.048111888112,0.375
542,17,286.027397260274,639.178082191781,120.131506849315,268.454794520548,0.4
542,18,286.496124031008,639.472868217054,120.328372093023,268.578604651163,0.425
542,19,284.6171875,640.203125,119.53921875,268.8853125,0.45
542,20,283.4,641.566666666667,119.028,269.458,0.475
543,5,542.937106918239,563.194968553459,228.03358490566,236.541886792453,0.1
543,6,546.503597122302,564.21582733813,229.531510791367,236.970647482014,0.125
543,7,551.103174603175,557.174603174603,231.463333333333,234.013333333333,0.15
543,8,550.792857142857,560.435714285714,231.333,235.383,0.175
543,9,555.852941176471,562.235294117647,233.458235294118,236.138823529412,0.2
543,10,553.382716049383,566.956790123457,232.420740740741,238.121851851852,0.225
543,11,557.923076923077,563.699300699301,234.327692307692,236.753706293706,0.25
543,12,558.112676056338,565.232394366197,234.407323943662,237.397605633803,0.275
543,13,560.209580838323,567.916167664671,235.288023952096,238.524790419162,0.3
543,14,561.894117647059,571.911764705882,235.995529411765,240.202941176471,0.325
543,15,564.540983606557,569.5,237.107213114754,239.19,0.35
543,16,568.043859649123,564.929824561404,238.578421052632,237.270526315789,0.375
543,17,570.485507246377,568.072463768116,239.603913043478,238.590434782609,0.4
543,18,573.288343558282,569.889570552147,240.781104294479,239.353619631902,0.425
543,19,572.546762589928,573.115107913669,240.46964028777,240.708345323741,0.45
543,20,579,569.97247706422,243.18,239.388440366972,0.475
544,6,17.3007518796992,220.413533834586,7.26631578947368,92.5736842105263,0.125
544,7,15.6521739130435,218.753623188406,6.57391304347826,91.8765217391304,0.15
544,8,16.1014492753623,214.057971014493,6.76260869565217,89.9043478260869,0.175
544,9,15.0472972972973,213.141891891892,6.31986486486486,89.5195945945946,0.2
544,10,15.2283950617284,210.456790123457,6.39592592592593,88.3918518518518,0.225
544,11,14.6991869918699,210.674796747967,6.17365853658537,88.4834146341463,0.25
544,12,13.3606557377049,211.360655737705,5.61147540983607,88.7714754098361,0.275
544,13,12.1623931623932,211.760683760684,5.10820512820513,88.9394871794872,0.3
544,14,13.1261261261261,210.261261261261,5.51297297297297,88.3097297297297,0.325
544,15,12.0756302521008,209.025210084034,5.07176470588235,87.7905882352941,0.35
544,16,11.3478260869565,207.888198757764,4.76608695652174,87.3130434782609,0.375
544,17,12.0122699386503,205.644171779141,5.04515337423313,86.3705521472393,0.4
544,18,12.2733333333333,205.806666666667,5.1548,86.4388,0.425
544,19,12.3947368421053,204.940789473684,5.20578947368421,86.0751315789474,0.45
544,20,13.1812865497076,204.415204678363,5.53614035087719,85.8543859649123,0.475
545,6,547.083333333333,294.527777777778,229.775,123.701666666667,0.125
545,7,549.40350877193,293.728070175439,230.749473684211,123.365789473684,0.15
545,8,548.903225806452,288.967741935484,230.53935483871,121.366451612903,0.175
545,9,553.184523809524,287.10119047619,232.3375,120.5825,0.2
545,10,555.953271028037,288.429906542056,233.500373831776,121.140560747664,0.225
545,11,555.805309734513,297.12389380531,233.438230088496,124.79203539823,0.25
545,12,565.05504587156,294.45871559633,237.323119266055,123.672660550459,0.275
545,13,566.532846715328,292.905109489051,237.943795620438,123.020145985401,0.3
545,14,561.804511278195,286.93984962406,235.957894736842,120.514736842105,0.325
545,15,566.135593220339,281.771186440678,237.776949152542,118.343898305085,0.35
545,16,571.771186440678,282.432203389831,240.143898305085,118.621525423729,0.375
545,17,572.283870967742,280.245161290323,240.359225806452,117.702967741935,0.4
545,18,577.337278106509,276.14201183432,242.481656804734,115.979644970414,0.425
545,19,575.710526315789,274.230263157895,241.798421052632,115.176710526316,0.45
545,20,579.769911504425,279.106194690266,243.503362831858,117.224601769912,0.475
546,6,1293.86206896552,328.844827586207,543.422068965517,138.114827586207,0.125
546,7,1293.49411764706,328.588235294118,543.267529411765,138.007058823529,0.15
546,8,1292.75912408759,328.788321167883,542.958832116788,138.091094890511,0.175
546,9,1292.03888888889,329.044444444444,542.656333333333,138.198666666667,0.2
546,10,1291.58602150538,327.817204301075,542.466129032258,137.683225806452,0.225
546,11,1291.47741935484,327.335483870968,542.420516129032,137.480903225806,0.25
546,12,1292.7610619469,326.858407079646,542.959646017699,137.280530973451,0.275
546,13,1290.67164179104,322.805970149254,542.082089552239,135.578507462687,0.3
546,14,1290.63978494624,323.731182795699,542.068709677419,135.967096774194,0.325
546,15,1290.4243902439,322.790243902439,541.978243902439,135.571902439024,0.35
546,16,1289.12077294686,324.753623188406,541.430724637681,136.39652173913,0.375
546,17,1287.52054794521,322.461187214612,540.758630136986,135.433698630137,0.4
546,18,1287.7389380531,319.796460176991,540.850353982301,134.314513274336,0.425
546,19,1285.08810572687,318.947136563877,539.737004405286,133.957797356828,0.45
546,20,1283.07614213198,320.243654822335,538.891979695431,134.502335025381,0.475
547,7,1055.83229813665,244.285714285714,443.449565217391,102.6,0.15
547,8,1056.90857142857,246.874285714286,443.9016,103.6872,0.175
547,9,1059.13157894737,246.697368421053,444.835263157895,103.612894736842,0.2
547,10,1069.77372262774,246.591240875912,449.30496350365,103.568321167883,0.225
547,11,1070.44720496894,251.670807453416,449.587826086957,105.701739130435,0.25
547,12,1069.92857142857,251.542857142857,449.37,105.648,0.275
547,13,1067.14765100671,253.48322147651,448.202013422819,106.462953020134,0.3
547,14,1065.7743902439,255.567073170732,447.625243902439,107.338170731707,0.325
547,15,1062.7950310559,260.335403726708,446.373913043478,109.340869565217,0.35
547,16,1066.58461538462,263.830769230769,447.965538461538,110.808923076923,0.375
547,17,1074.29605263158,266.664473684211,451.204342105263,111.999078947368,0.4
547,18,1080.95901639344,267.426229508197,454.002786885246,112.319016393443,0.425
547,19,1084.10071942446,264.194244604317,455.322302158273,110.961582733813,0.45
547,20,1085.43661971831,266.654929577465,455.88338028169,111.995070422535,0.475
548,8,127.5,273.298245614035,53.55,114.785263157895,0.175
548,9,130.171171171171,275,54.6718918918919,115.5,0.2
548,10,136.504201680672,270.478991596639,57.3317647058824,113.601176470588,0.225
548,11,139.941605839416,271.824817518248,58.7754744525547,114.166423357664,0.25
548,12,143.516666666667,273.008333333333,60.277,114.6635,0.275
548,13,140.795081967213,276.33606557377,59.1339344262295,116.061147540984,0.3
548,14,138.676056338028,278.091549295775,58.2439436619718,116.798450704225,0.325
548,15,138.972413793103,283.593103448276,58.3684137931034,119.109103448276,0.35
548,16,144.70297029703,285.237623762376,60.7752475247525,119.799801980198,0.375
548,17,148.823076923077,281.584615384615,62.5056923076923,118.265538461538,0.4
548,18,153.875912408759,283.70802919708,64.6278832116788,119.157372262774,0.425
548,19,154.8,284.8,65.016,119.616,0.45
548,20,154.918032786885,287.72131147541,65.0655737704918,120.842950819672,0.475
549,8,193.836879432624,161.851063829787,81.4114893617021,67.9774468085106,0.175
549,9,194.360902255639,164.751879699248,81.6315789473684,69.1957894736842,0.2
549,10,194.715909090909,164.568181818182,81.7806818181818,69.1186363636364,0.225
549,11,192.791044776119,162.059701492537,80.9722388059702,68.0650746268657,0.25
549,12,189.357798165138,165.834862385321,79.5302752293578,69.6506422018349,0.275
549,13,186.133333333333,167.316666666667,78.176,70.273,0.3
549,14,185.558823529412,168.607843137255,77.9347058823529,70.8152941176471,0.325
549,15,186.15,162.825,78.183,68.3865,0.35
549,16,181.036585365854,162.353658536585,76.0353658536585,68.1885365853659,0.375
549,17,173.714285714286,163.269841269841,72.96,68.5733333333333,0.4
549,18,175.083333333333,164.84375,73.535,69.234375,0.425
549,19,175.735294117647,159.588235294118,73.8088235294118,67.0270588235294,0.45
549,20,173,161.441558441558,72.66,67.8054545454545,0.475
550,8,531.107692307692,424.392307692308,223.065230769231,178.244769230769,0.175
550,9,534.057553956835,425.89928057554,224.304172661871,178.877697841727,0.2
550,10,537.211764705882,427.952941176471,225.628941176471,179.740235294118,0.225
550,11,538.818791946309,412.885906040268,226.30389261745,173.412080536913,0.25
550,12,541.246478873239,427.387323943662,227.323521126761,179.502676056338,0.275
550,13,542.6,429.189473684211,227.892,180.259578947368,0.3
550,14,539.244897959184,432.775510204082,226.482857142857,181.765714285714,0.325
550,15,544.106557377049,435.786885245902,228.524754098361,183.030491803279,0.35
550,16,547.761363636364,435.272727272727,230.059772727273,182.814545454545,0.375
550,17,551.197674418605,430.56976744186,231.503023255814,180.839302325581,0.4
550,18,556.4,435.609523809524,233.688,182.956,0.425
550,19,560.3203125,437.140625,235.33453125,183.5990625,0.45
550,20,551.822222222222,437.477777777778,231.765333333333,183.740666666667,0.475
551,8,693.188405797101,230.260869565217,291.139130434783,96.7095652173913,0.175
551,9,692.813333333333,229.773333333333,290.9816,96.5048,0.2
551,10,693.333333333333,229.333333333333,291.2,96.32,0.225
551,11,693.942857142857,228.657142857143,291.456,96.036,0.25
551,12,694.197368421053,229.552631578947,291.562894736842,96.4121052631579,0.275
551,13,693.077922077922,229.038961038961,291.092727272727,96.1963636363636,0.3
551,14,692.647887323944,229.43661971831,290.912112676056,96.3633802816901,0.325
551,15,692.160493827161,229.543209876543,290.707407407407,96.4081481481481,0.35
551,16,691.423076923077,228.974358974359,290.397692307692,96.1692307692308,0.375
551,17,692.421052631579,228.776315789474,290.816842105263,96.0860526315789,0.4
551,18,693.175675675676,228.756756756757,291.133783783784,96.0778378378378,0.425
551,19,693.356164383562,229.219178082192,291.209589041096,96.2720547945205,0.45
551,20,693.213333333333,229.026666666667,291.1496,96.1912,0.475
552,9,45.672,377.984,19.18224,158.75328,0.2
552,10,49.6486486486486,378.882882882883,20.8524324324324,159.130810810811,0.225
552,11,53.1358024691358,378.123456790123,22.317037037037,158.811851851852,0.25
552,12,53.8412698412698,377.428571428571,22.6133333333333,158.52,0.275
552,13,53.6758620689655,375.358620689655,22.5438620689655,157.650620689655,0.3
552,14,52.0381679389313,374.290076335878,21.8560305343511,157.201832061069,0.325
552,15,49.2537313432836,377.059701492537,20.6865671641791,158.365074626866,0.35
552,16,53.248,376.872,22.36416,158.28624,0.375
552,17,51.6,377.110344827586,21.672,158.386344827586,0.4
552,18,53.0153846153846,376.061538461538,22.2664615384615,157.945846153846,0.425
552,19,50.3809523809524,373.742857142857,21.16,156.972,0.45
552,20,43.7247706422018,371.834862385321,18.3644036697248,156.170642201835,0.475
553,9,490.353448275862,521.853448275862,205.948448275862,219.178448275862,0.2
553,10,487.164948453608,520.134020618557,204.609278350515,218.456288659794,0.225
553,11,484.657142857143,523.066666666667,203.556,219.688,0.25
553,12,489.886597938144,527.350515463918,205.752371134021,221.487216494845,0.275
553,13,497.68085106383,528.31914893617,209.025957446808,221.894042553191,0.3
553,14,507.860714285714,533.439285714286,213.3015,224.0445,0.325
553,15,510.020408163265,534.43537414966,214.208571428571,224.462857142857,0.35
553,16,510.711956521739,533.907608695652,214.49902173913,224.241195652174,0.375
553,17,515.048780487805,534.621951219512,216.320487804878,224.541219512195,0.4
553,18,518.178571428571,534.470238095238,217.635,224.4775,0.425
553,19,517.244047619048,530.696428571429,217.2425,222.8925,0.45
553,20,512.790322580645,527.05376344086,215.371935483871,221.362580645161,0.475
554,9,786.417391304348,598.060869565217,330.295304347826,251.185565217391,0.2
554,10,789.564935064935,593.37012987013,331.617272727273,249.215454545455,0.225
554,11,789.458015267176,592.297709923664,331.572366412214,248.765038167939,0.25
554,12,791.412698412698,590.325396825397,332.393333333333,247.936666666667,0.275
554,13,795.58947368421,595.273684210526,334.147578947368,250.014947368421,0.3
554,14,797.890909090909,594.472727272727,335.114181818182,249.678545454545,0.325
554,15,803.738562091503,592.901960784314,337.570196078431,249.018823529412,0.35
554,16,802.495798319328,592.915966386555,337.048235294118,249.024705882353,0.375
554,17,803.452830188679,591.471698113208,337.450188679245,248.418113207547,0.4
554,18,806.148514851485,596.336633663366,338.582376237624,250.461386138614,0.425
554,19,809.54128440367,594.642201834862,340.007339449541,249.749724770642,0.45
554,20,811.822368421053,589.730263157895,340.965394736842,247.686710526316,0.475
555,9,973.810810810811,624.216216216216,409.000540540541,262.170810810811,0.2
555,10,975.923076923077,624.961538461538,409.887692307692,262.483846153846,0.225
555,11,977.142857142857,625.164835164835,410.4,262.569230769231,0.25
555,12,979.439024390244,625.19512195122,411.364390243902,262.581951219512,0.275
555,13,977.012820512821,623.346153846154,410.345384615385,261.805384615385,0.3
555,14,974.59649122807,624.859649122807,409.330526315789,262.441052631579,0.325
555,15,976.6,623.685714285714,410.172,261.948,0.35
555,16,973.71875,622.625,408.961875,261.5025,0.375
555,17,970.619718309859,621.845070422535,407.660281690141,261.174929577465,0.4
555,18,969.10447761194,622.492537313433,407.023880597015,261.446865671642,0.425
555,19,968.672131147541,623.475409836066,406.842295081967,261.859672131148,0.45
555,20,971.548780487805,623.865853658537,408.050487804878,262.023658536585,0.475
556,9,1162.31932773109,659.134453781513,488.174117647059,276.836470588235,0.2
556,10,1160.26229508197,662.770491803279,487.310163934426,278.363606557377,0.225
556,11,1158.55172413793,662.784482758621,486.591724137931,278.369482758621,0.25
556,12,1160.89583333333,664.59375,487.57625,279.129375,0.275
556,13,1155.45454545455,663.857142857143,485.290909090909,278.82,0.3
556,14,1150.95238095238,658.542857142857,483.4,276.588,0.325
556,15,1146.256,659.256,481.42752,276.88752,0.35
556,16,1147.4537037037,657.138888888889,481.930555555556,275.998333333333,0.375
556,17,1147.96153846154,650.410256410256,482.143846153846,273.172307692308,0.4
556,18,1146.54700854701,646.538461538462,481.549743589744,271.546153846154,0.425
556,19,1144.37735849057,647.61320754717,480.638490566038,271.997547169811,0.45
556,20,1144.25,647.979166666667,480.585,272.15125,0.475
557,10,59.1,299.022222222222,24.822,125.589333333333,0.225
557,11,63.7941176470588,298.132352941176,26.7935294117647,125.215588235294,0.25
557,12,63.6582278481013,295.759493670886,26.7364556962025,124.218987341772,0.275
557,13,62.9,296.955555555556,26.418,124.721333333333,0.3
557,14,61.2244897959184,298.448979591837,25.7142857142857,125.348571428571,0.325
557,15,60.6344086021505,297.387096774194,25.4664516129032,124.902580645161,0.35
557,16,63.4158415841584,296.80198019802,26.6346534653465,124.656831683168,0.375
557,17,65.0760869565217,296.054347826087,27.3319565217391,124.342826086957,0.4
557,18,66.6477272727273,297.704545454545,27.9920454545455,125.035909090909,0.425
557,19,66.2405063291139,299.367088607595,27.8210126582278,125.73417721519,0.45
557,20,65.1571428571429,298.528571428571,27.366,125.382,0.475
558,10,181.184782608696,661.195652173913,76.0976086956522,277.702173913043,0.225
558,11,184.94623655914,656.139784946237,77.6774193548387,275.578709677419,0.25
558,12,187.677966101695,658.533898305085,78.8247457627119,276.584237288136,0.275
558,13,189.424242424242,661.818181818182,79.5581818181818,277.963636363636,0.3
558,14,187.091954022989,662.563218390805,78.5786206896552,278.276551724138,0.325
558,15,183.021978021978,664.604395604396,76.8692307692308,279.133846153846,0.35
558,16,178.699029126214,667.582524271845,75.0535922330097,280.384660194175,0.375
558,17,181.516949152542,669.677966101695,76.2371186440678,281.264745762712,0.4
558,18,179.390804597701,669.057471264368,75.3441379310345,281.004137931034,0.425
558,19,180.586206896552,667.919540229885,75.8462068965517,280.526206896552,0.45
558,20,182.333333333333,664.203703703704,76.58,278.965555555556,0.475
559,10,330.084337349398,447.451807228916,138.635421686747,187.929759036145,0.225
559,11,337.494296577947,440.821292775665,141.747604562738,185.144942965779,0.25
559,12,340.950495049505,440.30198019802,143.199207920792,184.926831683168,0.275
559,13,346.072916666667,438.583333333333,145.350625,184.205,0.3
559,14,343.014218009479,438.085308056872,144.065971563981,183.995829383886,0.325
559,15,341.116504854369,434.373786407767,143.268932038835,182.436990291262,0.35
559,16,339.657777777778,432.902222222222,142.656266666667,181.818933333333,0.375
559,17,342.772413793103,435.141379310345,143.964413793103,182.759379310345,0.4
559,18,340.113095238095,438.627976190476,142.8475,184.22375,0.425
559,19,339.979710144928,439.805797101449,142.79147826087,184.718434782609,0.45
559,20,344.323529411765,438.705882352941,144.615882352941,184.256470588235,0.475
560,10,605.552380952381,619.590476190476,254.332,260.228,0.225
560,11,604.974358974359,615.034188034188,254.089230769231,258.314358974359,0.25
560,12,605.692810457516,612.281045751634,254.390980392157,257.158039215686,0.275
560,13,605.872180451128,612.669172932331,254.466315789474,257.321052631579,0.3
560,14,617.19587628866,617.340206185567,259.222268041237,259.282886597938,0.325
560,15,619.378548895899,618.400630914826,260.138990536278,259.728264984227,0.35
560,16,617.972789115646,618.044217687075,259.548571428571,259.578571428571,0.375
560,17,618.175824175824,617.362637362637,259.633846153846,259.292307692308,0.4
560,18,619.409252669039,615.039145907473,260.151886120996,258.316441281139,0.425
560,19,623.504545454545,615.040909090909,261.871909090909,258.317181818182,0.45
560,20,624.409638554217,615.333333333333,262.252048192771,258.44,0.475
561,11,293.096330275229,221.596330275229,123.100458715596,93.0704587155963,0.25
561,12,290.643902439024,222.234146341463,122.07043902439,93.3383414634146,0.275
561,13,289.488479262673,224.405529953917,121.585161290323,94.2503225806451,0.3
561,14,287.461111111111,226.75,120.733666666667,95.235,0.325
561,15,283.718390804598,225.764367816092,119.161724137931,94.8210344827586,0.35
561,16,282.676855895197,226.471615720524,118.724279475983,95.1180786026201,0.375
561,17,281.342741935484,227.334677419355,118.163951612903,95.480564516129,0.4
561,18,276.529880478088,228.776892430279,116.142549800797,96.0862948207171,0.425
561,19,276.172413793103,227.965517241379,115.992413793103,95.7455172413793,0.45
561,20,267,231.558139534884,112.14,97.2544186046511,0.475
562,11,366.333333333333,726.827160493827,153.86,305.267407407407,0.25
562,12,364.279411764706,726.602941176471,152.997352941176,305.173235294118,0.275
562,13,364.27027027027,726.189189189189,152.993513513514,304.999459459459,0.3
562,14,362.01,723.71,152.0442,303.9582,0.325
562,15,363.821428571429,723.5625,152.805,303.89625,0.35
562,16,361.719101123596,722.674157303371,151.92202247191,303.523146067416,0.375
562,17,366.457627118644,720.457627118644,153.91220338983,302.592203389831,0.4
562,18,366.6,720.647619047619,153.972,302.672,0.425
562,19,371.206106870229,722.488549618321,155.906564885496,303.445190839695,0.45
562,20,374.028985507246,721.405797101449,157.092173913043,302.990434782609,0.475
563,11,465.577181208054,295.228187919463,195.542416107383,123.995838926174,0.25
563,12,458.72027972028,292.664335664336,192.662517482517,122.919020979021,0.275
563,13,453.115789473684,288.578947368421,190.308631578947,121.203157894737,0.3
563,14,454.181818181818,286.259090909091,190.756363636364,120.228818181818,0.325
563,15,451.645,284.21,189.6909,119.3682,0.35
563,16,456.034188034188,283.923076923077,191.534358974359,119.247692307692,0.375
563,17,461.576354679803,284.433497536946,193.862068965517,119.462068965517,0.4
563,18,468.657142857143,281.590476190476,196.836,118.268,0.425
563,19,471.790909090909,285.327272727273,198.152181818182,119.837454545455,0.45
563,20,473.972602739726,280.342465753425,199.068493150685,117.743835616438,0.475
564,11,716.176470588235,105.605882352941,300.794117647059,44.3544705882353,0.25
564,12,717.216931216931,111.063492063492,301.231111111111,46.6466666666667,0.275
564,13,716.68,113.342857142857,301.0056,47.604,0.3
564,14,718.985714285714,116.007142857143,301.974,48.723,0.325
564,15,725.75572519084,114.259541984733,304.817404580153,47.9890076335878,0.35
564,16,729.591715976331,115.526627218935,306.428520710059,48.5211834319527,0.375
564,17,733.550632911392,116.316455696203,308.091265822785,48.8529113924051,0.4
564,18,733.534722222222,120.986111111111,308.084583333333,50.8141666666667,0.425
564,19,723.973451327434,120.769911504425,304.068849557522,50.7233628318584,0.45
564,20,717.832,119.976,301.48944,50.38992,0.475
565,11,1069.79487179487,603.025641025641,449.313846153846,253.270769230769,0.25
565,12,1071.68932038835,608,450.109514563107,255.36,0.275
565,13,1077.8125,602.65625,452.68125,253.115625,0.3
565,14,1081.02234636872,613.988826815642,454.02938547486,257.87530726257,0.325
565,15,1072.70454545455,619.772727272727,450.535909090909,260.304545454545,0.35
565,16,1074.09090909091,623.409090909091,451.118181818182,261.831818181818,0.375
565,17,1076.6862745098,618.098039215686,452.208235294118,259.601176470588,0.4
565,18,1077.1015625,616.8515625,452.38265625,259.07765625,0.425
565,19,1082.5364806867,627.635193133047,454.665321888412,263.60678111588,0.45
565,20,1084.98039215686,624.970588235294,455.691764705882,262.487647058824,0.475
566,12,62.0263157894737,593.008771929825,26.0510526315789,249.063684210526,0.275
566,13,59.0948275862069,593.836206896552,24.8198275862069,249.411206896552,0.3
566,14,56.9652777777778,595.6875,23.9254166666667,250.18875,0.325
566,15,54.7052631578947,599.778947368421,22.9762105263158,251.907157894737,0.35
566,16,52.0974025974026,599.233766233766,21.8809090909091,251.678181818182,0.375
566,17,54.1294964028777,598.431654676259,22.7343884892086,251.341294964029,0.4
566,18,49.8817733990148,601.044334975369,20.9503448275862,252.438620689655,0.425
566,19,48.0902255639098,601.428571428571,20.1978947368421,252.6,0.45
566,20,45.4503816793893,600.908396946565,19.0891603053435,252.381526717557,0.475
567,12,79.4871794871795,298,33.3846153846154,125.16,0.275
567,13,80.3444444444444,292.366666666667,33.7446666666667,122.794,0.3
567,14,76.2903225806452,292.112903225806,32.041935483871,122.687419354839,0.325
567,15,80.6767676767677,288.353535353535,33.8842424242424,121.108484848485,0.35
567,16,83.8282828282828,287.727272727273,35.2078787878788,120.845454545455,0.375
567,17,90.7699115044248,289.141592920354,38.1233628318584,121.439469026549,0.4
567,18,89.6212121212121,285.606060606061,37.6409090909091,119.954545454545,0.425
567,19,83.3728813559322,280.932203389831,35.0166101694915,117.991525423729,0.45
567,20,77.9834710743802,277.049586776859,32.7530578512397,116.360826446281,0.475
568,12,471.450199203187,399.94422310757,198.009083665339,167.976573705179,0.275
568,13,466.627530364372,396.380566801619,195.983562753036,166.47983805668,0.3
568,14,466.187878787879,394.569696969697,195.798909090909,165.719272727273,0.325
568,15,459.782945736434,393.077519379845,193.108837209302,165.092558139535,0.35
568,16,459.257352941176,384.867647058824,192.888088235294,161.644411764706,0.375
568,17,460.51572327044,381.786163522013,193.416603773585,160.350188679245,0.4
568,18,457.460784313725,379.343137254902,192.133529411765,159.324117647059,0.425
568,19,461.5390625,375.7265625,193.84640625,157.80515625,0.45
568,20,461.993902439024,370.908536585366,194.03743902439,155.781585365854,0.475
569,12,798.785185185185,410.585185185185,335.489777777778,172.445777777778,0.275
569,13,796.927631578947,408.203947368421,334.709605263158,171.445657894737,0.3
569,14,803.9125,404.9,337.64325,170.058,0.325
569,15,801.653846153846,400.015384615385,336.694615384615,168.006461538462,0.35
569,16,799.393548387097,400.245161290323,335.745290322581,168.102967741935,0.375
569,17,796.380281690141,400.56338028169,334.479718309859,168.23661971831,0.4
569,18,791.363636363636,404,332.372727272727,169.68,0.425
569,19,788.206666666667,401.48,331.0468,168.6216,0.45
569,20,788.630434782609,400.076086956522,331.224782608696,168.031956521739,0.475
570,12,855.010471204188,137.20942408377,359.104397905759,57.6279581151832,0.275
570,13,854.623711340206,136.778350515464,358.941958762887,57.4469072164948,0.3
570,14,854.430107526882,136.220430107527,358.86064516129,57.2125806451613,0.325
570,15,855.26455026455,137.777777777778,359.211111111111,57.8666666666667,0.35
570,16,855.572972972973,138.545945945946,359.340648648649,58.1892972972973,0.375
570,17,856.212643678161,138.413793103448,359.609310344828,58.1337931034483,0.4
570,18,856.39010989011,138.230769230769,359.683846153846,58.0569230769231,0.425
570,19,858.75974025974,139.798701298701,360.679090909091,58.7154545454545,0.45
570,20,860.488235294118,139.023529411765,361.405058823529,58.3898823529412,0.475
571,13,524.755395683453,412.381294964029,220.39726618705,173.200143884892,0.3
571,14,523.023668639053,414.437869822485,219.669940828402,174.063905325444,0.325
571,15,525.518072289157,418.289156626506,220.717590361446,175.681445783133,0.35
571,16,525.320261437908,419.490196078431,220.634509803922,176.185882352941,0.375
571,17,523.391025641026,421.884615384615,219.824230769231,177.191538461538,0.4
571,18,526.689189189189,426.641891891892,221.209459459459,179.189594594595,0.425
571,19,526.627329192547,429.366459627329,221.18347826087,180.333913043478,0.45
571,20,524.2375,428.25625,220.17975,179.867625,0.475
572,13,697.873417721519,169.759493670886,293.106835443038,71.2989873417721,0.3
572,14,695.532374100719,172.280575539568,292.123597122302,72.3578417266187,0.325
572,15,703.104761904762,181.587301587302,295.304,76.2666666666667,0.35
572,16,706.304918032787,181.740983606557,296.64806557377,76.3312131147541,0.375
572,17,707.824267782427,181.209205020921,297.286192468619,76.1078661087866,0.4
572,18,705.375796178344,180.875796178344,296.257834394904,75.9678343949045,0.425
572,19,704.464419475655,181.191011235955,295.875056179775,76.1002247191011,0.45
572,20,706.15668202765,181.995391705069,296.585806451613,76.438064516129,0.475
573,13,1118.02,244.32,469.5684,102.6144,0.3
573,14,1117.84615384615,244.365384615385,469.495384615385,102.633461538462,0.325
573,15,1117.32692307692,245.153846153846,469.277307692308,102.964615384615,0.35
573,16,1117.32692307692,245.153846153846,469.277307692308,102.964615384615,0.375
573,17,1117.77586206897,244.775862068966,469.465862068966,102.805862068966,0.4
573,18,1117.92727272727,244.109090909091,469.529454545455,102.525818181818,0.425
573,19,1117.79661016949,243.830508474576,469.474576271186,102.408813559322,0.45
573,20,1117.38596491228,243.982456140351,469.302105263158,102.472631578947,0.475
574,13,1207.29591836735,150.887755102041,507.064285714286,63.3728571428571,0.3
574,14,1210.91338582677,151.433070866142,508.583622047244,63.6018897637795,0.325
574,15,1210.72027972028,146.321678321678,508.502517482517,61.4551048951049,0.35
574,16,1213.02608695652,142.217391304348,509.470956521739,59.7313043478261,0.375
574,17,1204.8202247191,141.640449438202,506.024494382022,59.4889887640449,0.4
574,18,1199.95652173913,137.634782608696,503.981739130435,57.8066086956522,0.425
574,19,1194.62376237624,139.217821782178,501.74198019802,58.4714851485149,0.45
574,20,1197.02083333333,133.84375,502.74875,56.214375,0.475
575,13,1216.25961538462,71.3076923076923,510.829038461538,29.9492307692308,0.3
575,14,1215.14074074074,66.1185185185185,510.359111111111,27.7697777777778,0.325
575,15,1220.79020979021,62.4825174825175,512.731888111888,26.2426573426573,0.35
575,16,1219.47126436782,60.8965517241379,512.177931034483,25.5765517241379,0.375
575,17,1225.08196721311,67.9016393442623,514.534426229508,28.5186885245902,0.4
575,18,1230.47540983607,74,516.799672131148,31.08,0.425
575,19,1234.75652173913,77.0086956521739,518.597739130435,32.343652173913,0.45
575,20,1238.21186440678,77.7966101694915,520.048983050847,32.6745762711864,0.475
576,14,106.330188679245,353.037735849057,44.658679245283,148.275849056604,0.325
576,15,107.172839506173,353.259259259259,45.0125925925926,148.368888888889,0.35
576,16,94.5774647887324,348.609154929577,39.7225352112676,146.415845070423,0.375
576,17,94.472027972028,344.195804195804,39.6782517482517,144.562237762238,0.4
576,18,96.5598455598456,340.826254826255,40.5551351351351,143.147027027027,0.425
576,19,99.5022421524664,342.968609865471,41.7909417040359,144.046816143498,0.45
576,20,97.4605263157895,342.059210526316,40.9334210526316,143.664868421053,0.475
577,14,115.476510067114,448.677852348993,48.5001342281879,188.444697986577,0.325
577,15,109.54609929078,448.624113475177,46.0093617021277,188.422127659574,0.35
577,16,108.174825174825,450.72027972028,45.4334265734266,189.302517482517,0.375
577,17,107.804195804196,448.93006993007,45.2777622377622,188.550629370629,0.4
577,18,104.503816793893,452.847328244275,43.8916030534351,190.195877862595,0.425
577,19,109.7375,453.85625,46.08975,190.619625,0.45
577,20,113.666666666667,455.035714285714,47.74,191.115,0.475
578,14,506.159763313609,634.479289940828,212.587100591716,266.481301775148,0.325
578,15,499.596273291925,628.316770186335,209.830434782609,263.893043478261,0.35
578,16,499.70253164557,626.113924050633,209.875063291139,262.967848101266,0.375
578,17,498.71568627451,622.725490196078,209.460588235294,261.544705882353,0.4
578,18,495.730769230769,627.961538461538,208.206923076923,263.743846153846,0.425
578,19,492.874015748031,629.858267716535,207.007086614173,264.540472440945,0.45
578,20,490.805825242718,631.495145631068,206.138446601942,265.227961165049,0.475
579,14,540.626315789474,506.794736842105,227.063052631579,212.853789473684,0.325
579,15,540.502590673575,506.60103626943,227.011088082902,212.772435233161,0.35
579,16,540.594059405941,506.866336633663,227.049504950495,212.883861386139,0.375
579,17,540.832402234637,505.810055865922,227.149608938547,212.440223463687,0.4
579,18,541.286516853933,505.129213483146,227.340337078652,212.154269662921,0.425
579,19,541.859756097561,504.189024390244,227.581097560976,211.759390243902,0.45
579,20,541.553191489362,502.86524822695,227.452340425532,211.203404255319,0.475
580,14,964.777777777778,587.616161616162,405.206666666667,246.798787878788,0.325
580,15,965.138888888889,587.263888888889,405.358333333333,246.650833333333,0.35
580,16,972.494736842105,586.473684210526,408.447789473684,246.318947368421,0.375
580,17,984.123333333333,582.28,413.3318,244.5576,0.4
580,18,985.169154228856,582.731343283582,413.771044776119,244.747164179104,0.425
580,19,985.246696035242,583.15859030837,413.803612334802,244.926607929515,0.45
580,20,992.517730496454,586.815602836879,416.857446808511,246.462553191489,0.475
581,14,1293.93442622951,221.868852459016,543.452459016394,93.1849180327869,0.325
581,15,1294.11320754717,221.830188679245,543.527547169811,93.168679245283,0.35
581,16,1293.01470588235,221.441176470588,543.066176470588,93.0052941176471,0.375
581,17,1290.05172413793,220.396551724138,541.821724137931,92.5665517241379,0.4
581,18,1286.88888888889,218.214285714286,540.493333333333,91.65,0.425
581,19,1284.264,217.576,539.39088,91.38192,0.45
581,20,1284.81294964029,216.68345323741,539.621438848921,91.0070503597122,0.475
582,15,2.28571428571429,16.1111111111111,0.96,6.76666666666667,0.35
582,16,2.29090909090909,17.6181818181818,0.962181818181818,7.39963636363636,0.375
582,17,8.5615763546798,8.49753694581281,3.59586206896552,3.56896551724138,0.4
582,18,9.17647058823529,3.89411764705882,3.85411764705882,1.63552941176471,0.425
582,19,8.39130434782609,9.54940711462451,3.52434782608696,4.01075098814229,0.45
582,20,9.0796178343949,9.80254777070064,3.81343949044586,4.11707006369427,0.475
583,15,428.174757281553,117.796116504854,179.833398058252,49.4743689320388,0.35
583,16,425.404761904762,117.301587301587,178.67,49.2666666666667,0.375
583,17,425.91452991453,119.863247863248,178.884102564103,50.3425641025641,0.4
583,18,427.25,122.88,179.445,51.6096,0.425
583,19,429.070422535211,125.281690140845,180.209577464789,52.6183098591549,0.45
583,20,423.941176470588,129.549019607843,178.055294117647,54.4105882352941,0.475
584,15,479.666666666667,405.722222222222,201.46,170.403333333333,0.35
584,16,476.112903225806,415.822580645161,199.967419354839,174.645483870968,0.375
584,17,474.097345132743,414.840707964602,199.120884955752,174.233097345133,0.4
584,18,475.221052631579,412.968421052632,199.592842105263,173.446736842105,0.425
584,19,476.316666666667,411.741666666667,200.053,172.9315,0.45
584,20,480.56,416.106666666667,201.8352,174.7648,0.475
585,15,493.150442477876,536.814159292035,207.123185840708,225.461946902655,0.35
585,16,491.525862068966,540.241379310345,206.440862068966,226.901379310345,0.375
585,17,490.460526315789,542.065789473684,205.993421052632,227.667631578947,0.4
585,18,489.288659793814,543.505154639175,205.501237113402,228.272164948454,0.425
585,19,492.634615384615,543.355769230769,206.906538461538,228.209423076923,0.45
585,20,493.554545454545,539.7,207.292909090909,226.674,0.475
586,15,805.377049180328,727.967213114754,338.258360655738,305.746229508197,0.35
586,16,808.734939759036,726.951807228916,339.668674698795,305.319759036145,0.375
586,17,804.189189189189,723.963963963964,337.759459459459,304.064864864865,0.4
586,18,806.818181818182,721.681818181818,338.863636363636,303.106363636364,0.425
586,19,801.934579439252,722.831775700935,336.812523364486,303.589345794393,0.45
586,20,796.217391304348,722.539130434783,334.411304347826,303.466434782609,0.475
587,15,1007.57692307692,150.25,423.182307692308,63.105,0.35
587,16,1007.81666666667,150.683333333333,423.283,63.287,0.375
587,17,1005.95714285714,151.228571428571,422.502,63.516,0.4
587,18,1006.04411764706,151.014705882353,422.538529411765,63.4261764705882,0.425
587,19,1005.62857142857,151.271428571429,422.364,63.534,0.45
587,20,1005.84375,150.3125,422.454375,63.13125,0.475
588,16,440.184357541899,463.145251396648,184.877430167598,194.521005586592,0.375
588,17,439.915730337079,464.112359550562,184.764606741573,194.927191011236,0.4
588,18,439.252808988764,465.202247191011,184.486179775281,195.384943820225,0.425
588,19,439.922222222222,466.327777777778,184.767333333333,195.857666666667,0.45
588,20,440.623036649215,467.041884816754,185.06167539267,196.157591623037,0.475
589,16,554.804347826087,386.847826086957,233.017826086957,162.476086956522,0.375
589,17,555.7,381.78,233.394,160.3476,0.4
589,18,556.687074829932,380.52380952381,233.808571428571,159.82,0.425
589,19,562.603773584906,380.820754716981,236.29358490566,159.944716981132,0.45
589,20,570.09219858156,385.609929078014,239.438723404255,161.956170212766,0.475
590,16,647.858910891089,347.631188118812,272.100742574257,146.005099009901,0.375
590,17,647.910447761194,347.771144278607,272.122388059702,146.063880597015,0.4
590,18,647.973821989529,348.149214659686,272.149005235602,146.222670157068,0.425
590,19,648.06052631579,347.723684210526,272.185421052632,146.043947368421,0.45
590,20,648.05974025974,347.955844155844,272.185090909091,146.141454545455,0.475
591,17,7.06542056074766,131.299065420561,2.96747663551402,55.1456074766355,0.4
591,18,7.768,132.496,3.26256,55.64832,0.425
591,19,10.3481481481481,133.459259259259,4.34622222222222,56.0528888888889,0.45
591,20,10.6978417266187,134.151079136691,4.49309352517986,56.3434532374101,0.475
592,17,290.363636363636,727.472727272727,121.952727272727,305.538545454545,0.4
592,18,290.240740740741,727.277777777778,121.901111111111,305.456666666667,0.425
592,19,290.448275862069,727.103448275862,121.988275862069,305.383448275862,0.45
592,20,290.836363636364,727.090909090909,122.151272727273,305.378181818182,0.475
593,17,413.045454545455,5.63636363636364,173.479090909091,2.36727272727273,0.4
593,18,412.495238095238,8.87619047619048,173.248,3.728,0.425
593,19,407.767857142857,5.97321428571429,171.2625,2.50875,0.45
593,20,403.865546218487,5.47058823529412,169.623529411765,2.29764705882353,0.475
594,17,543.445714285714,162.954285714286,228.2472,68.4408,0.4
594,18,547.608490566038,161.900943396226,229.995566037736,67.9983962264151,0.425
594,19,547.634615384615,159.649038461538,230.006538461538,67.0525961538462,0.45
594,20,544.020979020979,157.258741258741,228.488811188811,66.0486713286713,0.475
595,17,569.063492063492,155.619047619048,239.006666666667,65.36,0.4
595,18,567.569230769231,161.092307692308,238.379076923077,67.6587692307692,0.425
595,19,568.111111111111,161.640522875817,238.606666666667,67.8890196078431,0.45
595,20,564.48,162.006666666667,237.0816,68.0428,0.475
596,17,1065.32653061224,593.561224489796,447.437142857143,249.295714285714,0.4
596,18,1066.35294117647,592.546218487395,447.868235294118,248.869411764706,0.425
596,19,1063.03623188406,588.115942028986,446.475217391304,247.008695652174,0.45
596,20,1062.90833333333,583.575,446.4215,245.1015,0.475
597,17,1181.65901639344,644.108196721312,496.296786885246,270.525442622951,0.4
597,18,1182.36594202899,644.402173913043,496.593695652174,270.648913043478,0.425
597,19,1187.21875,643.8125,498.631875,270.40125,0.45
597,20,1187.73271889401,644.695852534562,498.847741935484,270.772258064516,0.475
598,17,1184.78,66.9733333333333,497.6076,28.1288,0.4
598,18,1181.43949044586,64.9617834394904,496.204585987261,27.283949044586,0.425
598,19,1181.80575539568,65.589928057554,496.358417266187,27.5477697841727,0.45
598,20,1178.20437956204,65.4525547445255,494.845839416058,27.4900729927007,0.475
599,17,1189.37894736842,686.631578947368,499.539157894737,288.385263157895,0.4
599,18,1190.65263157895,686.252631578947,500.074105263158,288.226105263158,0.425
599,19,1192.8,684.711111111111,500.976,287.578666666667,0.45
599,20,1197.4156626506,684.963855421687,502.914578313253,287.684819277108,0.475
600,18,29.3768115942029,376.463768115942,12.3382608695652,158.114782608696,0.425
600,19,30.3,376.7,12.726,158.214,0.45
600,20,28.3333333333333,378.125,11.9,158.8125,0.475
601,18,101.393333333333,303.993333333333,42.5852,127.6772,0.425
601,19,105.166666666667,308.359649122807,44.17,129.511052631579,0.45
601,20,109.988764044944,298.865168539326,46.1952808988764,125.523370786517,0.475
602,18,124.660550458716,51.3211009174312,52.3574311926605,21.5548623853211,0.425
602,19,120.932038834951,53.2912621359223,50.7914563106796,22.3823300970874,0.45
602,20,123.285714285714,46.6122448979592,51.78,19.5771428571429,0.475
603,18,538.490566037736,339.710691823899,226.166037735849,142.678490566038,0.425
603,19,538.622047244094,344.889763779528,226.22125984252,144.853700787402,0.45
603,20,536.957446808511,344.439716312057,225.522127659574,144.664680851064,0.475
604,18,586.286956521739,657.686956521739,246.24052173913,276.22852173913,0.425
604,19,588.150943396226,656.547169811321,247.023396226415,275.749811320755,0.45
604,20,583.688311688312,652.844155844156,245.149090909091,274.194545454545,0.475
605,18,683.449367088608,544.506329113924,287.048734177215,228.692658227848,0.425
605,19,686.597633136095,545.420118343195,288.37100591716,229.076449704142,0.45
605,20,688.01775147929,544.076923076923,288.967455621302,228.512307692308,0.475
606,18,730,674.769230769231,306.6,283.403076923077,0.425
606,19,729.692307692308,674.961538461538,306.470769230769,283.483846153846,0.45
606,20,729.730769230769,675.115384615385,306.486923076923,283.548461538462,0.475
607,18,1134.60714285714,446.232142857143,476.535,187.4175,0.425
607,19,1134.17307692308,446.269230769231,476.352692307692,187.433076923077,0.45
607,20,1134.84482758621,447.293103448276,476.634827586207,187.863103448276,0.475
608,18,1164.82666666667,235.4,489.2272,98.868,0.425
608,19,1162.05319148936,237.851063829787,488.062340425532,99.8974468085106,0.45
608,20,1162.00900900901,239.477477477477,488.043783783784,100.580540540541,0.475
609,19,87.0807453416149,383.242236024845,36.5739130434783,160.961739130435,0.45
609,20,80.7536231884058,382.420289855072,33.9165217391304,160.61652173913,0.475
610,19,132.792452830189,139.849056603774,55.7728301886792,58.7366037735849,0.45
610,20,132.833333333333,139.925925925926,55.79,58.7688888888889,0.475
611,19,167.807228915663,4.50602409638554,70.4790361445783,1.89253012048193,0.45
611,20,162.956043956044,4.12087912087912,68.4415384615385,1.73076923076923,0.475
612,19,649.033898305085,665.161016949153,272.594237288136,279.367627118644,0.45
612,20,654.210526315789,666.989473684211,274.768421052632,280.135578947368,0.475
613,19,673.333333333333,451.21568627451,282.8,189.510588235294,0.45
613,20,673.42,451.04,282.8364,189.4368,0.475
614,19,765.815384615385,227.984615384615,321.642461538462,95.7535384615385,0.45
614,20,765.347222222222,228.791666666667,321.445833333333,96.0925,0.475
615,19,908.314516129032,246.451612903226,381.492096774194,103.509677419355,0.45
615,20,895.839116719243,238.694006309148,376.252429022082,100.251482649842,0.475
616,19,981.923809523809,691.571428571429,412.408,290.46,0.45
616,20,977.561983471074,694.446280991736,410.576033057851,291.667438016529,0.475
617,19,1001.68794326241,475.354609929078,420.708936170213,199.648936170213,0.45
617,20,1005.01470588235,475.492647058824,422.106176470588,199.706911764706,0.475
618,19,1172.51685393258,633.820224719101,492.457078651685,266.204494382022,0.45
618,20,1174.18604651163,628.984496124031,493.158139534884,264.173488372093,0.475
619,19,1248.63636363636,647.836363636364,524.427272727273,272.091272727273,0.45
619,20,1247.66071428571,645.910714285714,524.0175,271.2825,0.475
620,20,115.177215189873,341.113924050633,48.3744303797468,143.267848101266,0.475
621,20,124.880341880342,256.367521367521,52.4497435897436,107.674358974359,0.475
622,20,216.527272727273,725.836363636364,90.9414545454545,304.851272727273,0.475
623,20,233.234042553192,149.397163120567,97.9582978723404,62.7468085106383,0.475
624,20,285.669230769231,224.161538461538,119.981076923077,94.1478461538462,0.475
625,20,306.2,392.44,128.604,164.8248,0.475
626,20,323.32,441.133333333333,135.7944,185.276,0.475
627,20,363.666666666667,436.722222222222,152.74,183.423333333333,0.475
628,20,630.209677419355,122.983870967742,264.688064516129,51.6532258064516,0.475
629,20,742.823529411765,90.1764705882353,311.985882352941,37.8741176470588,0.475
630,20,934.979166666667,250.989583333333,392.69125,105.415625,0.475
631,20,950.04,416.7,399.0168,175.014,0.475
632,20,974.413043478261,578.913043478261,409.25347826087,243.14347826087,0.475
633,20,1025.76470588235,427.862745098039,430.821176470588,179.702352941176,0.475
